{"title":"Everyday","id":10085,"url":"http://www.archiveofourown.com/works/10085","author":"wanderlustlover","author_url":"http://archiveofourown.org/users/wanderlustlover/pseuds/wanderlustlover","date":"2001-10-24T04:00:00.000Z","fanfic":{"story":[],"summary":[]},"summary":"Byron's view of his world at the beginning of the telepath involvement in season five.","stats":{"language":"English","words":979,"hits":95,"kudos":2,"bookmarks":0,"comments":0,"chapters":{"released":1,"total":1}},"tags":{"warnings":[{"name":"No Archive Warnings Apply","url":"http://archiveofourown.org/tags/No%20Archive%20Warnings%20Apply/works"}],"relationships":[{"name":"Byron Gordon/Lyta Alexander","url":"http://archiveofourown.org/tags/Byron%20Gordon*s*Lyta%20Alexander/works"}],"characters":[{"name":"Byron Gordon","url":"http://archiveofourown.org/tags/Byron%20Gordon/works"},{"name":"Lyta Alexander","url":"http://archiveofourown.org/tags/Lyta%20Alexander/works"}]}}