{"title":"Follow These Instructions","id":102620,"url":"http://www.archiveofourown.com/works/102620","author":"slightlyjillian","author_url":"http://archiveofourown.org/users/slightlyjillian/pseuds/slightlyjillian","date":"2010-07-22T04:00:00.000Z","fanfic":{"story":[],"summary":[]},"summary":"Mafia AU stand-alone. Dorothy's missing. Nichol's gone to find her, but he can't navigate the mafia underground by himself.","stats":{"language":"English","words":6,"hits":167,"kudos":0,"bookmarks":0,"comments":0,"chapters":{"released":1,"total":1}},"tags":{"warnings":[{"name":"No Archive Warnings Apply","url":"http://archiveofourown.org/tags/No%20Archive%20Warnings%20Apply/works"}],"relationships":[{"name":"Dorothy Catalonia/Quatre Raberba Winner","url":"http://archiveofourown.org/tags/Dorothy%20Catalonia*s*Quatre%20Raberba%20Winner/works"},{"name":"Dorothy Catalonia/Nichol","url":"http://archiveofourown.org/tags/Dorothy%20Catalonia*s*Nichol/works"},{"name":"Trowa Barton/Nichol","url":"http://archiveofourown.org/tags/Trowa%20Barton*s*Nichol/works"}],"characters":[{"name":"Catherine Bloom","url":"http://archiveofourown.org/tags/Catherine%20Bloom/works"},{"name":"Dorothy Catalonia","url":"http://archiveofourown.org/tags/Dorothy%20Catalonia/works"},{"name":"Quatre Raberba Winner","url":"http://archiveofourown.org/tags/Quatre%20Raberba%20Winner/works"},{"name":"Nichol","url":"http://archiveofourown.org/tags/Nichol/works"},{"name":"Trowa Barton","url":"http://archiveofourown.org/tags/Trowa%20Barton/works"},{"name":"Lady Une","url":"http://archiveofourown.org/tags/Lady%20Une/works"},{"name":"Aretha Walker","url":"http://archiveofourown.org/tags/Aretha%20Walker/works"}],"freeforms":[{"name":"Alternate Universe","url":"http://archiveofourown.org/tags/Alternate%20Universe/works"},{"name":"mafia","url":"http://archiveofourown.org/tags/mafia/works"},{"name":"Fluff","url":"http://archiveofourown.org/tags/Fluff/works"}]}}