{"title":"Hold","id":103887,"url":"http://www.archiveofourown.com/works/103887","author":"zeldadestry","author_url":"http://archiveofourown.org/users/zeldadestry/pseuds/zeldadestry","date":"2010-07-28T04:00:00.000Z","fanfic":{"story":[],"summary":[]},"summary":"You never got another chance.","stats":{"language":"English","words":600,"hits":56,"kudos":0,"bookmarks":0,"comments":0,"chapters":{"released":1,"total":1}},"tags":{"warnings":[{"name":"Creator Chose Not To Use Archive Warnings","url":"http://archiveofourown.org/tags/Choose%20Not%20To%20Use%20Archive%20Warnings/works"}],"relationships":[{"name":"Heather/Kevin Volchok","url":"http://archiveofourown.org/tags/Heather*s*Kevin%20Volchok/works"},{"name":"Kevin Volchok/Marissa Cooper","url":"http://archiveofourown.org/tags/Kevin%20Volchok*s*Marissa%20Cooper/works"}],"characters":[{"name":"Heather","url":"http://archiveofourown.org/tags/Heather/works"}],"freeforms":[{"name":"Community: 100_women","url":"http://archiveofourown.org/tags/Community:%20100_women/works"},{"name":"POV Second Person","url":"http://archiveofourown.org/tags/POV%20Second%20Person/works"}]}}