{"title":"Phantom of the S.O.L., Episode Two: \"Disregard at Your Peril\"","id":103921,"url":"http://www.archiveofourown.com/works/103921","author":"dark_roast","author_url":"http://archiveofourown.org/users/dark_roast/pseuds/dark_roast","date":"2006-03-14T05:00:00.000Z","fanfic":{"story":[],"summary":[]},"summary":"Episode(s) Referenced: General (circa Season Five); also the Vincent Price version of \"House on Haunted Hill.\"<br>Script format.","stats":{"language":"English","words":897,"hits":81,"kudos":1,"bookmarks":0,"comments":0,"chapters":{"released":1,"total":1}},"tags":{"warnings":[{"name":"No Archive Warnings Apply","url":"http://archiveofourown.org/tags/No%20Archive%20Warnings%20Apply/works"}],"characters":[{"name":"Mike Nelso","url":"http://archiveofourown.org/tags/Mike%20Nelso/works"},{"name":"Crow T. Robot","url":"http://archiveofourown.org/tags/Crow%20T*d*%20Robot/works"},{"name":"Gypsy - Character","url":"http://archiveofourown.org/tags/Gypsy%20-%20Character/works"},{"name":"Tom Servo","url":"http://archiveofourown.org/tags/Tom%20Servo/works"}]}}