{"title":"Dream of the Dead","id":104626,"url":"http://www.archiveofourown.com/works/104626","author":"Scarimonious","author_url":"http://archiveofourown.org/users/Scarimonious/pseuds/Scarimonious","date":"2010-08-01T04:00:00.000Z","fanfic":{"story":[],"summary":[]},"summary":"From a couple of inception_kink prompts: Ariadne builds a post-apocalyptic dreamscape for an extraction job. When the team goes in, they find that the subject's projections are all zombies. Eames/Arthur/Ariadne working together smoothly as a team.","stats":{"language":"English","words":2,"hits":460,"kudos":6,"bookmarks":1,"comments":2,"chapters":{"released":1,"total":1}},"tags":{"warnings":[{"name":"No Archive Warnings Apply","url":"http://archiveofourown.org/tags/No%20Archive%20Warnings%20Apply/works"}],"characters":[{"name":"Eames (Inception)","url":"http://archiveofourown.org/tags/Eames%20(Inception)/works"},{"name":"Arthur (Inception)","url":"http://archiveofourown.org/tags/Arthur%20(Inception)/works"},{"name":"Ariadne (Inception)","url":"http://archiveofourown.org/tags/Ariadne%20(Inception)/works"}],"freeforms":[{"name":"Zombies","url":"http://archiveofourown.org/tags/Zombies/works"}]}}