{"title":"Not an Ending but a Beginning","id":105037,"url":"http://www.archiveofourown.com/works/105037","author":"exbex","author_url":"http://archiveofourown.org/users/exbex/pseuds/exbex","date":"2010-08-03T04:00:00.000Z","fanfic":{"story":[],"summary":[]},"stats":{"language":"English","words":356,"hits":114,"kudos":2,"bookmarks":0,"comments":2,"chapters":{"released":1,"total":1}},"tags":{"warnings":[{"name":"No Archive Warnings Apply","url":"http://archiveofourown.org/tags/No%20Archive%20Warnings%20Apply/works"}],"relationships":[{"name":"Geoffrey/Ellen","url":"http://archiveofourown.org/tags/Geoffrey*s*Ellen/works"}]}}