{"title":"Underneath The Concrete It's All Desert Anyway","id":106146,"url":"http://www.archiveofourown.com/works/106146","author":"DarchangelSkye","author_url":"http://archiveofourown.org/users/DarchangelSkye/pseuds/DarchangelSkye","date":"2010-08-08T04:00:00.000Z","fanfic":{"story":[],"summary":[]},"summary":"\"And that could've been you.\"","stats":{"language":"English","words":1,"hits":74,"kudos":0,"bookmarks":0,"comments":0,"chapters":{"released":1,"total":1}},"tags":{"warnings":[{"name":"No Archive Warnings Apply","url":"http://archiveofourown.org/tags/No%20Archive%20Warnings%20Apply/works"}],"relationships":[{"name":"Drew Wright/Gary Morissette","url":"http://archiveofourown.org/tags/Drew%20Wright*s*Gary%20Morissette/works"}],"characters":[{"name":"Drew Wright","url":"http://archiveofourown.org/tags/Drew%20Wright/works"},{"name":"Gary Morissette","url":"http://archiveofourown.org/tags/Gary%20Morissette/works"}],"freeforms":[{"name":"Wordcount: 100-2.000","url":"http://archiveofourown.org/tags/Wordcount:%20100-2*d*000/works"},{"name":"Written in 2008","url":"http://archiveofourown.org/tags/Written%20in%202008/works"},{"name":"Heart-to-Heart","url":"http://archiveofourown.org/tags/Heart-to-Heart/works"},{"name":"Originally Posted on LiveJournal","url":"http://archiveofourown.org/tags/Originally%20Posted%20on%20LiveJournal/works"}]}}