{"title":"Interruptions","id":106456,"url":"http://www.archiveofourown.com/works/106456","author":"exbex","author_url":"http://archiveofourown.org/users/exbex/pseuds/exbex","date":"2010-08-10T04:00:00.000Z","fanfic":{"story":[],"summary":[]},"stats":{"language":"English","words":1,"hits":111,"kudos":7,"bookmarks":0,"comments":0,"chapters":{"released":1,"total":1}},"tags":{"warnings":[{"name":"No Archive Warnings Apply","url":"http://archiveofourown.org/tags/No%20Archive%20Warnings%20Apply/works"}],"relationships":[{"name":"Fraser/Vecchio","url":"http://archiveofourown.org/tags/Fraser*s*Vecchio/works"}]}}