{"title":"as puzzled as a newborn child","id":106749,"url":"http://www.archiveofourown.com/works/106749","author":"badass_normal","author_url":"http://archiveofourown.org/users/badass_normal/pseuds/badass_normal","date":"2010-08-02T04:00:00.000Z","fanfic":{"story":[],"summary":[]},"summary":"He worships her.","stats":{"language":"English","words":638,"hits":0,"kudos":1,"bookmarks":0,"comments":0,"chapters":{"released":1,"total":1}},"tags":{"warnings":[{"name":"Creator Chose Not To Use Archive Warnings","url":"http://archiveofourown.org/tags/Choose%20Not%20To%20Use%20Archive%20Warnings/works"}],"relationships":[{"name":"Clementine Ford/Zach","url":"http://archiveofourown.org/tags/Clementine%20Ford*s*Zach/works"}]}}