{"title":"Fidelity","id":10706,"url":"http://www.archiveofourown.com/works/10706","author":"grey_sw (grey)","author_url":"http://archiveofourown.org/users/grey/pseuds/grey_sw","date":"2009-11-15T05:00:00.000Z","fanfic":{"story":[],"summary":[]},"summary":"\"Not to worry. It's late, so it's nice and quiet in here,\" he said. \"'Sides, it's an indisputable fact: nobody ever thinks to bug the bathroom.\" A conversation between Cavil and Shelley Godfrey, during Six Degrees of Separation.","stats":{"language":"English","words":963,"hits":83,"kudos":0,"bookmarks":0,"comments":0,"chapters":{"released":1,"total":1}},"tags":{"warnings":[{"name":"No Archive Warnings Apply","url":"http://archiveofourown.org/tags/No%20Archive%20Warnings%20Apply/works"}],"characters":[{"name":"Shelley Godfrey","url":"http://archiveofourown.org/tags/Shelley%20Godfrey/works"},{"name":"Cavil","url":"http://archiveofourown.org/tags/Cavil/works"}],"freeforms":[{"name":"Cylons","url":"http://archiveofourown.org/tags/Cylons/works"}]}}