{"title":"Diamonds Are Not Forever","id":109056,"url":"http://www.archiveofourown.com/works/109056","author":"jackycomelately","author_url":"http://archiveofourown.org/users/jackycomelately/pseuds/jackycomelately","date":"2010-08-24T04:00:00.000Z","fanfic":{"story":[],"summary":[]},"summary":"Written for the <a href=\"http://community.livejournal.com/lilpinktassel/\">  Lil Pink Tassel Challenge </a> SPN/American Idol/Figure Skating crossover. Brad Bell finally meets Johnny Weir. They are heroic and Evan is evvvil (but we knew that really). The series predates the Supernatural pilot by about three years. No knowledge of <a href=\"http://jackycomelately.livejournal.com/22002.html\">Inside Out, Upside Down, Backward </a> or <a href=\"http://jackycomelately.livejournal.com/20425.html\">Demons Don't Sparkle </a> needed, but third in the Demons Don't series.","stats":{"language":"English","words":3,"hits":187,"kudos":0,"bookmarks":1,"comments":0,"chapters":{"released":1,"total":1}},"tags":{"warnings":[{"name":"No Archive Warnings Apply","url":"http://archiveofourown.org/tags/No%20Archive%20Warnings%20Apply/works"}],"relationships":[{"name":"Johnny Weir/Brad Bell","url":"http://archiveofourown.org/tags/Johnny%20Weir*s*Brad%20Bell/works"},{"name":"John Winchester/Brad Bell","url":"http://archiveofourown.org/tags/John%20Winchester*s*Brad%20Bell/works"}],"characters":[{"name":"Johnny Weir","url":"http://archiveofourown.org/tags/Johnny%20Weir/works"},{"name":"Brad Bell","url":"http://archiveofourown.org/tags/Brad%20Bell/works"},{"name":"Dean Winchester","url":"http://archiveofourown.org/tags/Dean%20Winchester/works"},{"name":"Evan Lysacek","url":"http://archiveofourown.org/tags/Evan%20Lysacek/works"}]}}