{"title":"His ways, his meanings","id":112501,"url":"http://www.archiveofourown.com/works/112501","author":"ca_te","author_url":"http://archiveofourown.org/users/ca_te/pseuds/ca_te","date":"2010-09-06T04:00:00.000Z","fanfic":{"story":[],"summary":[]},"stats":{"language":"English","words":957,"hits":49,"kudos":0,"bookmarks":0,"comments":0,"chapters":{"released":1,"total":1}},"tags":{"warnings":[{"name":"No Archive Warnings Apply","url":"http://archiveofourown.org/tags/No%20Archive%20Warnings%20Apply/works"}],"characters":[{"name":"Mello (Death Note)","url":"http://archiveofourown.org/tags/Mello%20(Death%20Note)/works"}],"freeforms":[{"name":"Gen Fic","url":"http://archiveofourown.org/tags/Gen%20Fic/works"}]}}