{"title":"Hope","id":113499,"url":"http://www.archiveofourown.com/works/113499","author":"pinkphoenix1985","author_url":"http://archiveofourown.org/users/pinkphoenix1985/pseuds/pinkphoenix1985","date":"2010-09-08T04:00:00.000Z","fanfic":{"story":[],"summary":[]},"summary":"Post-Lucifer Rising. What if the possibility existed that after the war was over; the Winchesters could be at peace and just live life?","stats":{"language":"English","words":3,"hits":101,"kudos":0,"bookmarks":0,"comments":0,"chapters":{"released":1,"total":1}},"tags":{"warnings":[{"name":"No Archive Warnings Apply","url":"http://archiveofourown.org/tags/No%20Archive%20Warnings%20Apply/works"}],"characters":[{"name":"Sam Winchester","url":"http://archiveofourown.org/tags/Sam%20Winchester/works"},{"name":"Dean Winchester","url":"http://archiveofourown.org/tags/Dean%20Winchester/works"},{"name":"Jessica Moore","url":"http://archiveofourown.org/tags/Jessica%20Moore/works"},{"name":"Original Characters","url":"http://archiveofourown.org/tags/Original%20Characters/works"}],"freeforms":[{"name":"Hope","url":"http://archiveofourown.org/tags/Hope/works"},{"name":"Season/Series 04","url":"http://archiveofourown.org/tags/Season*s*Series%2004/works"},{"name":"Alternate Universe","url":"http://archiveofourown.org/tags/Alternate%20Universe/works"}]}}