{"title":"Lover's Walk","id":114985,"url":"http://www.archiveofourown.com/works/114985","author":"SilverWolf7","author_url":"http://archiveofourown.org/users/SilverWolf7/pseuds/SilverWolf7","date":"2010-09-13T04:00:00.000Z","fanfic":{"story":[],"summary":[]},"stats":{"language":"English","words":360,"hits":64,"kudos":0,"bookmarks":0,"comments":0,"chapters":{"released":1,"total":1}},"tags":{"warnings":[{"name":"Creator Chose Not To Use Archive Warnings","url":"http://archiveofourown.org/tags/Choose%20Not%20To%20Use%20Archive%20Warnings/works"}],"freeforms":[{"name":"Romance","url":"http://archiveofourown.org/tags/Romance/works"}]}}