{"title":"Anywhere But Here","id":115964,"url":"http://www.archiveofourown.com/works/115964","author":"jenna_thorn","author_url":"http://archiveofourown.org/users/jenna_thorn/pseuds/jenna_thorn","date":"2010-09-13T04:00:00.000Z","fanfic":{"story":[],"summary":[]},"summary":"Faith, in prison","stats":{"language":"English","words":743,"hits":115,"kudos":3,"bookmarks":0,"comments":0,"chapters":{"released":1,"total":1}},"tags":{"warnings":[{"name":"No Archive Warnings Apply","url":"http://archiveofourown.org/tags/No%20Archive%20Warnings%20Apply/works"}],"characters":[{"name":"Faith Lehane","url":"http://archiveofourown.org/tags/Faith%20Lehane/works"}]}}