{"title":"Enlist","id":115923,"url":"http://www.archiveofourown.com/works/115923","author":"YappiChick","author_url":"http://archiveofourown.org/users/YappiChick/pseuds/YappiChick","date":"2010-09-13T04:00:00.000Z","fanfic":{"story":[],"summary":[]},"summary":"John asks Teyla to join SGA-1. Takes place after \"Rising\".","stats":{"language":"English","words":778,"hits":58,"kudos":1,"bookmarks":2,"comments":0,"chapters":{"released":1,"total":1}},"tags":{"warnings":[{"name":"No Archive Warnings Apply","url":"http://archiveofourown.org/tags/No%20Archive%20Warnings%20Apply/works"}],"characters":[{"name":"John Sheppard","url":"http://archiveofourown.org/tags/John%20Sheppard/works"},{"name":"Teyla Emmagan","url":"http://archiveofourown.org/tags/Teyla%20Emmagan/works"}],"freeforms":[{"name":"Friendship","url":"http://archiveofourown.org/tags/Friendship/works"}]}}