{"title":"Clandestine Conversation","id":118876,"url":"http://www.archiveofourown.com/works/118876","author":"Morgyn Leri (morgynleri)","author_url":"http://archiveofourown.org/users/morgynleri/pseuds/Morgyn%20Leri","date":"2010-09-19T04:00:00.000Z","fanfic":{"story":[],"summary":[]},"summary":"\"You wait, and observe, and plan. Patience is your best weapon, Sammie. Always remember that.\"","stats":{"language":"English","words":561,"hits":0,"kudos":1,"bookmarks":1,"comments":0,"chapters":{"released":1,"total":1}},"tags":{"warnings":[{"name":"Creator Chose Not To Use Archive Warnings","url":"http://www.archiveofourown.org/tags/Choose%20Not%20To%20Use%20Archive%20Warnings/works"}],"characters":[{"name":"George Huang","url":"http://www.archiveofourown.org/tags/George%20Huang/works"},{"name":"Sammie Huang (OMC)","url":"http://www.archiveofourown.org/tags/Sammie%20Huang%20(OMC)/works"}],"freeforms":[{"name":"Community: 50_darkfics","url":"http://www.archiveofourown.org/tags/Community:%2050_darkfics/works"},{"name":"Alternate Universe","url":"http://www.archiveofourown.org/tags/Alternate%20Universe/works"},{"name":"GFY","url":"http://www.archiveofourown.org/tags/GFY/works"},{"name":"Mirror Universe","url":"http://www.archiveofourown.org/tags/Mirror%20Universe/works"}]}}