{"title":"Quicksand","id":11891,"url":"http://www.archiveofourown.com/works/11891","author":"deird1","author_url":"http://archiveofourown.org/users/deird1/pseuds/deird1","date":"2009-11-15T05:00:00.000Z","fanfic":{"story":[],"summary":[]},"summary":"Riley's not sure of anything anymore.","stats":{"language":"English","words":501,"hits":207,"kudos":2,"bookmarks":0,"comments":0,"chapters":{"released":1,"total":1}},"tags":{"warnings":[{"name":"No Archive Warnings Apply","url":"http://archiveofourown.org/tags/No%20Archive%20Warnings%20Apply/works"}],"relationships":[{"name":"Buffy Summers/Riley","url":"http://archiveofourown.org/tags/Buffy%20Summers*s*Riley/works"}],"characters":[{"name":"Riley Finn","url":"http://archiveofourown.org/tags/Riley%20Finn/works"}],"freeforms":[{"name":"season: b4","url":"http://archiveofourown.org/tags/season:%20b4/works"}]}}