{"title":"Spilt Whiskey","id":11932,"url":"http://www.archiveofourown.com/works/11932","author":"deird1","author_url":"http://archiveofourown.org/users/deird1/pseuds/deird1","date":"2009-11-15T05:00:00.000Z","fanfic":{"story":[],"summary":[]},"summary":"Claire looks back and remembers things that didn't happen.<br>(Spoilers for the end of season 1.)","stats":{"language":"English","words":345,"hits":183,"kudos":2,"bookmarks":0,"comments":1,"chapters":{"released":1,"total":1}},"tags":{"warnings":[{"name":"No Archive Warnings Apply","url":"http://archiveofourown.org/tags/No%20Archive%20Warnings%20Apply/works"}],"characters":[{"name":"Claire Saunders","url":"http://archiveofourown.org/tags/Claire%20Saunders/works"}],"freeforms":[{"name":"season: d1","url":"http://archiveofourown.org/tags/season:%20d1/works"}]}}