{"title":"Musings","id":12101,"url":"http://www.archiveofourown.com/works/12101","author":"dragonwrangler","author_url":"http://archiveofourown.org/users/dragonwrangler/pseuds/dragonwrangler","date":"2009-11-15T05:00:00.000Z","fanfic":{"story":[],"summary":[]},"summary":"Kermit muses a little about himself.","stats":{"language":"English","words":440,"hits":125,"kudos":0,"bookmarks":0,"comments":0,"chapters":{"released":1,"total":1}},"tags":{"warnings":[{"name":"No Archive Warnings Apply","url":"http://archiveofourown.org/tags/No%20Archive%20Warnings%20Apply/works"}],"characters":[{"name":"Kermit Griffin","url":"http://archiveofourown.org/tags/Kermit%20Griffin/works"}]}}