{"title":"Seasonal Round","id":123053,"url":"http://www.archiveofourown.com/works/123053","author":"holdouttrout","author_url":"http://archiveofourown.org/users/holdouttrout/pseuds/holdouttrout","date":"2010-10-02T04:00:00.000Z","fanfic":{"story":[],"summary":[]},"summary":"Images of Miss Parker. Mention of prior Parker/Thomas.","stats":{"language":"English","words":405,"hits":80,"kudos":0,"bookmarks":0,"comments":0,"chapters":{"released":1,"total":1}},"tags":{"warnings":[{"name":"No Archive Warnings Apply","url":"http://archiveofourown.org/tags/No%20Archive%20Warnings%20Apply/works"}],"relationships":[{"name":"Miss Parker/Thomas Gates","url":"http://archiveofourown.org/tags/Miss%20Parker*s*Thomas%20Gates/works"}],"characters":[{"name":"Miss Parker (the Pretender)","url":"http://archiveofourown.org/tags/Miss%20Parker%20(the%20Pretender)/works"}],"freeforms":[{"name":"Drabble Sequence","url":"http://archiveofourown.org/tags/Drabble%20Sequence/works"}]}}