{"title":"It's My Party","id":124880,"url":"http://www.archiveofourown.com/works/124880","author":"Highlander_II","author_url":"http://archiveofourown.org/users/Highlander_II/pseuds/Highlander_II","date":"2009-05-12T04:00:00.000Z","fanfic":{"story":[],"summary":[]},"summary":"...and I'll skip it if I want to.  There's a birthday, there are plans and there's House. Pre-S1, Pre-infarction","stats":{"language":"English","words":500,"hits":82,"kudos":1,"bookmarks":0,"comments":0,"chapters":{"released":1,"total":1}},"tags":{"warnings":[{"name":"Creator Chose Not To Use Archive Warnings","url":"http://archiveofourown.org/tags/Choose%20Not%20To%20Use%20Archive%20Warnings/works"}],"relationships":[{"name":"Greg House/Stacy Warner","url":"http://archiveofourown.org/tags/Greg%20House*s*Stacy%20Warner/works"}],"characters":[{"name":"James Wilson","url":"http://archiveofourown.org/tags/James%20Wilson/works"},{"name":"Gregory House","url":"http://archiveofourown.org/tags/Gregory%20House/works"},{"name":"Stacy Warner","url":"http://archiveofourown.org/tags/Stacy%20Warner/works"}],"freeforms":[{"name":"Community: 100_situations","url":"http://archiveofourown.org/tags/Community:%20100_situations/works"},{"name":"celebrate","url":"http://archiveofourown.org/tags/celebrate/works"}]}}