{"title":"A Need for Reality","id":130366,"url":"http://www.archiveofourown.com/works/130366","author":"lfvoy","author_url":"http://archiveofourown.org/users/lfvoy/pseuds/lfvoy","date":"2010-10-30T04:00:00.000Z","fanfic":{"story":[],"summary":[]},"summary":"A mysterious visitor haunts Devon's dreams, offering her the solution for all her problems. What she needs, though, is reality.","stats":{"language":"English","words":1,"hits":57,"kudos":0,"bookmarks":0,"comments":0,"chapters":{"released":1,"total":1}},"tags":{"warnings":[{"name":"No Archive Warnings Apply","url":"http://archiveofourown.org/tags/No%20Archive%20Warnings%20Apply/works"}],"relationships":[{"name":"Devon Adair/Sheppard","url":"http://archiveofourown.org/tags/Devon%20Adair*s*Sheppard/works"}],"characters":[{"name":"Devon Adair","url":"http://archiveofourown.org/tags/Devon%20Adair/works"},{"name":"Sheppard","url":"http://archiveofourown.org/tags/Sheppard/works"}],"freeforms":[{"name":"Pre-Canon","url":"http://archiveofourown.org/tags/Pre-Canon/works"}]}}