{"title":"Offer of a Lifetime","id":130320,"url":"http://www.archiveofourown.com/works/130320","author":"lost_spook","author_url":"http://archiveofourown.org/users/lost_spook/pseuds/lost_spook","date":"2010-10-30T04:00:00.000Z","fanfic":{"story":[],"summary":[]},"summary":"Jools pays a visit to the <i>Gazette</i> office with a proposal.  It doesn't go as he planned.","stats":{"language":"English","words":590,"hits":80,"kudos":2,"bookmarks":0,"comments":0,"chapters":{"released":1,"total":1}},"tags":{"warnings":[{"name":"No Archive Warnings Apply","url":"http://archiveofourown.org/tags/No%20Archive%20Warnings%20Apply/works"}],"characters":[{"name":"Lynda Day","url":"http://archiveofourown.org/tags/Lynda%20Day/works"},{"name":"Kenny Phillips","url":"http://archiveofourown.org/tags/Kenny%20Phillips/works"},{"name":"Jools Siviter","url":"http://archiveofourown.org/tags/Jools%20Siviter/works"}],"freeforms":[{"name":"Crossover","url":"http://archiveofourown.org/tags/Crossover/works"},{"name":"Humour","url":"http://archiveofourown.org/tags/Humour/works"},{"name":"Women Being Awesome","url":"http://archiveofourown.org/tags/Women%20Being%20Awesome/works"},{"name":"Awesome Lynda Day","url":"http://archiveofourown.org/tags/Awesome%20Lynda%20Day/works"},{"name":"there's no one like lynda","url":"http://archiveofourown.org/tags/there's%20no%20one%20like%20lynda/works"}]}}