{"title":"Treasure","id":130455,"url":"http://www.archiveofourown.com/works/130455","author":"lfvoy","author_url":"http://archiveofourown.org/users/lfvoy/pseuds/lfvoy","date":"2010-10-30T04:00:00.000Z","fanfic":{"story":[],"summary":[]},"summary":"Morgan finds gold.","stats":{"language":"English","words":890,"hits":102,"kudos":2,"bookmarks":0,"comments":1,"chapters":{"released":1,"total":1}},"tags":{"warnings":[{"name":"No Archive Warnings Apply","url":"http://archiveofourown.org/tags/No%20Archive%20Warnings%20Apply/works"}],"relationships":[{"name":"Bess Martin/Morgan Martin","url":"http://archiveofourown.org/tags/Bess%20Martin*s*Morgan%20Martin/works"}],"characters":[{"name":"Bess Martin","url":"http://archiveofourown.org/tags/Bess%20Martin/works"},{"name":"Morgan Martin","url":"http://archiveofourown.org/tags/Morgan%20Martin/works"}]}}