{"title":"Like Clarity","id":13279,"url":"http://www.archiveofourown.com/works/13279","author":"Trialia","author_url":"http://archiveofourown.org/users/Trialia/pseuds/Trialia","date":"2009-11-15T05:00:00.000Z","fanfic":{"story":[],"summary":[]},"stats":{"language":"English","words":360,"hits":41,"kudos":0,"bookmarks":0,"comments":0,"chapters":{"released":1,"total":1}},"tags":{"warnings":[{"name":"Creator Chose Not To Use Archive Warnings","url":"http://archiveofourown.org/tags/Choose%20Not%20To%20Use%20Archive%20Warnings/works"}],"freeforms":[{"name":"Romance","url":"http://archiveofourown.org/tags/Romance/works"}]}}