{"title":"Desire me","id":132782,"url":"http://www.archiveofourown.com/works/132782","author":"Mirishka","author_url":"http://archiveofourown.org/users/Mirishka/pseuds/Mirishka","date":"2010-11-12T05:00:00.000Z","fanfic":{"story":[],"summary":[]},"summary":"This is after 'beginnings' - sort of carries on from there.  I would like to thank my friend insanekittie19 for assistance on this. i had trouble with a little bit and she was kind enough to give me a great line.","stats":{"language":"English","words":3,"hits":30,"kudos":0,"bookmarks":0,"comments":0,"chapters":{"released":1,"total":1}},"tags":{"warnings":[{"name":"Creator Chose Not To Use Archive Warnings","url":"http://archiveofourown.org/tags/Choose%20Not%20To%20Use%20Archive%20Warnings/works"}],"characters":[{"name":"Ronon Dex/ Amelia Banks","url":"http://archiveofourown.org/tags/Ronon%20Dex*s*%20Amelia%20Banks/works"}],"freeforms":[{"name":"Romance","url":"http://archiveofourown.org/tags/Romance/works"}]}}