{"title":"In Empty Words and Empty Phrases","id":13293,"url":"http://www.archiveofourown.com/works/13293","author":"Trialia","author_url":"http://archiveofourown.org/users/Trialia/pseuds/Trialia","date":"2009-11-15T05:00:00.000Z","fanfic":{"story":[],"summary":[]},"stats":{"language":"English","words":359,"hits":43,"kudos":0,"bookmarks":0,"comments":0,"chapters":{"released":1,"total":1}},"tags":{"warnings":[{"name":"Creator Chose Not To Use Archive Warnings","url":"http://archiveofourown.org/tags/Choose%20Not%20To%20Use%20Archive%20Warnings/works"}],"freeforms":[{"name":"Angst","url":"http://archiveofourown.org/tags/Angst/works"},{"name":"Romance","url":"http://archiveofourown.org/tags/Romance/works"}]}}