{"title":"Done With The Compass","id":136993,"url":"http://www.archiveofourown.com/works/136993","author":"duh_i_read (duh_i_write)","author_url":"http://archiveofourown.org/users/duh_i_write/pseuds/duh_i_read","date":"2010-12-02T05:00:00.000Z","fanfic":{"story":[],"summary":[]},"summary":"<i>Wild nights.</i>","stats":{"language":"English","words":719,"hits":0,"kudos":4,"bookmarks":1,"comments":2,"chapters":{"released":1,"total":1}},"tags":{"warnings":[{"name":"Graphic Depictions Of Violence","url":"http://archiveofourown.org/tags/Graphic%20Depictions%20Of%20Violence/works"},{"name":"No Archive Warnings Apply","url":"http://archiveofourown.org/tags/No%20Archive%20Warnings%20Apply/works"}],"relationships":[{"name":"Rupert Giles/Olivia","url":"http://archiveofourown.org/tags/Rupert%20Giles*s*Olivia/works"}],"freeforms":[{"name":"Alternate Canon","url":"http://archiveofourown.org/tags/Alternate%20Canon/works"},{"name":"Character Turned Into Vampire","url":"http://archiveofourown.org/tags/Character%20Turned%20Into%20Vampire/works"},{"name":"Award Nominees","url":"http://archiveofourown.org/tags/Award%20Nominees/works"},{"name":"Community: still_grrr","url":"http://archiveofourown.org/tags/Community:%20still_grrr/works"},{"name":"Post Season 4","url":"http://archiveofourown.org/tags/Post%20Season%204/works"}]}}