{"title":"Tonight","id":137266,"url":"http://www.archiveofourown.com/works/137266","author":"firelakie","author_url":"http://archiveofourown.org/users/firelakie/pseuds/firelakie","date":"2010-12-03T05:00:00.000Z","fanfic":{"story":[],"summary":[]},"summary":"A POV about a proposition.","stats":{"language":"English","words":491,"hits":49,"kudos":0,"bookmarks":0,"comments":0,"chapters":{"released":1,"total":1}},"tags":{"warnings":[{"name":"Creator Chose Not To Use Archive Warnings","url":"http://archiveofourown.org/tags/Choose%20Not%20To%20Use%20Archive%20Warnings/works"}],"characters":[{"name":"AJ McLean","url":"http://archiveofourown.org/tags/AJ%20McLean/works"}]}}