{"title":"Family Reunion","id":137326,"url":"http://www.archiveofourown.com/works/137326","author":"Nary","author_url":"http://archiveofourown.org/users/Nary/pseuds/Nary","date":"2010-12-03T05:00:00.000Z","fanfic":{"story":[],"summary":[]},"summary":"\"It's not as if it's any of our business,\" Esmena said dryly. \"Surely at their age they can make their own choices.\"","stats":{"language":"English","words":402,"hits":52,"kudos":0,"bookmarks":0,"comments":0,"chapters":{"released":1,"total":1}},"tags":{"warnings":[{"name":"No Archive Warnings Apply","url":"http://archiveofourown.org/tags/No%20Archive%20Warnings%20Apply/works"}],"characters":[{"name":"Elena vak Andras","url":"http://archiveofourown.org/tags/Elena%20vak%20Andras/works"},{"name":"Taramis vak Andras","url":"http://archiveofourown.org/tags/Taramis%20vak%20Andras/works"},{"name":"Esmena vak Andras","url":"http://archiveofourown.org/tags/Esmena%20vak%20Andras/works"},{"name":"Ysana vak Andras","url":"http://archiveofourown.org/tags/Ysana%20vak%20Andras/works"}],"freeforms":[{"name":"Parenthood","url":"http://archiveofourown.org/tags/Parenthood/works"},{"name":"Adult Children","url":"http://archiveofourown.org/tags/Adult%20Children/works"},{"name":"Awkward Conversations","url":"http://archiveofourown.org/tags/Awkward%20Conversations/works"},{"name":"Remarriage","url":"http://archiveofourown.org/tags/Remarriage/works"}]}}