{"title":"Ten Years' Wages","id":139245,"url":"http://www.archiveofourown.com/works/139245","author":"toujours_nigel","author_url":"http://archiveofourown.org/users/toujours_nigel/pseuds/toujours_nigel","date":"2010-12-14T05:00:00.000Z","fanfic":{"story":[],"summary":[]},"summary":"That's the last of them fed, and I've the bowls to scrub, and the salves to make, and Himself to coax into eating. So, I'll just get to that, my Lord, if you'll be kind enough to hand me the bowl while you go?","stats":{"language":"English","words":1,"hits":100,"kudos":10,"bookmarks":2,"comments":7,"chapters":{"released":1,"total":1}},"tags":{"warnings":[{"name":"Creator Chose Not To Use Archive Warnings","url":"http://archiveofourown.org/tags/Choose%20Not%20To%20Use%20Archive%20Warnings/works"}],"characters":[{"name":"Odysseus (Homer)","url":"http://archiveofourown.org/tags/Odysseus%20(Homer)/works"},{"name":"OFC","url":"http://archiveofourown.org/tags/OFC/works"}]}}