{"title":"FarSight 3; Recovery","id":139926,"url":"http://www.archiveofourown.com/works/139926","author":"Lightcudder","author_url":"http://archiveofourown.org/users/Lightcudder/pseuds/Lightcudder","date":"2010-12-17T05:00:00.000Z","fanfic":{"story":[],"summary":[]},"summary":"A race against time to save Earth","stats":{"language":"English","words":820,"hits":26,"kudos":0,"bookmarks":0,"comments":0,"chapters":{"released":1,"total":1}},"tags":{"warnings":[{"name":"Creator Chose Not To Use Archive Warnings","url":"http://archiveofourown.org/tags/Choose%20Not%20To%20Use%20Archive%20Warnings/works"}],"characters":[{"name":"Ed Straker","url":"http://archiveofourown.org/tags/Ed%20Straker/works"}],"freeforms":[{"name":"Moon","url":"http://archiveofourown.org/tags/Moon/works"},{"name":"Far Side","url":"http://archiveofourown.org/tags/Far%20Side/works"},{"name":"Aliens","url":"http://archiveofourown.org/tags/Aliens/works"},{"name":"invasion. treachery","url":"http://archiveofourown.org/tags/invasion*d*%20treachery/works"},{"name":"Angst","url":"http://archiveofourown.org/tags/Angst/works"},{"name":"Hurt/Comfort","url":"http://archiveofourown.org/tags/Hurt*s*Comfort/works"},{"name":"Violence","url":"http://archiveofourown.org/tags/Violence/works"},{"name":"deathwish","url":"http://archiveofourown.org/tags/deathwish/works"},{"name":"Execution","url":"http://archiveofourown.org/tags/Execution/works"},{"name":"Secrets","url":"http://archiveofourown.org/tags/Secrets/works"}]}}