{"title":"Happy Christmas, Clyde Langer","id":140187,"url":"http://www.archiveofourown.com/works/140187","author":"QueenRiley","author_url":"http://archiveofourown.org/users/QueenRiley/pseuds/QueenRiley","date":"2010-12-18T05:00:00.000Z","fanfic":{"story":[],"summary":[]},"summary":"Clyde is alone on Christmas when an unusual problem arises. Can he save the day, all on his own?","stats":{"language":"English","words":2,"hits":120,"kudos":10,"bookmarks":0,"comments":3,"chapters":{"released":1,"total":1}},"tags":{"warnings":[{"name":"Creator Chose Not To Use Archive Warnings","url":"http://archiveofourown.org/tags/Choose%20Not%20To%20Use%20Archive%20Warnings/works"}],"characters":[{"name":"Clyde Langer","url":"http://archiveofourown.org/tags/Clyde%20Langer/works"}]}}