{"title":"Stockholm","id":14056,"url":"http://www.archiveofourown.com/works/14056","author":"Buddleia","author_url":"http://archiveofourown.org/users/Buddleia/pseuds/Buddleia","date":"2009-11-17T05:00:00.000Z","fanfic":{"story":[],"summary":[]},"stats":{"language":"English","words":508,"hits":73,"kudos":1,"bookmarks":0,"comments":0,"chapters":{"released":1,"total":1}},"tags":{"warnings":[{"name":"No Archive Warnings Apply","url":"http://archiveofourown.org/tags/No%20Archive%20Warnings%20Apply/works"}],"characters":[{"name":"Elizabeth Weir","url":"http://archiveofourown.org/tags/Elizabeth%20Weir/works"}]}}