{"title":"Homeward","id":141399,"url":"http://www.archiveofourown.com/works/141399","author":"LokisRose","author_url":"http://archiveofourown.org/users/LokisRose/pseuds/LokisRose","date":"2010-12-20T05:00:00.000Z","fanfic":{"story":[],"summary":[]},"summary":"(Pre-canon) In the early stages of the Eden Project, Devon prepares to let go of everything in her old life to save Uly's.","stats":{"language":"English","words":1,"hits":196,"kudos":4,"bookmarks":2,"comments":3,"chapters":{"released":1,"total":1}},"tags":{"warnings":[{"name":"No Archive Warnings Apply","url":"http://archiveofourown.org/tags/No%20Archive%20Warnings%20Apply/works"}],"relationships":[{"name":"Devon Adair/Sheppard","url":"http://archiveofourown.org/tags/Devon%20Adair*s*Sheppard/works"}],"characters":[{"name":"Devon Adair","url":"http://archiveofourown.org/tags/Devon%20Adair/works"},{"name":"Ulysses Adair","url":"http://archiveofourown.org/tags/Ulysses%20Adair/works"},{"name":"Yale (Earth 2)","url":"http://archiveofourown.org/tags/Yale%20(Earth%202)/works"},{"name":"Governor Sheppard","url":"http://archiveofourown.org/tags/Governor%20Sheppard/works"}]}}