{"title":"The Gift of the Techno-Magi","id":142823,"url":"http://www.archiveofourown.com/works/142823","author":"Rebcake","author_url":"http://archiveofourown.org/users/Rebcake/pseuds/Rebcake","date":"2010-12-21T05:00:00.000Z","fanfic":{"story":[],"summary":[]},"summary":"Joel Mynor, of “Bouncy the Rat” fame, is coming to terms with the death of his wife when he meets someone who knew things about her that he never would have guessed.","stats":{"language":"English","words":873,"hits":81,"kudos":0,"bookmarks":0,"comments":0,"chapters":{"released":1,"total":1}},"tags":{"warnings":[{"name":"No Archive Warnings Apply","url":"http://archiveofourown.org/tags/No%20Archive%20Warnings%20Apply/works"}],"characters":[{"name":"Adelle DeWitt","url":"http://archiveofourown.org/tags/Adelle%20DeWitt/works"},{"name":"Joel Mynor","url":"http://archiveofourown.org/tags/Joel%20Mynor/works"}],"freeforms":[{"name":"Christmas","url":"http://archiveofourown.org/tags/Christmas/works"}]}}