{"title":"Moments After Nine In The Evening","id":143294,"url":"http://www.archiveofourown.com/works/143294","author":"anxiousgeek","author_url":"http://archiveofourown.org/users/anxiousgeek/pseuds/anxiousgeek","date":"2010-12-23T05:00:00.000Z","fanfic":{"story":[],"summary":[]},"summary":"Set post Human Error and goes AU.","stats":{"language":"English","words":2,"hits":190,"kudos":3,"bookmarks":0,"comments":0,"chapters":{"released":1,"total":1}},"tags":{"warnings":[{"name":"No Archive Warnings Apply","url":"http://archiveofourown.org/tags/No%20Archive%20Warnings%20Apply/works"}],"relationships":[{"name":"Allison Cameron/Greg House","url":"http://archiveofourown.org/tags/Allison%20Cameron*s*Greg%20House/works"}],"freeforms":[{"name":"Romance","url":"http://archiveofourown.org/tags/Romance/works"},{"name":"Angst","url":"http://archiveofourown.org/tags/Angst/works"}]}}