{"title":"Final Thoughts","id":143218,"url":"http://www.archiveofourown.com/works/143218","author":"anxiousgeek","author_url":"http://archiveofourown.org/users/anxiousgeek/pseuds/anxiousgeek","date":"2010-12-23T05:00:00.000Z","fanfic":{"story":[],"summary":[]},"summary":"Episode insert during End Of Nights part 2.","stats":{"language":"English","words":679,"hits":73,"kudos":1,"bookmarks":0,"comments":1,"chapters":{"released":1,"total":1}},"tags":{"warnings":[{"name":"No Archive Warnings Apply","url":"http://archiveofourown.org/tags/No%20Archive%20Warnings%20Apply/works"}],"characters":[{"name":"Ashley Magnus","url":"http://archiveofourown.org/tags/Ashley%20Magnus/works"}],"freeforms":[{"name":"Angst","url":"http://archiveofourown.org/tags/Angst/works"},{"name":"Drama","url":"http://archiveofourown.org/tags/Drama/works"}]}}