{"title":"Strain","id":143799,"url":"http://www.archiveofourown.com/works/143799","author":"kittydesade","author_url":"http://archiveofourown.org/users/kittydesade/pseuds/kittydesade","date":"2010-12-24T05:00:00.000Z","fanfic":{"story":[],"summary":[]},"summary":"Filling in the journey between Dreiberg's basement and Manhattan's government complex, Rorschach has some thoughts.","stats":{"language":"English","words":1,"hits":190,"kudos":12,"bookmarks":0,"comments":3,"chapters":{"released":1,"total":1}},"tags":{"warnings":[{"name":"No Archive Warnings Apply","url":"http://archiveofourown.org/tags/No%20Archive%20Warnings%20Apply/works"}],"characters":[{"name":"Rorschach","url":"http://archiveofourown.org/tags/Rorschach/works"}]}}