{"title":"I Will Remember","id":14385,"url":"http://www.archiveofourown.com/works/14385","author":"Lassarina","author_url":"http://archiveofourown.org/users/Lassarina/pseuds/Lassarina","date":"2001-10-28T04:00:00.000Z","fanfic":{"story":[],"summary":[]},"summary":"Rose struggles to accept what she has become at the end of the Dragon Campaign","stats":{"language":"English","words":1,"hits":117,"kudos":5,"bookmarks":0,"comments":0,"chapters":{"released":1,"total":1}},"tags":{"warnings":[{"name":"Graphic Depictions Of Violence","url":"http://archiveofourown.org/tags/Graphic%20Depictions%20Of%20Violence/works"}],"characters":[{"name":"Rose","url":"http://archiveofourown.org/tags/Rose/works"}],"freeforms":[{"name":"Angst","url":"http://archiveofourown.org/tags/Angst/works"},{"name":"Drama","url":"http://archiveofourown.org/tags/Drama/works"}]}}