{"title":"The Internal Infernal Outbreak","id":14511,"url":"http://www.archiveofourown.com/works/14511","author":"scoured","author_url":"http://archiveofourown.org/users/scoured/pseuds/scoured","date":"2009-11-17T05:00:00.000Z","fanfic":{"story":[],"summary":[]},"summary":"Halloween is supposed to be a time for sexy costumes and confrontational spoken word performance art. But when a Middleman-in-training is invited to the party, things are sure to not go according to plan.","stats":{"language":"English","words":1,"hits":200,"kudos":5,"bookmarks":0,"comments":0,"chapters":{"released":1,"total":1}},"tags":{"warnings":[{"name":"No Archive Warnings Apply","url":"http://archiveofourown.org/tags/No%20Archive%20Warnings%20Apply/works"}],"characters":[{"name":"Wendy Watson","url":"http://archiveofourown.org/tags/Wendy%20Watson/works"},{"name":"The Middleman","url":"http://archiveofourown.org/tags/The%20Middleman/works"},{"name":"Lacey Thornfield","url":"http://archiveofourown.org/tags/Lacey%20Thornfield/works"},{"name":"Noser","url":"http://archiveofourown.org/tags/Noser/works"},{"name":"Tyler Ford","url":"http://archiveofourown.org/tags/Tyler%20Ford/works"}],"freeforms":[{"name":"Halloween","url":"http://archiveofourown.org/tags/Halloween/works"},{"name":"Silly","url":"http://archiveofourown.org/tags/Silly/works"}]}}