{"title":"Next Year","id":145384,"url":"http://www.archiveofourown.com/works/145384","author":"CherryIce","author_url":"http://archiveofourown.org/users/CherryIce/pseuds/CherryIce","date":"2006-03-14T05:00:00.000Z","fanfic":{"story":[],"summary":[]},"summary":"Ray Kowalski, July 1983.","stats":{"language":"English","words":1,"hits":55,"kudos":0,"bookmarks":0,"comments":0,"chapters":{"released":1,"total":1}},"tags":{"warnings":[{"name":"No Archive Warnings Apply","url":"http://archiveofourown.org/tags/No%20Archive%20Warnings%20Apply/works"}],"relationships":[{"name":"Ray Kowalksi/Stella Kowalski","url":"http://archiveofourown.org/tags/Ray%20Kowalksi*s*Stella%20Kowalski/works"},{"name":"Ray Kowalski/OMC","url":"http://archiveofourown.org/tags/Ray%20Kowalski*s*OMC/works"}],"characters":[{"name":"Ray Kowalski","url":"http://archiveofourown.org/tags/Ray%20Kowalski/works"}],"freeforms":[{"name":"Community: picfor1000","url":"http://archiveofourown.org/tags/Community:%20picfor1000/works"}]}}