{"title":"Vivid Reminders","id":147286,"url":"http://www.archiveofourown.com/works/147286","author":"Merfilly","author_url":"http://archiveofourown.org/users/Merfilly/pseuds/Merfilly","date":"2011-01-02T05:00:00.000Z","fanfic":{"story":[],"summary":[]},"summary":"Just after the events of the '86 movie, Jazz reflects","stats":{"language":"English","words":559,"hits":117,"kudos":3,"bookmarks":0,"comments":2,"chapters":{"released":1,"total":1}},"tags":{"warnings":[{"name":"No Archive Warnings Apply","url":"http://www.archiveofourown.org/tags/No%20Archive%20Warnings%20Apply/works"}],"characters":[{"name":"Jazz (Transformers)","url":"http://www.archiveofourown.org/tags/Jazz%20(Transformers)/works"}],"freeforms":[{"name":"Introspection","url":"http://www.archiveofourown.org/tags/Introspection/works"},{"name":"Suicidal Thoughts","url":"http://www.archiveofourown.org/tags/Suicidal%20Thoughts/works"}]}}