{"title":"In the Beginning","id":14760,"url":"http://www.archiveofourown.com/works/14760","author":"sageness","author_url":"http://archiveofourown.org/users/sageness/pseuds/sageness","date":"2006-02-02T05:00:00.000Z","fanfic":{"story":[],"summary":[]},"summary":"Joe and Billy in Vancouver, 1975.","stats":{"language":"English","words":614,"hits":89,"kudos":1,"bookmarks":0,"comments":0,"chapters":{"released":1,"total":1}},"tags":{"warnings":[{"name":"No Archive Warnings Apply","url":"http://www.archiveofourown.com/tags/No%20Archive%20Warnings%20Apply/works"}],"characters":[{"name":"Joe Dick","url":"http://www.archiveofourown.com/tags/Joe%20Dick/works"},{"name":"Billy Tallent","url":"http://www.archiveofourown.com/tags/Billy%20Tallent/works"}],"freeforms":[{"name":"Canon - Movie","url":"http://www.archiveofourown.com/tags/Canon%20-%20Movie/works"}]}}