{"title":"Caged Bird Fighting","id":149122,"url":"http://www.archiveofourown.com/works/149122","author":"Tassos","author_url":"http://archiveofourown.org/users/Tassos/pseuds/Tassos","date":"2011-01-07T05:00:00.000Z","fanfic":{"story":[],"summary":[]},"summary":"Vignette. An intermission during gladiator games.","stats":{"language":"English","words":666,"hits":208,"kudos":2,"bookmarks":0,"comments":0,"chapters":{"released":1,"total":1}},"tags":{"warnings":[{"name":"No Archive Warnings Apply","url":"http://www.archiveofourown.org/tags/No%20Archive%20Warnings%20Apply/works"}],"characters":[{"name":"John Sheppard","url":"http://www.archiveofourown.org/tags/John%20Sheppard/works"},{"name":"Teyla Emmagan","url":"http://www.archiveofourown.org/tags/Teyla%20Emmagan/works"}],"freeforms":[{"name":"Community: fandom_stocking","url":"http://www.archiveofourown.org/tags/Community:%20fandom_stocking/works"}]}}