{"title":"Sofie, Take Two","id":150991,"url":"http://www.archiveofourown.com/works/150991","author":"Wilusa","author_url":"http://archiveofourown.org/users/Wilusa/pseuds/Wilusa","date":"2011-01-10T05:00:00.000Z","fanfic":{"story":[],"summary":[]},"summary":"Second of two short, very different, \"Sofie in the cornfield\" fics.","stats":{"language":"English","words":1,"hits":76,"kudos":0,"bookmarks":0,"comments":0,"chapters":{"released":1,"total":1}},"tags":{"warnings":[{"name":"Creator Chose Not To Use Archive Warnings","url":"http://archiveofourown.org/tags/Choose%20Not%20To%20Use%20Archive%20Warnings/works"}],"characters":[{"name":"Sofie Bojakshiya","url":"http://archiveofourown.org/tags/Sofie%20Bojakshiya/works"},{"name":"Justin Crowe","url":"http://archiveofourown.org/tags/Justin%20Crowe/works"}]}}