{"title":"The Sword of Cephas","id":151002,"url":"http://www.archiveofourown.com/works/151002","author":"Wilusa","author_url":"http://archiveofourown.org/users/Wilusa/pseuds/Wilusa","date":"2011-01-10T05:00:00.000Z","fanfic":{"story":[],"summary":[]},"summary":"A carnival freak's explanation of his strangeness is pure invention...or is it?","stats":{"language":"English","words":2,"hits":81,"kudos":0,"bookmarks":0,"comments":0,"chapters":{"released":1,"total":1}},"tags":{"warnings":[{"name":"No Archive Warnings Apply","url":"http://archiveofourown.org/tags/No%20Archive%20Warnings%20Apply/works"}],"characters":[{"name":"Ruthie","url":"http://archiveofourown.org/tags/Ruthie/works"},{"name":"Ben Hawkins","url":"http://archiveofourown.org/tags/Ben%20Hawkins/works"}]}}