{"title":"Prevarication","id":151124,"url":"http://www.archiveofourown.com/works/151124","author":"Wilusa","author_url":"http://archiveofourown.org/users/Wilusa/pseuds/Wilusa","date":"2011-01-11T05:00:00.000Z","fanfic":{"story":[],"summary":[]},"summary":"Ben has his first real talk with Sofie in the aftermath of New Canaan.","stats":{"language":"English","words":4,"hits":103,"kudos":0,"bookmarks":0,"comments":0,"chapters":{"released":1,"total":1}},"tags":{"warnings":[{"name":"No Archive Warnings Apply","url":"http://archiveofourown.org/tags/No%20Archive%20Warnings%20Apply/works"}],"relationships":[{"name":"Ben Hawkins/Ruthie","url":"http://archiveofourown.org/tags/Ben%20Hawkins*s*Ruthie/works"}],"characters":[{"name":"Ruthie","url":"http://archiveofourown.org/tags/Ruthie/works"},{"name":"Ben Hawkins","url":"http://archiveofourown.org/tags/Ben%20Hawkins/works"},{"name":"Sofie Bojakshiya","url":"http://archiveofourown.org/tags/Sofie%20Bojakshiya/works"}]}}