{"title":"Big Yellow Taxi","id":152473,"url":"http://www.archiveofourown.com/works/152473","author":"sam80853","author_url":"http://archiveofourown.org/users/sam80853/pseuds/sam80853","date":"2011-01-15T05:00:00.000Z","fanfic":{"story":[],"summary":[]},"summary":"Benton Fraser and Ray Kowalski share a taxi on the way to the airport-- Benton on his way home to Canada, Ray on his way to Arizona. Even in those few minutes, though, something sparks between them that's far more than just casual friendship. Will they find their way back to each other, or is it simply never meant to be?","stats":{"language":"English","words":3,"hits":83,"kudos":3,"bookmarks":0,"comments":4,"chapters":{"released":1,"total":1}},"tags":{"warnings":[{"name":"Creator Chose Not To Use Archive Warnings","url":"http://archiveofourown.org/tags/Choose%20Not%20To%20Use%20Archive%20Warnings/works"}],"relationships":[{"name":"Benton Fraser &amp; Ray Kowalski","url":"http://archiveofourown.org/tags/Benton%20Fraser%20*a*%20Ray%20Kowalski/works"}],"characters":[{"name":"Benton Fraser","url":"http://archiveofourown.org/tags/Benton%20Fraser/works"},{"name":"Ray Kowalski","url":"http://archiveofourown.org/tags/Ray%20Kowalski/works"}],"freeforms":[{"name":"AU","url":"http://archiveofourown.org/tags/AU/works"}]}}