{"title":"Stumbling on the Fields of Praise","id":156201,"url":"http://www.archiveofourown.com/works/156201","author":"Dipenates","author_url":"http://archiveofourown.org/users/Dipenates/pseuds/Dipenates","date":"2011-01-26T05:00:00.000Z","fanfic":{"story":[],"summary":[]},"stats":{"language":"English","words":725,"hits":149,"kudos":5,"bookmarks":0,"comments":6,"chapters":{"released":1,"total":1}},"tags":{"warnings":[{"name":"Creator Chose Not To Use Archive Warnings","url":"http://archiveofourown.org/tags/Choose%20Not%20To%20Use%20Archive%20Warnings/works"}],"characters":[{"name":"Riley Finn","url":"http://archiveofourown.org/tags/Riley%20Finn/works"}],"freeforms":[{"name":"Religious Themes &amp; References","url":"http://archiveofourown.org/tags/Religious%20Themes%20*a*%20References/works"}]}}