{"title":"Crushed","id":156991,"url":"http://www.archiveofourown.com/works/156991","author":"coreopsis","author_url":"http://archiveofourown.org/users/coreopsis/pseuds/coreopsis","date":"2000-09-16T04:00:00.000Z","fanfic":{"story":[],"summary":[]},"summary":"This is Billy after Some Sort of Victory.","stats":{"language":"English","words":4,"hits":26,"kudos":2,"bookmarks":0,"comments":0,"chapters":{"released":1,"total":1}},"tags":{"warnings":[{"name":"Creator Chose Not To Use Archive Warnings","url":"http://archiveofourown.org/tags/Choose%20Not%20To%20Use%20Archive%20Warnings/works"}],"relationships":[{"name":"Joe Dick/Billy Tallent","url":"http://archiveofourown.org/tags/Joe%20Dick*s*Billy%20Tallent/works"}],"characters":[{"name":"Billy Tallent","url":"http://archiveofourown.org/tags/Billy%20Tallent/works"},{"name":"OC - Character","url":"http://archiveofourown.org/tags/OC%20-%20Character/works"}]}}