{"title":"Deeds, Not Words","id":157536,"url":"http://www.archiveofourown.com/works/157536","author":"out_there","author_url":"http://archiveofourown.org/users/out_there/pseuds/out_there","date":"2005-01-12T05:00:00.000Z","fanfic":{"story":[],"summary":[]},"summary":"<i>Casey sounded lost and confused, and it made Dan's chest ache. \"I'm going absolutely insane. I've forgotten where I work.\"</i>","stats":{"language":"English","words":2,"hits":152,"kudos":3,"bookmarks":0,"comments":0,"chapters":{"released":1,"total":1}},"tags":{"warnings":[{"name":"No Archive Warnings Apply","url":"http://archiveofourown.org/tags/No%20Archive%20Warnings%20Apply/works"}],"characters":[{"name":"Casey McCall","url":"http://archiveofourown.org/tags/Casey%20McCall/works"},{"name":"Dan Rydell","url":"http://archiveofourown.org/tags/Dan%20Rydell/works"}]}}