{"title":"Naked","id":15756,"url":"http://www.archiveofourown.com/works/15756","author":"Mad Poetess (mpoetess)","author_url":"http://archiveofourown.org/users/mpoetess/pseuds/Mad%20Poetess","date":"2009-11-18T05:00:00.000Z","fanfic":{"story":[],"summary":[]},"summary":"Lindsey says: When you've got nothing, you still fight like a bastard to keep it, 'cause it's all you've got.","stats":{"language":"English","words":5,"hits":130,"kudos":5,"bookmarks":1,"comments":0,"chapters":{"released":1,"total":1}},"tags":{"warnings":[{"name":"No Archive Warnings Apply","url":"http://archiveofourown.com/tags/No%20Archive%20Warnings%20Apply/works"}],"relationships":[{"name":"Lindsey McDonald/Daniel Osbourne","url":"http://archiveofourown.com/tags/Lindsey%20McDonald*s*Daniel%20Osbourne/works"}],"freeforms":[{"name":"Music","url":"http://archiveofourown.com/tags/Music/works"},{"name":"Werewolf","url":"http://archiveofourown.com/tags/Werewolf/works"}]}}