{"title":"What We Remember","id":158027,"url":"http://www.archiveofourown.com/works/158027","author":"Yeomanrand","author_url":"http://archiveofourown.org/users/Yeomanrand/pseuds/Yeomanrand","date":"2011-01-31T05:00:00.000Z","fanfic":{"story":[],"summary":[]},"summary":"For <a href=\"http://leupagus.livejournal.com/&gt;Leupagus'&lt;/a&gt; &lt;a href=\">Promptfest '11: Mary Sue Edition</a>","stats":{"language":"English","words":321,"hits":127,"kudos":4,"bookmarks":0,"comments":0,"chapters":{"released":1,"total":1}},"tags":{"warnings":[{"name":"No Archive Warnings Apply","url":"http://archiveofourown.org/collections/Rands_Women/tags/No%20Archive%20Warnings%20Apply/works"}],"characters":[{"name":"Astrid Farnsworth","url":"http://archiveofourown.org/collections/Rands_Women/tags/Astrid%20Farnsworth/works"},{"name":"OMC","url":"http://archiveofourown.org/collections/Rands_Women/tags/OMC/works"}],"freeforms":[{"name":"Family","url":"http://archiveofourown.org/collections/Rands_Women/tags/Family/works"},{"name":"Memories","url":"http://archiveofourown.org/collections/Rands_Women/tags/Memories/works"},{"name":"POV Third Person","url":"http://archiveofourown.org/collections/Rands_Women/tags/POV%20Third%20Person/works"},{"name":"POV Female Character","url":"http://archiveofourown.org/collections/Rands_Women/tags/POV%20Female%20Character/works"},{"name":"POV Character of Color","url":"http://archiveofourown.org/collections/Rands_Women/tags/POV%20Character%20of%20Color/works"}]}}