{"title":"The Devil is in the Details","id":159010,"url":"http://www.archiveofourown.com/works/159010","author":"Vesta (Biggelois)","author_url":"http://archiveofourown.org/users/Biggelois/pseuds/Vesta","date":"2011-02-03T05:00:00.000Z","fanfic":{"story":[],"summary":[]},"summary":"'Look where you cut.'<br>One has to be careful, with a light hand and a sharp eye.","stats":{"language":"English","words":310,"hits":16,"kudos":1,"bookmarks":0,"comments":0,"chapters":{"released":1,"total":1}},"tags":{"warnings":[{"name":"No Archive Warnings Apply","url":"http://archiveofourown.org/tags/No%20Archive%20Warnings%20Apply/works"}],"characters":[{"name":"The Artist","url":"http://archiveofourown.org/tags/The%20Artist/works"}]}}