{"title":"Cliffhanger","id":16214,"url":"http://www.archiveofourown.com/works/16214","author":"awanderingbard","author_url":"http://archiveofourown.org/users/awanderingbard/pseuds/awanderingbard","date":"2009-11-18T05:00:00.000Z","fanfic":{"story":[],"summary":[]},"summary":"Mal and Jayne have had a long day.","stats":{"language":"English","words":720,"hits":168,"kudos":9,"bookmarks":0,"comments":3,"chapters":{"released":1,"total":1}},"tags":{"warnings":[{"name":"Creator Chose Not To Use Archive Warnings","url":"http://archiveofourown.org/tags/Choose%20Not%20To%20Use%20Archive%20Warnings/works"}],"relationships":[{"name":"None","url":"http://archiveofourown.org/tags/None/works"}],"characters":[{"name":"Jayne Cobb","url":"http://archiveofourown.org/tags/Jayne%20Cobb/works"},{"name":"Malcolm Reynolds","url":"http://archiveofourown.org/tags/Malcolm%20Reynolds/works"},{"name":"Kaylee Frye","url":"http://archiveofourown.org/tags/Kaylee%20Frye/works"},{"name":"Zoe Washburne","url":"http://archiveofourown.org/tags/Zoe%20Washburne/works"}]}}