{"title":"Come on in...","id":16300,"url":"http://www.archiveofourown.com/works/16300","author":"Sally Mn (sallymn)","author_url":"http://archiveofourown.org/users/sallymn/pseuds/Sally%20Mn","date":"2009-11-19T05:00:00.000Z","fanfic":{"story":[],"summary":[]},"summary":"The water's nice..? A moment from The Sentinel Too, part 2.","stats":{"language":"English","words":344,"hits":91,"kudos":1,"bookmarks":0,"comments":0,"chapters":{"released":1,"total":1}},"tags":{"warnings":[{"name":"No Archive Warnings Apply","url":"http://archiveofourown.org/tags/No%20Archive%20Warnings%20Apply/works"}],"characters":[{"name":"Blair Sandburg","url":"http://archiveofourown.org/tags/Blair%20Sandburg/works"},{"name":"Jim Ellison","url":"http://archiveofourown.org/tags/Jim%20Ellison/works"}],"freeforms":[{"name":"Series 4","url":"http://archiveofourown.org/tags/Series%204/works"}]}}