{"title":"You're Out","id":16675,"url":"http://www.archiveofourown.com/works/16675","author":"haruka","author_url":"http://archiveofourown.org/users/haruka/pseuds/haruka","date":"2005-03-14T05:00:00.000Z","fanfic":{"story":[],"summary":[]},"summary":"Momo tries not to get into trouble in class, but Kaidoh makes it hard ....","stats":{"language":"English","words":403,"hits":65,"kudos":1,"bookmarks":0,"comments":0,"chapters":{"released":1,"total":1}},"tags":{"warnings":[{"name":"No Archive Warnings Apply","url":"http://archiveofourown.org/tags/No%20Archive%20Warnings%20Apply/works"}],"characters":[{"name":"Kaidoh Kaoru","url":"http://archiveofourown.org/tags/Kaidoh%20Kaoru/works"},{"name":"Momoshiro Takeshi","url":"http://archiveofourown.org/tags/Momoshiro%20Takeshi/works"}],"freeforms":[{"name":"Prince of Tennis - Freeform","url":"http://archiveofourown.org/tags/Prince%20of%20Tennis%20-%20Freeform/works"}]}}