{"title":"My Little Secret","id":170085,"url":"http://www.archiveofourown.com/works/170085","author":"QueenRiley","author_url":"http://archiveofourown.org/users/QueenRiley/pseuds/QueenRiley","date":"2011-03-13T05:00:00.000Z","fanfic":{"story":[],"summary":[]},"summary":"Eleanor Moore has a brief conversation with her unborn daughter.","stats":{"language":"English","words":393,"hits":142,"kudos":2,"bookmarks":0,"comments":1,"chapters":{"released":1,"total":1}},"tags":{"warnings":[{"name":"No Archive Warnings Apply","url":"http://archiveofourown.org/tags/No%20Archive%20Warnings%20Apply/works"}],"characters":[{"name":"Eleanor Moore","url":"http://archiveofourown.org/tags/Eleanor%20Moore/works"},{"name":"True Danziger","url":"http://archiveofourown.org/tags/True%20Danziger/works"}],"freeforms":[{"name":"Collection: Purimgifts Day 1","url":"http://archiveofourown.org/tags/Collection:%20Purimgifts%20Day%201/works"}]}}