{"title":"Driven By Destiny","id":172992,"url":"http://www.archiveofourown.com/works/172992","author":"LilacFree","author_url":"http://archiveofourown.org/users/LilacFree/pseuds/LilacFree","date":"2011-03-21T04:00:00.000Z","fanfic":{"story":[],"summary":[]},"summary":"John Winchester makes a decision with world changing ramifications.  The Apocalypse hangs in the balance.","stats":{"language":"English","words":523,"hits":123,"kudos":6,"bookmarks":0,"comments":4,"chapters":{"released":1,"total":1}},"tags":{"warnings":[{"name":"No Archive Warnings Apply","url":"http://archiveofourown.org/tags/No%20Archive%20Warnings%20Apply/works"}],"characters":[{"name":"Dean Winchester","url":"http://archiveofourown.org/tags/Dean%20Winchester/works"},{"name":"Sam Winchester","url":"http://archiveofourown.org/tags/Sam%20Winchester/works"},{"name":"Bobby Singer","url":"http://archiveofourown.org/tags/Bobby%20Singer/works"},{"name":"Impala - Character","url":"http://archiveofourown.org/tags/Impala%20-%20Character/works"},{"name":"VW Van","url":"http://archiveofourown.org/tags/VW%20Van/works"}],"freeforms":[{"name":"AU","url":"http://archiveofourown.org/tags/AU/works"},{"name":"Humor","url":"http://archiveofourown.org/tags/Humor/works"}]}}