{"title":"with gently smiling jaws","id":17370,"url":"http://www.archiveofourown.com/works/17370","author":"Hope","author_url":"http://archiveofourown.org/users/Hope/pseuds/Hope","date":"2005-01-26T05:00:00.000Z","fanfic":{"story":[],"summary":[]},"stats":{"language":"English","words":391,"hits":107,"kudos":2,"bookmarks":0,"comments":0,"chapters":{"released":1,"total":1}},"tags":{"warnings":[{"name":"No Archive Warnings Apply","url":"http://archiveofourown.org/tags/No%20Archive%20Warnings%20Apply/works"}],"characters":[{"name":"Casey Connor","url":"http://archiveofourown.org/tags/Casey%20Connor/works"},{"name":"Zeke Tyler","url":"http://archiveofourown.org/tags/Zeke%20Tyler/works"}]}}