{"title":"Guilt can be Forgiven","id":175463,"url":"http://www.archiveofourown.com/works/175463","author":"Gaia_ninja","author_url":"http://archiveofourown.org/users/Gaia_ninja/pseuds/Gaia_ninja","date":"2010-11-26T05:00:00.000Z","fanfic":{"story":[],"summary":[]},"summary":"One-shot friendship fic involving everyone's favorite train-happy pilot and the fallen Sorceresses' knight during his return to Balamb Garden his former home that he nearly helped destroy.","stats":{"language":"English","words":3,"hits":98,"kudos":4,"bookmarks":0,"comments":0,"chapters":{"released":1,"total":1}},"tags":{"warnings":[{"name":"No Archive Warnings Apply","url":"http://archiveofourown.org/tags/No%20Archive%20Warnings%20Apply/works"}],"characters":[{"name":"Selphie Tilmitt","url":"http://archiveofourown.org/tags/Selphie%20Tilmitt/works"},{"name":"Seifer Almasy","url":"http://archiveofourown.org/tags/Seifer%20Almasy/works"}],"freeforms":[{"name":"Hurt","url":"http://archiveofourown.org/tags/Hurt/works"},{"name":"Comfort/Friendship","url":"http://archiveofourown.org/tags/Comfort*s*Friendship/works"}]}}