{"title":"Ticket Out","id":177961,"url":"http://www.archiveofourown.com/works/177961","author":"fearlessfan","author_url":"http://archiveofourown.org/users/fearlessfan/pseuds/fearlessfan","date":"2011-04-04T04:00:00.000Z","fanfic":{"story":[],"summary":[]},"summary":"Rogue wants hers.","stats":{"language":"English","words":1,"hits":110,"kudos":8,"bookmarks":1,"comments":2,"chapters":{"released":1,"total":1}},"tags":{"warnings":[{"name":"Creator Chose Not To Use Archive Warnings","url":"http://archiveofourown.org/tags/Choose%20Not%20To%20Use%20Archive%20Warnings/works"}],"characters":[{"name":"Rogue (X-Men)","url":"http://archiveofourown.org/tags/Rogue%20(X-Men)/works"}]}}