{"title":"Not Fading Fast","id":179927,"url":"http://www.archiveofourown.com/works/179927","author":"Evil_Little_Dog","author_url":"http://archiveofourown.org/users/Evil_Little_Dog/pseuds/Evil_Little_Dog","date":"2011-04-08T04:00:00.000Z","fanfic":{"story":["\n      <h3 class=\"landmark heading\" id=\"work\">Chapter Text</h3>\n    <p>X X X</p><p>Giles stared at the images coming out of Los Angeles.  He’d never dreamed when Angel had called, the vampire was telling the truth.  Perhaps he should’ve listened more closely to the clues in Angel’s voice.  He remembered the request, replaying it in his mind as he viewed the carnage on the television screen.  Had Angel sounded desperate?  All he knew for sure was he had disregarded the request, ignoring it.</p><p>And look at the lives lost.  The invasion, for it could be considered nothing else, took up every channel.  There was no escaping it.  He wondered briefly if Riley’s unit might be gearing up in an attempt to stem the tide, if they might already be on the scene, in the beige uniforms seen in the corners of some camera angles.  He wondered what Buffy and Faith would say, when they found out he denied any assistance.</p><p>Closing his eyes, Giles pressed his hands to his face.  He’d ignored the warning signs, the prophecies of something dire building up to happen on the West Coast.  He’d brushed off a request for assistance in regard to this attack.  All Hell had literally broken loose, and perhaps, he couldn’t have stopped it, but the Slayers might’ve been able to contain it a little better.</p><p>The telephone rang, startling him out of his thoughts.  He let it ring twice more before picking it up, stuttering out a hello.  Buffy, her voice taut and worried, asked, “Giles?  What’s going on in L.A.?”</p><p>He took a deep breath, wondering how he should answer.</p><p>X X X</p>\n  ","\n      <h3 class=\"landmark heading\" id=\"work\">Chapter Text</h3>\n    <p>X X X</p><p>He couldn’t believe what was coming out of Los Angeles.  The world almost looked like it was coming to an end.  What had happened with Angel and the others?  Connor ran his hands over his hair, not even feeling his bangs falling back against his face.  His mother (not really) held onto his father (not really), seeming to whisper words at the television screen.  His sister (not really) cried.  He couldn’t hear them over the sound of his heart thudding in his chest.</p><p>Didn’t Angel have any clue this was going to happen?  Why didn’t he pass along a warning?  Connor wanted to throw back his head and howl.  The feral child of his dreams gnashed his teeth, preparing for the fight.</p><p>“Mom, Dad, you’ve got to go.”  He propelled his not-family out of the house, into the car, slammed the door shut.  “Go east, go fast, don’t look back.”  Their dazed expressions at his insistence told Connor the truth – they knew, somehow, he wasn’t really theirs.</p><p>But his not-mother tried, rolling down the window, grasping at his arm.  “You have to come with us!”</p><p>He forced a smile, touched her cheek.  “You know I can take care of myself.”  His not-sister didn’t even look up, curled in a ball in the back seat.  He shook his not-father’s hand through the window – a brief hint of warmth – then they were gone, speeding down road.</p><p>Connor took a deep breath, and another.  Steven snarled his approval, wanting to be set free.  In just a little while, Connor would loosen those chains.</p><p>But for a few seconds more, he lived as a boy with no clue of demons –</p><p>It was enough.  Time to go and fight, once more at his father’s side.</p><p>X X X</p>\n  "],"summary":[]},"summary":"Summary:  Two ficlets concerning reactions regarding the attack by Wolfram and Hart.<br>Disclaimer:  Joss never writes, he never calls, I guess the relationship is over.  But I'm still playing with his toys.","stats":{"language":"English","words":561,"hits":104,"kudos":2,"bookmarks":0,"comments":2,"chapters":{"released":2,"total":2}},"tags":{"warnings":[{"name":"No Archive Warnings Apply","url":"http://archiveofourown.org/tags/No%20Archive%20Warnings%20Apply/works"}],"characters":[{"name":"Rupert Giles","url":"http://archiveofourown.org/tags/Rupert%20Giles/works"},{"name":"Connor","url":"http://archiveofourown.org/tags/Connor/works"}],"freeforms":[{"name":"Community: fanfic_bakeoff","url":"http://archiveofourown.org/tags/Community:%20fanfic_bakeoff/works"}]}}