{"title":"Grease-Monkey","id":18025,"url":"http://www.archiveofourown.com/works/18025","author":"sageness","author_url":"http://archiveofourown.org/users/sageness/pseuds/sageness","date":"2005-05-02T04:00:00.000Z","fanfic":{"story":[],"summary":[]},"summary":"Young RayK &amp; Stella and a damned heavy American car.","stats":{"language":"English","words":1,"hits":91,"kudos":4,"bookmarks":1,"comments":0,"chapters":{"released":1,"total":1}},"tags":{"warnings":[{"name":"No Archive Warnings Apply","url":"http://archiveofourown.org/tags/No%20Archive%20Warnings%20Apply/works"}],"relationships":[{"name":"Ray Kowalski/Stella Kowalski","url":"http://archiveofourown.org/tags/Ray%20Kowalski*s*Stella%20Kowalski/works"}],"characters":[{"name":"Ray Kowalski","url":"http://archiveofourown.org/tags/Ray%20Kowalski/works"},{"name":"Stella Kowalski","url":"http://archiveofourown.org/tags/Stella%20Kowalski/works"}],"freeforms":[{"name":"Established Relationship","url":"http://archiveofourown.org/tags/Established%20Relationship/works"},{"name":"Canon - TV","url":"http://archiveofourown.org/tags/Canon%20-%20TV/works"},{"name":"Pre-Canon","url":"http://archiveofourown.org/tags/Pre-Canon/works"},{"name":"Community: ds_flashfiction","url":"http://archiveofourown.org/tags/Community:%20ds_flashfiction/works"}]}}