{"title":"Infirmed","id":181097,"url":"http://www.archiveofourown.com/works/181097","author":"rebeccavoy","author_url":"http://archiveofourown.org/users/rebeccavoy/pseuds/rebeccavoy","date":"2011-04-10T04:00:00.000Z","fanfic":{"story":[],"summary":[]},"summary":"Vala spends some time in the infirmary","stats":{"language":"English","words":793,"hits":134,"kudos":2,"bookmarks":0,"comments":1,"chapters":{"released":1,"total":1}},"tags":{"warnings":[{"name":"No Archive Warnings Apply","url":"http://archiveofourown.org/tags/No%20Archive%20Warnings%20Apply/works"}],"relationships":[{"name":"Carolyn Lam/Vala Mal Doran","url":"http://archiveofourown.org/tags/Carolyn%20Lam*s*Vala%20Mal%20Doran/works"}],"characters":[{"name":"Carolyn Lam","url":"http://archiveofourown.org/tags/Carolyn%20Lam/works"},{"name":"Vala Mal Doran","url":"http://archiveofourown.org/tags/Vala%20Mal%20Doran/works"}]}}