{"title":"Yes, We Have No Bananas","id":182401,"url":"http://www.archiveofourown.com/works/182401","author":"withdiamonds","author_url":"http://archiveofourown.org/users/withdiamonds/pseuds/withdiamonds","date":"2007-06-11T04:00:00.000Z","fanfic":{"story":[],"summary":[]},"summary":"For the Sparkly Glee Challenge, 2007","stats":{"language":"English","words":4,"hits":59,"kudos":2,"bookmarks":0,"comments":0,"chapters":{"released":1,"total":1}},"tags":{"warnings":[{"name":"No Archive Warnings Apply","url":"http://archiveofourown.org/tags/No%20Archive%20Warnings%20Apply/works"}],"relationships":[{"name":"Lance Bass/Justin Timberlake","url":"http://archiveofourown.org/tags/Lance%20Bass*s*Justin%20Timberlake/works"}]}}