{"title":"We Hold These Truths","id":183175,"url":"http://www.archiveofourown.com/works/183175","author":"ilyena_sylph","author_url":"http://archiveofourown.org/users/ilyena_sylph/pseuds/ilyena_sylph","date":"2008-08-20T04:00:00.000Z","fanfic":{"story":[],"summary":[]},"stats":{"language":"English","words":397,"hits":53,"kudos":3,"bookmarks":0,"comments":2,"chapters":{"released":1,"total":1}},"tags":{"warnings":[{"name":"No Archive Warnings Apply","url":"http://archiveofourown.org/tags/No%20Archive%20Warnings%20Apply/works"}],"relationships":[{"name":"None","url":"http://archiveofourown.org/tags/None/works"}],"characters":[{"name":"Uncle Sam - Character","url":"http://archiveofourown.org/tags/Uncle%20Sam%20-%20Character/works"}],"freeforms":[{"name":"AU","url":"http://archiveofourown.org/tags/AU/works"}]}}