{"title":"Without Fear of Wind or Vertigo (the Joker’s Wild remix)","id":184454,"url":"http://www.archiveofourown.com/works/184454","author":"minxy","author_url":"http://archiveofourown.org/users/minxy/pseuds/minxy","date":"2008-07-28T04:00:00.000Z","fanfic":{"story":[],"summary":[]},"summary":"Vala’s days are filled with getting nowhere, played back to her in the faces of her teammates as variations on a theme. Teal’c alone seeks stillness, treats it like it’s a holy thing; that at least is interesting, if disconcerting. Then again, Vala is aware that Teal’c’s own particular hell involved perhaps too much action.","stats":{"language":"English","words":6,"hits":78,"kudos":3,"bookmarks":1,"comments":0,"chapters":{"released":1,"total":1}},"tags":{"warnings":[{"name":"No Archive Warnings Apply","url":"http://archiveofourown.org/tags/No%20Archive%20Warnings%20Apply/works"}],"characters":[{"name":"Teal'c (SG-1)","url":"http://archiveofourown.org/tags/Teal'c%20(SG-1)/works"},{"name":"Vala Mal Doran","url":"http://archiveofourown.org/tags/Vala%20Mal%20Doran/works"}]}}