{"title":"guts and glory","id":188622,"url":"http://www.archiveofourown.com/works/188622","author":"macha","author_url":"http://archiveofourown.org/users/macha/pseuds/macha","date":"2007-04-21T04:00:00.000Z","fanfic":{"story":[],"summary":[]},"stats":{"language":"English","words":1,"hits":0,"kudos":0,"bookmarks":0,"comments":0,"chapters":{"released":1,"total":1}},"tags":{"warnings":[{"name":"Graphic Depictions Of Violence","url":"http://archiveofourown.org/tags/Graphic%20Depictions%20Of%20Violence/works"}],"characters":[{"name":"Faith Lehane","url":"http://archiveofourown.org/tags/Faith%20Lehane/works"},{"name":"Drusilla","url":"http://archiveofourown.org/tags/Drusilla/works"}]}}