{"title":"war and pieces","id":188615,"url":"http://www.archiveofourown.com/works/188615","author":"macha","author_url":"http://archiveofourown.org/users/macha/pseuds/macha","date":"2011-04-21T04:00:00.000Z","fanfic":{"story":[],"summary":[]},"stats":{"language":"English","words":1,"hits":0,"kudos":0,"bookmarks":0,"comments":0,"chapters":{"released":1,"total":1}},"tags":{"warnings":[{"name":"No Archive Warnings Apply","url":"http://archiveofourown.org/tags/No%20Archive%20Warnings%20Apply/works"}],"characters":[{"name":"Angel","url":"http://archiveofourown.org/tags/Angel/works"},{"name":"Spike","url":"http://archiveofourown.org/tags/Spike/works"}]}}