{"title":".367","id":189452,"url":"http://www.archiveofourown.com/works/189452","author":"jewelianna88","author_url":"http://archiveofourown.org/users/jewelianna88/pseuds/jewelianna88","date":"2011-04-23T04:00:00.000Z","fanfic":{"story":[],"summary":[]},"summary":"Baseball AU.  August ball is the heart of baseball, and Joey's found a rather unconventional lucky charm.","stats":{"language":"English","words":15,"hits":76,"kudos":8,"bookmarks":1,"comments":1,"chapters":{"released":1,"total":1}},"tags":{"warnings":[{"name":"No Archive Warnings Apply","url":"http://archiveofourown.org/tags/No%20Archive%20Warnings%20Apply/works"}],"relationships":[{"name":"JC Chasez/Joey Fatone","url":"http://archiveofourown.org/tags/JC%20Chasez*s*Joey%20Fatone/works"}]}}