{"title":"Pain","id":189798,"url":"http://www.archiveofourown.com/works/189798","author":"Nynaeve","author_url":"http://archiveofourown.org/users/Nynaeve/pseuds/Nynaeve","date":"2010-07-15T04:00:00.000Z","fanfic":{"story":[],"summary":[]},"summary":"Written for a LiveJournal stargateland challenge. Prompt: Pain. TJ comes to a realization.","stats":{"language":"English","words":369,"hits":109,"kudos":0,"bookmarks":0,"comments":0,"chapters":{"released":1,"total":1}},"tags":{"warnings":[{"name":"No Archive Warnings Apply","url":"http://archiveofourown.org/tags/No%20Archive%20Warnings%20Apply/works"}],"characters":[{"name":"Tamara Johansen","url":"http://archiveofourown.org/tags/Tamara%20Johansen/works"},{"name":"Dale Volker","url":"http://archiveofourown.org/tags/Dale%20Volker/works"},{"name":"Vanessa James","url":"http://archiveofourown.org/tags/Vanessa%20James/works"}],"freeforms":[{"name":"Season/Series 01","url":"http://archiveofourown.org/tags/Season*s*Series%2001/works"},{"name":"Unplanned Pregnancy","url":"http://archiveofourown.org/tags/Unplanned%20Pregnancy/works"},{"name":"Pregnancy","url":"http://archiveofourown.org/tags/Pregnancy/works"},{"name":"Canon Compliant","url":"http://archiveofourown.org/tags/Canon%20Compliant/works"}]}}