{"title":"Discovery","id":195707,"url":"http://www.archiveofourown.com/works/195707","author":"Sashataakheru","author_url":"http://archiveofourown.org/users/Sashataakheru/pseuds/Sashataakheru","date":"2011-05-06T04:00:00.000Z","fanfic":{"story":[],"summary":[]},"summary":"I've been long forgotten to the pages of history. No one remembers who I used to be. But I don't know if I want that to be the case anymore. You see, I'm Bruce, Jeff's dirty little secret. I'm that girl he used to know. And for a long time, I was a girl, but it wasn't a choice I wanted to make. It was just easier that way. I did love Jeff, I really did, and while I can't say he triggered my desire to transition into a man, I'm not sure any one thing really did, it isn't a bad excuse. This is my story.","stats":{"language":"English","words":4,"hits":75,"kudos":2,"bookmarks":0,"comments":4,"chapters":{"released":1,"total":1}},"tags":{"warnings":[{"name":"No Archive Warnings Apply","url":"http://archiveofourown.org/tags/No%20Archive%20Warnings%20Apply/works"}],"relationships":[{"name":"Jeff Lynne/Bruce (OC)","url":"http://archiveofourown.org/tags/Jeff%20Lynne*s*Bruce%20(OC)/works"}],"characters":[{"name":"Jeff Lynne","url":"http://archiveofourown.org/tags/Jeff%20Lynne/works"},{"name":"Bruce (OC)","url":"http://archiveofourown.org/tags/Bruce%20(OC)/works"}],"freeforms":[{"name":"Transgender","url":"http://archiveofourown.org/tags/Transgender/works"},{"name":"Community: queer_fest","url":"http://archiveofourown.org/tags/Community:%20queer_fest/works"},{"name":"cross-dressing","url":"http://archiveofourown.org/tags/cross-dressing/works"},{"name":"medical transition","url":"http://archiveofourown.org/tags/medical%20transition/works"},{"name":"first person POV","url":"http://archiveofourown.org/tags/first%20person%20POV/works"}]}}