{"title":"New Game Plus","id":198366,"url":"http://www.archiveofourown.com/works/198366","author":"FireEye","author_url":"http://archiveofourown.org/users/FireEye/pseuds/FireEye","date":"2011-05-11T04:00:00.000Z","fanfic":{"story":[],"summary":[]},"summary":"So you broke the Time Loop and you want to do it again?  What madness is this?","stats":{"language":"English","words":1,"hits":394,"kudos":5,"bookmarks":1,"comments":1,"chapters":{"released":1,"total":1}},"tags":{"warnings":[{"name":"Creator Chose Not To Use Archive Warnings","url":"http://archiveofourown.org/collections/ff_exchange2011/tags/Choose%20Not%20To%20Use%20Archive%20Warnings/works"}],"characters":[{"name":"Light Warriors","url":"http://archiveofourown.org/collections/ff_exchange2011/tags/Light%20Warriors/works"},{"name":"Garland","url":"http://archiveofourown.org/collections/ff_exchange2011/tags/Garland/works"},{"name":"Sara","url":"http://archiveofourown.org/collections/ff_exchange2011/tags/Sara/works"}]}}