{"title":"Nameless","id":20051,"url":"http://www.archiveofourown.com/works/20051","author":"My_Young_Friend","author_url":"http://archiveofourown.org/users/My_Young_Friend/pseuds/My_Young_Friend","date":"2009-11-24T05:00:00.000Z","fanfic":{"story":[],"summary":[]},"summary":"A story from the monster's point of view.","stats":{"language":"English","words":2,"hits":54,"kudos":2,"bookmarks":0,"comments":0,"chapters":{"released":1,"total":1}},"tags":{"warnings":[{"name":"Graphic Depictions Of Violence","url":"http://archiveofourown.org/tags/Graphic%20Depictions%20Of%20Violence/works"}],"relationships":[{"name":"Gen - Relationship","url":"http://archiveofourown.org/tags/Gen%20-%20Relationship/works"}],"characters":[{"name":"Dean Winchester","url":"http://archiveofourown.org/tags/Dean%20Winchester/works"},{"name":"Sam Winchester","url":"http://archiveofourown.org/tags/Sam%20Winchester/works"},{"name":"Ellen Harvelle","url":"http://archiveofourown.org/tags/Ellen%20Harvelle/works"}]}}