{"title":"Coffee History","id":201269,"url":"http://www.archiveofourown.com/works/201269","author":"TerresDeBrume","author_url":"http://archiveofourown.org/users/TerresDeBrume/pseuds/TerresDeBrume","date":"2011-05-18T04:00:00.000Z","fanfic":{"story":[],"summary":[]},"summary":"\"Kurt will never forget his first coffee.\"","stats":{"language":"English","words":1,"hits":167,"kudos":8,"bookmarks":0,"comments":0,"chapters":{"released":1,"total":1}},"tags":{"warnings":[{"name":"No Archive Warnings Apply","url":"http://archiveofourown.org/tags/No%20Archive%20Warnings%20Apply/works"}],"characters":[{"name":"Kurt Hummel","url":"http://archiveofourown.org/tags/Kurt%20Hummel/works"}],"freeforms":[{"name":"Coffee","url":"http://archiveofourown.org/tags/Coffee/works"},{"name":"Canon Compliant","url":"http://archiveofourown.org/tags/Canon%20Compliant/works"},{"name":"Mention of Death","url":"http://archiveofourown.org/tags/Mention%20of%20Death/works"}]}}