{"title":"Ever After","id":203001,"url":"http://www.archiveofourown.com/works/203001","author":"Chesari","author_url":"http://archiveofourown.org/users/Chesari/pseuds/Chesari","date":"2011-05-20T04:00:00.000Z","fanfic":{"story":[],"summary":[]},"summary":"A story, and a letter, written by one friend for the other.","stats":{"language":"English","words":1,"hits":181,"kudos":15,"bookmarks":1,"comments":0,"chapters":{"released":1,"total":1}},"tags":{"warnings":[{"name":"Creator Chose Not To Use Archive Warnings","url":"http://archiveofourown.org/tags/Choose%20Not%20To%20Use%20Archive%20Warnings/works"}],"characters":[{"name":"Jake Sisko","url":"http://archiveofourown.org/tags/Jake%20Sisko/works"},{"name":"Nog (Star Trek)","url":"http://archiveofourown.org/tags/Nog%20(Star%20Trek)/works"}],"freeforms":[{"name":"Friendship","url":"http://archiveofourown.org/tags/Friendship/works"},{"name":"Canonical Character Death","url":"http://archiveofourown.org/tags/Canonical%20Character%20Death/works"},{"name":"POV First Person","url":"http://archiveofourown.org/tags/POV%20First%20Person/works"}]}}