{"title":"Fathers","id":20695,"url":"http://www.archiveofourown.com/works/20695","author":"lily_lovely","author_url":"http://archiveofourown.org/users/lily_lovely/pseuds/lily_lovely","date":"2009-08-22T04:00:00.000Z","fanfic":{"story":[],"summary":[]},"summary":"Father's Day makes them remember, whether they want to or not.","stats":{"language":"English","words":613,"hits":61,"kudos":0,"bookmarks":0,"comments":0,"chapters":{"released":1,"total":1}},"tags":{"warnings":[{"name":"Creator Chose Not To Use Archive Warnings","url":"http://archiveofourown.org/tags/Choose%20Not%20To%20Use%20Archive%20Warnings/works"}],"characters":[{"name":"Ensemble","url":"http://archiveofourown.org/tags/Ensemble/works"}],"freeforms":[{"name":"Remorse","url":"http://archiveofourown.org/tags/Remorse/works"},{"name":"Angst","url":"http://archiveofourown.org/tags/Angst/works"}]}}