{"title":"Strike One","id":208210,"url":"http://www.archiveofourown.com/works/208210","author":"Macx","author_url":"http://archiveofourown.org/users/Macx/pseuds/Macx","date":"2011-06-04T04:00:00.000Z","fanfic":{"story":[],"summary":[]},"summary":"The war has broken out for real and the Tji are making their moves. Back on Cybertron the discovery of an ancient Decepticon base turns out to have some bad surprises in store.","stats":{"language":"English","words":21,"hits":94,"kudos":0,"bookmarks":1,"comments":0,"chapters":{"released":1,"total":1}},"tags":{"warnings":[{"name":"No Archive Warnings Apply","url":"http://archiveofourown.org/tags/No%20Archive%20Warnings%20Apply/works"}],"freeforms":[{"name":"Hurt/Comfort","url":"http://archiveofourown.org/tags/Hurt*s*Comfort/works"},{"name":"Angst","url":"http://archiveofourown.org/tags/Angst/works"}]}}