{"title":"Profound Bonds","id":208241,"url":"http://www.archiveofourown.com/works/208241","author":"casness","author_url":"http://archiveofourown.org/users/casness/pseuds/casness","date":"2011-06-04T04:00:00.000Z","fanfic":{"story":[],"summary":[]},"summary":"Dean thinks about Castiel and gets his first hope to returning Cas to normal.","stats":{"language":"English","words":576,"hits":128,"kudos":1,"bookmarks":0,"comments":0,"chapters":{"released":1,"total":1}},"tags":{"warnings":[{"name":"No Archive Warnings Apply","url":"http://archiveofourown.org/tags/No%20Archive%20Warnings%20Apply/works"}],"characters":[{"name":"Dean Winchester","url":"http://archiveofourown.org/tags/Dean%20Winchester/works"},{"name":"Castiel","url":"http://archiveofourown.org/tags/Castiel/works"}],"freeforms":[{"name":"Episode Related","url":"http://archiveofourown.org/tags/Episode%20Related/works"}]}}