{"title":"Shock Therapy","id":208458,"url":"http://www.archiveofourown.com/works/208458","author":"Macx","author_url":"http://archiveofourown.org/users/Macx/pseuds/Macx","date":"2011-06-05T04:00:00.000Z","fanfic":{"story":[],"summary":[]},"summary":"Optimus Prime tries to deal with his inner demon, a deeply routed fear ... of possessions and Tji.","stats":{"language":"English","words":3,"hits":128,"kudos":1,"bookmarks":1,"comments":0,"chapters":{"released":1,"total":1}},"tags":{"warnings":[{"name":"No Archive Warnings Apply","url":"http://archiveofourown.org/tags/No%20Archive%20Warnings%20Apply/works"}],"characters":[{"name":"Optimus Prime","url":"http://archiveofourown.org/tags/Optimus%20Prime/works"}]}}