{"title":"Curiosity","id":214652,"url":"http://www.archiveofourown.com/works/214652","author":"DeaLunae","author_url":"http://archiveofourown.org/users/DeaLunae/pseuds/DeaLunae","date":"2011-06-23T04:00:00.000Z","fanfic":{"story":[],"summary":[]},"summary":"It is never a good thing when Ryutaros gets curious, especially about something like acrobatics. Urataros has to deal with the consequences. Mild Ura/Ryu but can be taken as friendship if you want.","stats":{"language":"English","words":807,"hits":158,"kudos":8,"bookmarks":0,"comments":0,"chapters":{"released":1,"total":1}},"tags":{"warnings":[{"name":"No Archive Warnings Apply","url":"http://archiveofourown.org/tags/No%20Archive%20Warnings%20Apply/works"}],"relationships":[{"name":"Urataros/Ryuutaros","url":"http://archiveofourown.org/tags/Urataros*s*Ryuutaros/works"}],"characters":[{"name":"Urataros","url":"http://archiveofourown.org/tags/Urataros/works"},{"name":"Ryuutaros","url":"http://archiveofourown.org/tags/Ryuutaros/works"}]}}