{"title":"Last Night","id":215265,"url":"http://www.archiveofourown.com/works/215265","author":"TardisIsTheOnlyWayToTravel","author_url":"http://archiveofourown.org/users/TardisIsTheOnlyWayToTravel/pseuds/TardisIsTheOnlyWayToTravel","date":"2011-06-25T04:00:00.000Z","fanfic":{"story":[],"summary":[]},"summary":"Dean should have known better than to get drunk with Cas. Human AU.","stats":{"language":"English","words":1,"hits":2595,"kudos":104,"bookmarks":4,"comments":5,"chapters":{"released":1,"total":1}},"tags":{"warnings":[{"name":"Creator Chose Not To Use Archive Warnings","url":"http://archiveofourown.org/tags/Choose%20Not%20To%20Use%20Archive%20Warnings/works"}],"relationships":[{"name":"Dean/Castiel","url":"http://archiveofourown.org/tags/Dean*s*Castiel/works"}],"characters":[{"name":"Dean Winchester","url":"http://archiveofourown.org/tags/Dean%20Winchester/works"},{"name":"Castiel","url":"http://archiveofourown.org/tags/Castiel/works"}],"freeforms":[{"name":"human AU","url":"http://archiveofourown.org/tags/human%20AU/works"},{"name":"Humour","url":"http://archiveofourown.org/tags/Humour/works"},{"name":"Slash","url":"http://archiveofourown.org/tags/Slash/works"}]}}