{"title":"The Dead Flag Blues/4 Minute Warning","id":219462,"url":"http://www.archiveofourown.com/works/219462","author":"perihadion","author_url":"http://archiveofourown.org/users/perihadion/pseuds/perihadion","date":"2011-07-05T04:00:00.000Z","fanfic":{"story":[],"summary":[]},"summary":"Clark and Lois at the end of the world.","stats":{"language":"English","words":2,"hits":121,"kudos":1,"bookmarks":0,"comments":0,"chapters":{"released":1,"total":1}},"tags":{"warnings":[{"name":"No Archive Warnings Apply","url":"http://archiveofourown.org/tags/No%20Archive%20Warnings%20Apply/works"}],"relationships":[{"name":"Clark/Lois","url":"http://archiveofourown.org/tags/Clark*s*Lois/works"}],"characters":[{"name":"Clark Kent","url":"http://archiveofourown.org/tags/Clark%20Kent/works"},{"name":"Lois Lane","url":"http://archiveofourown.org/tags/Lois%20Lane/works"}],"freeforms":[{"name":"Alternate Universe - Apocalypse","url":"http://archiveofourown.org/tags/Alternate%20Universe%20-%20Apocalypse/works"}]}}