{"title":"Shattered Mirror","id":219791,"url":"http://www.archiveofourown.com/works/219791","author":"Vera (Vera_DragonMuse)","author_url":"http://archiveofourown.org/users/Vera_DragonMuse/pseuds/Vera","date":"2010-11-05T04:00:00.000Z","fanfic":{"story":[],"summary":[]},"summary":"Spike meets himself from another life. Written for Round One, Challenge Nine of Last Author Standing: Jossverse","stats":{"language":"English","words":915,"hits":89,"kudos":4,"bookmarks":0,"comments":0,"chapters":{"released":1,"total":1}},"tags":{"warnings":[{"name":"Creator Chose Not To Use Archive Warnings","url":"http://archiveofourown.org/tags/Choose%20Not%20To%20Use%20Archive%20Warnings/works"}],"characters":[{"name":"Spike (BtVS)","url":"http://archiveofourown.org/tags/Spike%20(BtVS)/works"}]}}