{"title":"Meal Ticket","id":220935,"url":"http://www.archiveofourown.com/works/220935","author":"snarechan","author_url":"http://archiveofourown.org/users/snarechan/pseuds/snarechan","date":"2010-09-30T04:00:00.000Z","fanfic":{"story":[],"summary":[]},"summary":"Zell and Squall are opposites in every way but one: enjoying salad dressed hotdogs.","stats":{"language":"English","words":988,"hits":49,"kudos":1,"bookmarks":0,"comments":0,"chapters":{"released":1,"total":1}},"tags":{"warnings":[{"name":"No Archive Warnings Apply","url":"http://archiveofourown.org/tags/No%20Archive%20Warnings%20Apply/works"}],"characters":[{"name":"Squall Leonhart","url":"http://archiveofourown.org/tags/Squall%20Leonhart/works"},{"name":"Zell Dincht","url":"http://archiveofourown.org/tags/Zell%20Dincht/works"}],"freeforms":[{"name":"Humor","url":"http://archiveofourown.org/tags/Humor/works"}]}}