{"title":"The Thrice-Raised Man","id":223047,"url":"http://www.archiveofourown.com/works/223047","author":"astrothsknot","author_url":"http://archiveofourown.org/users/astrothsknot/pseuds/astrothsknot","date":"2011-07-12T04:00:00.000Z","fanfic":{"story":[],"summary":[]},"stats":{"language":"English","words":436,"hits":73,"kudos":0,"bookmarks":0,"comments":0,"chapters":{"released":1,"total":1}},"tags":{"warnings":[{"name":"Creator Chose Not To Use Archive Warnings","url":"http://archiveofourown.org/tags/Choose%20Not%20To%20Use%20Archive%20Warnings/works"}]}}