{"title":"A Moment Snatched From Time","id":223054,"url":"http://www.archiveofourown.com/works/223054","author":"astrothsknot","author_url":"http://archiveofourown.org/users/astrothsknot/pseuds/astrothsknot","date":"2011-07-12T04:00:00.000Z","fanfic":{"story":[],"summary":[]},"stats":{"language":"English","words":794,"hits":66,"kudos":0,"bookmarks":0,"comments":0,"chapters":{"released":1,"total":1}},"tags":{"warnings":[{"name":"Creator Chose Not To Use Archive Warnings","url":"http://archiveofourown.org/tags/Choose%20Not%20To%20Use%20Archive%20Warnings/works"},{"name":"No Archive Warnings Apply","url":"http://archiveofourown.org/tags/No%20Archive%20Warnings%20Apply/works"}]}}