{"title":"Half way between Heaven and Hell","id":224021,"url":"http://www.archiveofourown.com/works/224021","author":"Witchofnovember","author_url":"http://archiveofourown.org/users/Witchofnovember/pseuds/Witchofnovember","date":"2011-07-15T04:00:00.000Z","fanfic":{"story":[],"summary":[]},"summary":"Sad thing was, this was just an ordinary Saturday night on Gotham's streets.","stats":{"language":"English","words":1,"hits":160,"kudos":5,"bookmarks":0,"comments":0,"chapters":{"released":1,"total":1}},"tags":{"warnings":[{"name":"Graphic Depictions Of Violence","url":"http://archiveofourown.org/tags/Graphic%20Depictions%20Of%20Violence/works"}]}}