{"title":"When Sungmin Met Kyuhyun and Taemin","id":224867,"url":"http://www.archiveofourown.com/works/224867","author":"mellchaaa","author_url":"http://archiveofourown.org/users/mellchaaa/pseuds/mellchaaa","date":"2011-07-17T04:00:00.000Z","fanfic":{"story":[],"summary":[]},"summary":"Sungmin menemukan Kyuhyun dan Taemin di cafe dengan keadaan mengenaskan. Sebenarnya apa yang menimpa mereka berdua? Sampai-sampai Taemin pingsan? CRACK! Mind to review? :3","stats":{"language":"English","words":3,"hits":112,"kudos":0,"bookmarks":0,"comments":3,"chapters":{"released":1,"total":1}},"tags":{"warnings":[{"name":"Creator Chose Not To Use Archive Warnings","url":"http://archiveofourown.org/tags/Choose%20Not%20To%20Use%20Archive%20Warnings/works"}],"characters":[{"name":"Cho Kyuhyun","url":"http://archiveofourown.org/tags/Cho%20Kyuhyun/works"},{"name":"Lee Sungmin","url":"http://archiveofourown.org/tags/Lee%20Sungmin/works"},{"name":"Lee Taemin","url":"http://archiveofourown.org/tags/Lee%20Taemin/works"},{"name":"Choi Minho","url":"http://archiveofourown.org/tags/Choi%20Minho/works"},{"name":"Kim Kibum \"Key\"","url":"http://archiveofourown.org/tags/Kim%20Kibum%20%22Key%22/works"},{"name":"Lee Jinki","url":"http://archiveofourown.org/tags/Lee%20Jinki/works"},{"name":"Kim Jonghyun","url":"http://archiveofourown.org/tags/Kim%20Jonghyun/works"}],"freeforms":[{"name":"Humor","url":"http://archiveofourown.org/tags/Humor/works"},{"name":"Crack","url":"http://archiveofourown.org/tags/Crack/works"}]}}