{"title":"Like Magic","id":22547,"url":"http://www.archiveofourown.com/works/22547","author":"Sally Mn (sallymn)","author_url":"http://archiveofourown.org/users/sallymn/pseuds/Sally%20Mn","date":"2009-11-27T05:00:00.000Z","fanfic":{"story":[],"summary":[]},"summary":"Thoughts on the subject to magic, from - of all people - Zen.","stats":{"language":"English","words":649,"hits":90,"kudos":1,"bookmarks":0,"comments":0,"chapters":{"released":1,"total":1}},"tags":{"warnings":[{"name":"No Archive Warnings Apply","url":"http://archiveofourown.org/tags/No%20Archive%20Warnings%20Apply/works"}],"characters":[{"name":"Zen","url":"http://archiveofourown.org/tags/Zen/works"},{"name":"Roj Blake","url":"http://archiveofourown.org/tags/Roj%20Blake/works"},{"name":"Kerr Avon","url":"http://archiveofourown.org/tags/Kerr%20Avon/works"},{"name":"Olag Gan","url":"http://archiveofourown.org/tags/Olag%20Gan/works"},{"name":"Vila Restal","url":"http://archiveofourown.org/tags/Vila%20Restal/works"},{"name":"Jenna Stannis","url":"http://archiveofourown.org/tags/Jenna%20Stannis/works"}],"freeforms":[{"name":"Series 1","url":"http://archiveofourown.org/tags/Series%201/works"},{"name":"AU","url":"http://archiveofourown.org/tags/AU/works"}]}}