{"title":"Turning over in my mind - Dead in the water","id":226551,"url":"http://www.archiveofourown.com/works/226551","author":"lavishsqualor","author_url":"http://archiveofourown.org/users/lavishsqualor/pseuds/lavishsqualor","date":"2011-05-31T04:00:00.000Z","fanfic":{"story":[],"summary":[]},"stats":{"language":"English","words":610,"hits":68,"kudos":0,"bookmarks":0,"comments":0,"chapters":{"released":1,"total":1}},"tags":{"warnings":[{"name":"No Archive Warnings Apply","url":"http://archiveofourown.org/tags/No%20Archive%20Warnings%20Apply/works"}],"characters":[{"name":"Sam Winchester","url":"http://archiveofourown.org/tags/Sam%20Winchester/works"},{"name":"Dean Winchester","url":"http://archiveofourown.org/tags/Dean%20Winchester/works"}],"freeforms":[{"name":"preslash","url":"http://archiveofourown.org/tags/preslash/works"}]}}