{"title":"Smoke Trail","id":229259,"url":"http://www.archiveofourown.com/works/229259","author":"runawayballista","author_url":"http://archiveofourown.org/users/runawayballista/pseuds/runawayballista","date":"2009-01-08T05:00:00.000Z","fanfic":{"story":[],"summary":[]},"summary":"Marno's whole life has been a smoke trail.","stats":{"language":"English","words":469,"hits":60,"kudos":1,"bookmarks":0,"comments":0,"chapters":{"released":1,"total":1}},"tags":{"warnings":[{"name":"No Archive Warnings Apply","url":"http://archiveofourown.org/tags/No%20Archive%20Warnings%20Apply/works"}],"characters":[{"name":"Marno (Baten Kaitos)","url":"http://archiveofourown.org/tags/Marno%20(Baten%20Kaitos)/works"},{"name":"Thoran (Baten Kaitos)","url":"http://archiveofourown.org/tags/Thoran%20(Baten%20Kaitos)/works"}]}}