{"title":"Rumor Has It","id":230504,"url":"http://www.archiveofourown.com/works/230504","author":"lucida","author_url":"http://archiveofourown.org/users/lucida/pseuds/lucida","date":"2011-07-29T04:00:00.000Z","fanfic":{"story":[],"summary":[]},"summary":"“Rumor has it that you and Sunny kissed,” Maggie teased Ducky, curling a strand of blue-streaked hair around one of her fingers.","stats":{"language":"English","words":483,"hits":172,"kudos":3,"bookmarks":0,"comments":0,"chapters":{"released":1,"total":1}},"tags":{"warnings":[{"name":"No Archive Warnings Apply","url":"http://archiveofourown.org/tags/No%20Archive%20Warnings%20Apply/works"}],"characters":[{"name":"Ducky McCrae","url":"http://archiveofourown.org/tags/Ducky%20McCrae/works"},{"name":"Sunny Winslow","url":"http://archiveofourown.org/tags/Sunny%20Winslow/works"},{"name":"Maggie Blume","url":"http://archiveofourown.org/tags/Maggie%20Blume/works"}]}}