{"title":"The Chocolate War","id":232341,"url":"http://www.archiveofourown.com/works/232341","author":"astrangerenters","author_url":"http://archiveofourown.org/users/astrangerenters/pseuds/astrangerenters","date":"2008-09-30T04:00:00.000Z","fanfic":{"story":[],"summary":[]},"summary":"Blair's planning the fondue event of the year until Chuck arrives with some bad news...and some kisses. But not the kind you're thinking. Mild spoilers through 2x05/The Serena Also Rises.","stats":{"language":"English","words":1,"hits":104,"kudos":1,"bookmarks":0,"comments":0,"chapters":{"released":1,"total":1}},"tags":{"warnings":[{"name":"No Archive Warnings Apply","url":"http://archiveofourown.org/tags/No%20Archive%20Warnings%20Apply/works"}],"characters":[{"name":"Blair Waldorf","url":"http://archiveofourown.org/tags/Blair%20Waldorf/works"},{"name":"Chuck Bass","url":"http://archiveofourown.org/tags/Chuck%20Bass/works"},{"name":"Dorota Kishlovsky","url":"http://archiveofourown.org/tags/Dorota%20Kishlovsky/works"}],"freeforms":[{"name":"Missing Scene","url":"http://archiveofourown.org/tags/Missing%20Scene/works"},{"name":"Angst","url":"http://archiveofourown.org/tags/Angst/works"}]}}