{"title":"Prayers For Strength","id":232320,"url":"http://www.archiveofourown.com/works/232320","author":"astrangerenters","author_url":"http://archiveofourown.org/users/astrangerenters/pseuds/astrangerenters","date":"2008-10-19T04:00:00.000Z","fanfic":{"story":[],"summary":[]},"summary":"Yuna's conflicting thoughts upon her arrival at Macalania Temple. Could she turn her back on these people? But could she in good conscience marry a murderer?","stats":{"language":"English","words":1,"hits":59,"kudos":3,"bookmarks":1,"comments":0,"chapters":{"released":1,"total":1}},"tags":{"warnings":[{"name":"No Archive Warnings Apply","url":"http://archiveofourown.org/tags/No%20Archive%20Warnings%20Apply/works"}],"characters":[{"name":"Yuna (Final Fantasy X &amp; X-2)","url":"http://archiveofourown.org/tags/Yuna%20(Final%20Fantasy%20X%20*a*%20X-2)/works"},{"name":"Seymour Guado","url":"http://archiveofourown.org/tags/Seymour%20Guado/works"}],"freeforms":[{"name":"Missing Scene","url":"http://archiveofourown.org/tags/Missing%20Scene/works"}]}}