{"title":"Drinking Buddies","id":237820,"url":"http://www.archiveofourown.com/works/237820","author":"redeem147","author_url":"http://archiveofourown.org/users/redeem147/pseuds/redeem147","date":"2011-08-10T04:00:00.000Z","fanfic":{"story":[],"summary":[]},"summary":"So, how DID Wes know who Spike was?","stats":{"language":"English","words":392,"hits":52,"kudos":0,"bookmarks":0,"comments":0,"chapters":{"released":1,"total":1}},"tags":{"warnings":[{"name":"Graphic Depictions Of Violence","url":"http://archiveofourown.org/tags/Graphic%20Depictions%20Of%20Violence/works"},{"name":"Major Character Death","url":"http://archiveofourown.org/tags/Major%20Character%20Death/works"}],"characters":[{"name":"Angel","url":"http://archiveofourown.org/tags/Angel/works"},{"name":"Wesley","url":"http://archiveofourown.org/tags/Wesley/works"}],"freeforms":[{"name":"Dark","url":"http://archiveofourown.org/tags/Dark/works"},{"name":"Alternate Reality","url":"http://archiveofourown.org/tags/Alternate%20Reality/works"}]}}