{"title":"Keep the Customer Satisfied","id":244466,"url":"http://www.archiveofourown.com/works/244466","author":"Todesengel","author_url":"http://archiveofourown.org/users/Todesengel/pseuds/Todesengel","date":"2003-08-09T04:00:00.000Z","fanfic":{"story":[],"summary":[]},"summary":"Pidge is just doing this to save Keith's helpless electronic gadgets. No, really.","stats":{"language":"English","words":541,"hits":86,"kudos":1,"bookmarks":0,"comments":0,"chapters":{"released":1,"total":1}},"tags":{"warnings":[{"name":"No Archive Warnings Apply","url":"http://archiveofourown.org/tags/No%20Archive%20Warnings%20Apply/works"}],"relationships":[{"name":"Keith/Pidge (Voltron)","url":"http://archiveofourown.org/tags/Keith*s*Pidge%20(Voltron)/works"}],"characters":[{"name":"Keith (Voltron)","url":"http://archiveofourown.org/tags/Keith%20(Voltron)/works"},{"name":"Pidge (Voltron)","url":"http://archiveofourown.org/tags/Pidge%20(Voltron)/works"}],"freeforms":[{"name":"Humor","url":"http://archiveofourown.org/tags/Humor/works"},{"name":"Fluff","url":"http://archiveofourown.org/tags/Fluff/works"}]}}