{"title":"A Worn-Out Place","id":24961,"url":"http://www.archiveofourown.com/works/24961","author":"voleuse","author_url":"http://archiveofourown.org/users/voleuse/pseuds/voleuse","date":"2008-02-04T05:00:00.000Z","fanfic":{"story":[],"summary":[]},"summary":"<em>A certain space -- however small -- should be left scarred by the grand and damaging parade.</em>","stats":{"language":"English","words":339,"hits":57,"kudos":0,"bookmarks":0,"comments":0,"chapters":{"released":1,"total":1}},"tags":{"warnings":[{"name":"No Archive Warnings Apply","url":"http://archiveofourown.org/tags/No%20Archive%20Warnings%20Apply/works"}],"characters":[{"name":"Lisa Cuddy","url":"http://archiveofourown.org/tags/Lisa%20Cuddy/works"}]}}