{"title":"Thunderbolt","id":253465,"url":"http://www.archiveofourown.com/works/253465","author":"Sela21k","author_url":"http://archiveofourown.org/users/Sela21k/pseuds/Sela21k","date":"2011-09-14T04:00:00.000Z","fanfic":{"story":[],"summary":[]},"summary":"Damn. It was too late. Here she was again, in love with a patient under her care.","stats":{"language":"English","words":796,"hits":104,"kudos":0,"bookmarks":0,"comments":0,"chapters":{"released":1,"total":1}},"tags":{"warnings":[{"name":"No Archive Warnings Apply","url":"http://archiveofourown.org/tags/No%20Archive%20Warnings%20Apply/works"}],"characters":[{"name":"Janet Fraiser","url":"http://archiveofourown.org/tags/Janet%20Fraiser/works"}],"freeforms":[{"name":"Unresolved Sexual Tension","url":"http://archiveofourown.org/tags/Unresolved%20Sexual%20Tension/works"}]}}