{"title":"By Expectation Beguiled","id":254691,"url":"http://www.archiveofourown.com/works/254691","author":"Amy R (Brightknightie)","author_url":"http://archiveofourown.org/users/Brightknightie/pseuds/Amy%20R","date":"2006-07-29T04:00:00.000Z","fanfic":{"story":[],"summary":[]},"summary":"A shift at the Raven hinges on personal intangibles that have nothing to do with work.<br>&nbsp;&nbsp;&nbsp;&nbsp;&nbsp;  <em>\"This was one of the nights when she felt how very good she was at what she did, and how much it was worth the doing.\"</em><br><small>(Original: July 2006.)</small>","stats":{"language":"English","words":1,"hits":71,"kudos":0,"bookmarks":0,"comments":0,"chapters":{"released":1,"total":1}},"tags":{"warnings":[{"name":"No Archive Warnings Apply","url":"http://archiveofourown.org/tags/No%20Archive%20Warnings%20Apply/works"}],"relationships":[{"name":"Nick/Janette","url":"http://archiveofourown.org/tags/Nick*s*Janette/works"}],"characters":[{"name":"Janette DuCharme","url":"http://archiveofourown.org/tags/Janette%20DuCharme/works"},{"name":"Miklos","url":"http://archiveofourown.org/tags/Miklos/works"},{"name":"Alma","url":"http://archiveofourown.org/tags/Alma/works"},{"name":"Briana","url":"http://archiveofourown.org/tags/Briana/works"},{"name":"Nick Knight","url":"http://archiveofourown.org/tags/Nick%20Knight/works"}]}}