{"title":"The Elements","id":25510,"url":"http://www.archiveofourown.com/works/25510","author":"ReneeMR","author_url":"http://archiveofourown.org/users/ReneeMR/pseuds/ReneeMR","date":"2001-10-05T04:00:00.000Z","fanfic":{"story":[],"summary":[]},"summary":"A four-story arc of missing moments with Methos and Duncan from just before 'Through a Glass Darkly' to sometime around 'The Valkyrie.'","stats":{"language":"English","words":2,"hits":205,"kudos":0,"bookmarks":0,"comments":0,"chapters":{"released":1,"total":1}},"tags":{"warnings":[{"name":"No Archive Warnings Apply","url":"http://archiveofourown.org/tags/No%20Archive%20Warnings%20Apply/works"}],"characters":[{"name":"MacLeod - Character","url":"http://archiveofourown.org/tags/MacLeod%20-%20Character/works"},{"name":"Methos","url":"http://archiveofourown.org/tags/Methos/works"}],"freeforms":[{"name":"Highlander - Freeform","url":"http://archiveofourown.org/tags/Highlander%20-%20Freeform/works"},{"name":"short attention span fanfic","url":"http://archiveofourown.org/tags/short%20attention%20span%20fanfic/works"},{"name":"MacLeod - Freeform","url":"http://archiveofourown.org/tags/MacLeod%20-%20Freeform/works"},{"name":"methos - Freeform","url":"http://archiveofourown.org/tags/methos%20-%20Freeform/works"},{"name":"Angst","url":"http://archiveofourown.org/tags/Angst/works"},{"name":"Friendship","url":"http://archiveofourown.org/tags/Friendship/works"},{"name":"UST","url":"http://archiveofourown.org/tags/UST/works"}]}}