{"title":"Somethings wrong with that boy","id":255538,"url":"http://www.archiveofourown.com/works/255538","author":"kaitlia777","author_url":"http://archiveofourown.org/users/kaitlia777/pseuds/kaitlia777","date":"2011-09-20T04:00:00.000Z","fanfic":{"story":[],"summary":[]},"summary":"Dude, Did you know you can just rent an elephant?","stats":{"language":"English","words":397,"hits":279,"kudos":12,"bookmarks":0,"comments":3,"chapters":{"released":1,"total":1}},"tags":{"warnings":[{"name":"Creator Chose Not To Use Archive Warnings","url":"http://archiveofourown.org/tags/Choose%20Not%20To%20Use%20Archive%20Warnings/works"}],"characters":[{"name":"Ensemble","url":"http://archiveofourown.org/tags/Ensemble/works"}],"freeforms":[{"name":"Crack","url":"http://archiveofourown.org/tags/Crack/works"}]}}