{"title":"Restart of a Beautiful Relationship","id":255677,"url":"http://www.archiveofourown.com/works/255677","author":"kahlannightwing","author_url":"http://archiveofourown.org/users/kahlannightwing/pseuds/kahlannightwing","date":"2010-09-06T04:00:00.000Z","fanfic":{"story":[],"summary":[]},"summary":"A lot has happened to separate Vhearun and Ryldril. Can things be repaired?","stats":{"language":"English","words":1,"hits":63,"kudos":0,"bookmarks":0,"comments":1,"chapters":{"released":1,"total":1}},"tags":{"warnings":[{"name":"No Archive Warnings Apply","url":"http://archiveofourown.org/tags/No%20Archive%20Warnings%20Apply/works"}],"relationships":[{"name":"Vhearun/Bitten","url":"http://archiveofourown.org/tags/Vhearun*s*Bitten/works"}],"characters":[{"name":"Ryldril","url":"http://archiveofourown.org/tags/Ryldril/works"},{"name":"Vhearun","url":"http://archiveofourown.org/tags/Vhearun/works"},{"name":"Amery Bitten Em Dewitt","url":"http://archiveofourown.org/tags/Amery%20Bitten%20Em%20Dewitt/works"}]}}