{"title":"Choices","id":256870,"url":"http://www.archiveofourown.com/works/256870","author":"Storm_Rain","author_url":"http://archiveofourown.org/users/Storm_Rain/pseuds/Storm_Rain","date":"2011-09-24T04:00:00.000Z","fanfic":{"story":[],"summary":[]},"summary":"SPOILERS FOR 7x01!","stats":{"language":"English","words":474,"hits":419,"kudos":9,"bookmarks":1,"comments":0,"chapters":{"released":1,"total":1}},"tags":{"warnings":[{"name":"Creator Chose Not To Use Archive Warnings","url":"http://archiveofourown.org/tags/Choose%20Not%20To%20Use%20Archive%20Warnings/works"}],"characters":[{"name":"Castiel","url":"http://archiveofourown.org/tags/Castiel/works"},{"name":"Gabriel (Supernatural)","url":"http://archiveofourown.org/tags/Gabriel%20(Supernatural)/works"},{"name":"Balthazar (Supernatural)","url":"http://archiveofourown.org/tags/Balthazar%20(Supernatural)/works"},{"name":"Anna Milton","url":"http://archiveofourown.org/tags/Anna%20Milton/works"},{"name":"Uriel (Supernatural)","url":"http://archiveofourown.org/tags/Uriel%20(Supernatural)/works"},{"name":"Zachariah (Supernatural)","url":"http://archiveofourown.org/tags/Zachariah%20(Supernatural)/works"}],"freeforms":[{"name":"Spoilers","url":"http://archiveofourown.org/tags/Spoilers/works"}]}}