{"title":"Fairy Tale, Ending","id":257192,"url":"http://www.archiveofourown.com/works/257192","author":"rose_griffes","author_url":"http://archiveofourown.org/users/rose_griffes/pseuds/rose_griffes","date":"2007-05-07T04:00:00.000Z","fanfic":{"story":[],"summary":[]},"summary":"Cally through the end of season three.","stats":{"language":"English","words":1,"hits":71,"kudos":1,"bookmarks":0,"comments":0,"chapters":{"released":1,"total":1}},"tags":{"warnings":[{"name":"Creator Chose Not To Use Archive Warnings","url":"http://archiveofourown.org/tags/Choose%20Not%20To%20Use%20Archive%20Warnings/works"}],"relationships":[{"name":"Cally Henderson/Galen Tyrol","url":"http://archiveofourown.org/tags/Cally%20Henderson*s*Galen%20Tyrol/works"},{"name":"Galen Tyrol/Sharon \"Boomer\" Valerii","url":"http://archiveofourown.org/tags/Galen%20Tyrol*s*Sharon%20%22Boomer%22%20Valerii/works"}],"characters":[{"name":"Cally Henderson","url":"http://archiveofourown.org/tags/Cally%20Henderson/works"},{"name":"Galen Tyrol","url":"http://archiveofourown.org/tags/Galen%20Tyrol/works"},{"name":"Nicky Tyrol","url":"http://archiveofourown.org/tags/Nicky%20Tyrol/works"}],"freeforms":[{"name":"Angst","url":"http://archiveofourown.org/tags/Angst/works"},{"name":"Cylons","url":"http://archiveofourown.org/tags/Cylons/works"},{"name":"Character Study","url":"http://archiveofourown.org/tags/Character%20Study/works"},{"name":"Fairy Tales","url":"http://archiveofourown.org/tags/Fairy%20Tales/works"}]}}