{"title":"All Things Fall and Are Built Again","id":25830,"url":"http://www.archiveofourown.com/works/25830","author":"anonymous_sibyl","author_url":"http://archiveofourown.org/users/anonymous_sibyl/pseuds/anonymous_sibyl","date":"2008-02-13T05:00:00.000Z","fanfic":{"story":[],"summary":[]},"summary":"\"All perform their tragic play, / There struts Hamlet, there is Lear, / That's Ophelia, that Cordelia\"","stats":{"language":"English","words":1,"hits":89,"kudos":1,"bookmarks":0,"comments":0,"chapters":{"released":1,"total":1}},"tags":{"warnings":[{"name":"No Archive Warnings Apply","url":"http://archiveofourown.org/tags/No%20Archive%20Warnings%20Apply/works"}],"relationships":[{"name":"Karl 'Helo' Agathon/Anastasia Dualla","url":"http://archiveofourown.org/tags/Karl%20'Helo'%20Agathon*s*Anastasia%20Dualla/works"}],"characters":[{"name":"Karl 'Helo' Agathon","url":"http://archiveofourown.org/tags/Karl%20'Helo'%20Agathon/works"},{"name":"Anastasia Dualla","url":"http://archiveofourown.org/tags/Anastasia%20Dualla/works"}],"freeforms":[{"name":"Helo ShAgathon","url":"http://archiveofourown.org/tags/Helo%20ShAgathon/works"},{"name":"Character of Color","url":"http://archiveofourown.org/tags/Character%20of%20Color/works"}]}}