{"title":"Be Careful What You Wish For","id":259662,"url":"http://www.archiveofourown.com/works/259662","author":"Steffie","author_url":"http://archiveofourown.org/users/Steffie/pseuds/Steffie","date":"2011-10-01T04:00:00.000Z","fanfic":{"story":["\n      <h3 class=\"landmark heading\" id=\"work\">Chapter Text</h3>\n    <p>Transylvania, home of the prince of darkness Count Duckula. As the new day dawns <br>in vampire country, the residents shall soon learn the hard way that you can't <br>always have your greatest desire granted without great consequences...</p><p>*Meanwhile in Count Duckula's bedroom*</p><p>Count Duckula was grinning from ear to ear as he held the wishing star in his <br>hand.<br>\"I wish with all my heart that I would the most popular fowl in the entire <br>world.\" the mallard stated. A moment later, the wishing star sparkled as it <br>granted Duckula's wish....</p><p>*Meanwhile in Nanny's bedroom*</p><p>Nanny took a deep breath, being quite careful not to break the wishing star that <br>was in her hand.<br>\"I wish with all my heart that I would be young, smart and thin again, like back <br>on the day I first met Igor.\" The wishing star sparkled as it granted Nanny's <br>wish...</p><p>*Meanwhile in the library*</p><p>Igor clutched the wishing star in his hand as he closed his eyes.<br>\"I wish with all my heart that my Master Count Duckula would finally be a true <br>vampire duck.\" Igor chanted. The wishing sparkled as it granted Igor's wish...</p><p>*Meanwhile in Dr. Von Goosewing's cottage*</p><p>Dr. Von Goosewing closed his eyes as he quietly prayed to himself. After he had <br>finished praying, he picked the wishing star up.<br>\"I vish mit my whole heart, body, soul und mind zhat I voulf heff a family, <br>Henrich vould still be living...und zhat never beingk a wampire hunter I heff.\" <br>The wishing star sparkled as it granted Goosewing's wish...</p><p>*Much later*</p><p>Count Duckula felt like death warmed up. Well, technically, he is one of the <br>undead and--Oh never mind. The vampire duck found it quite peculiar that it felt <br>as if he didn't have a wink of sleep. His body kept pleading that he should <br>sleep until evening. As the mallard waddled towards the dining hall, he noticed <br>a beautiful brunette hen that wore a French maid's outfit. Standing next to her <br>was someone clad in a black sorcerer's robes. The hood was up in such a way that <br>their entire face was shrouded in darkness.</p><p>\"Duckyboos?\" the beautiful hen blinked in surprise as she noticed the vegetarian <br>vampire. Duckula's eyes almost popped out of their sockets. He can recognize his <br>Nanny's voice anywhere.<br>\"Nanny?! Is that you?! How--\"<br>\"I simply wished to become young, smart and thin again. But, that caused some <br>consequences...Anyway; please call me Emma, Duckyboos.\"<br>\"M'Lord, do you feel any different?\" the person in the sorcerer's robes asked <br>with utmost curiosity. The young count was taken aback when he noticed that <br>while it was the voice of his butler, it sounded quite emotional and youthful.<br>\"Well, I do feel a bit tired. Why?<br>\"I am just wondering, M'Lord.\"<br>\"Oh, and Igor, what's with the get-up?\"<br>\"Well, M'Lord, it is a bit complicated. It seems that Emma's wish somehow <br>affected me as well.\"<br>\"In what way?\"<br>\"I am afraid that M'Lord would be...flabbergasted if M'Lord sees what had <br>happened to me.\"<br>\"Oh, c'mon, Igor. I'm sure it won't be that bad.\" Duckula stated.</p><p>\"Oh, alright, M'Lord.\" the butler sighed in defeat as he removed his hood. Count <br>Duckula's jaw dropped to the floor.<br>\"Igor! You--You!\" the vampire duck stuttered as shock overtook his brain. Emma <br>slapped the flabbergasted fowl hard, which brought Duckula back to his senses.<br>\"Igor, I can't believe that you somehow became a handsome sixteen year old! What <br>happened?!\"<br>\"I believe that when Nanny made her wish, it somehow broke my immortality spell <br>and turned me back to the sixteen year old I was when Emma granted me <br>immortality.\"<br>\"Wait a minute...what do you mean when you said that Emma granted you <br>immortality?\"</p><p>Emma decided to answer her Duckyboos' question.<br>\"Duckyboos, I am an immortality nymph.\"<br>\"An immortality nymph?\"<br>\"Yes, Duckyboos.\"<br>\"...That explains why you've asked me how to spell nymph when you wanted to <br>write a diary about your life; and that hen in the portrait happens to be you.\" <br>Duckula mused loudly, \"So, Igor, did your wish come true?\" Duckula changed the <br>subject, not wanting to admit that he found this all confusing.<br>\"Oh yes, it had, M'Lord.\" Igor grinned from ear to ear. The mallard felt his <br>heart skip a beat. What did Igor mean by that? The vampire' eyes widened in <br>shock. Emma decided to keep quiet and listen to their conversation.<br>\"Igor, please don't tell me that you wished that I became a true vampire.\"<br>\"Okay, I won't tell M'Lord.\"</p><p>\"...\" Duckula felt his brain work overtime as he tried to grasp his fate. He is <br>actually a true vampire now, like his forefathers? That would explain why he's <br>so tired. He had also noticed the other signs earlier, like the fact that his <br>fangs were much longer than usual. But, he can't be a true vampire! He doesn't <br>even have the urge to drink blood, nor does he have any desire to cause havoc <br>and mayhem. No, it must be one of Igor's tricks to make him turn into the ideal <br>vampire Igor always wanted him to be...</p><p>\"Nice try, Igor, but I'm not falling for one of your stupid tricks. No, sir-ee.\" <br>Duckula shook his finger at the young fowl.<br>\"But, M'Lord, it is not a trick.\"<br>\"If I am a true vampire, then I would have the urge to drink some blood. But, I <br>don't.\"<br>\"So, if M'Lord would go to the village, he would've had any desire to sink his <br>fangs into a maiden's neck?\"<br>\"Puh-zackly!\"<br>\"So, M'Lord, Nanny and I shall go to the village to prove M'Lord's point?\"<br>\"Er...Okay, let's go!\"</p><p>*Much later, the village*</p><p>Count Duckula and his servants arrived at the Ol' Tooth and Jugular. To the <br>young mallard's horror, every single member of the village flee in terror the <br>moment they've noticed him waddle towards the pub.<br>\"I don't understand it; I've wished that I was popular...\"<br>\"But M'Lord is popular. Everyone in the village ran in terror the moment they've <br>noticed you.\"<br>\"Argh! I knew I should've asked to be famous, instead of just asking to be <br>popular. Looks like I'm quite infamous around here.\"<br>\"I know, M'Lord. Isn't that wonderful?\"<br>Before the irritated mallard could say anything, another mallard vampire <br>appeared after he teleported himself in front of the pub. He looked almost <br>exactly like Count Duckula, yet his black hair was shoulder-length and his cape <br>looked like the wings of a bat. Yes, it is none other than Count Lamian!<br>\"I don't understand it; didn't Goosewing kill Count Lamian awhile ago?\" Duckula <br>asked his equally confused butler and housemaid.</p><p>\"Didn't Duckyboos say yesterday that Katarina told you that Goosewing had also <br>bought a wishing star?\"<br>\"Why yes, Nanny. Why?\"<br>\"Maybe Goosewing wished that he never became a vampire hunter, when means that <br>any vampire that he killed in the past, are now alive?\"<br>\"Oh great...\" Duckula inwardly cursed as he noticed more that several more <br>vampires suddenly teleported themselves in front of the pub. Three dozen <br>vampires teleported themselves in front of the pub moments later. These vampires <br>were twenty-foot tall. They seemed to be crossed between vampires, werewolves <br>and demons.</p><p>\"Whoa, who are these guys, Igor?\"<br>\"M'Lord, they are called Ubervampires. They are vampires that necromancers had <br>created during a ritual that would make vampires immune to all any of the <br>traditional vampire hunting equipment. They are even far quicker and stronger <br>than any other vampire.\"<br>\"So, why are all these vampires here?\"<br>\"Whenever they sense that there are no vampire hunters to be scared of, they <br>would teleport themselves to a village where they could have a grand feast.\"<br>\"Not if I can help it!\" Duckula snarled as he pounced on Count Lamian. To his <br>surprise, he was knocked back by an invisible force. <br>\"Say what?\"<br>\"Looks like Duckyboos can't hurt them because they are protected by magic. We <br>can only kill them if we get the person that had killed in the first place, to <br>kill them again.\" Emma explained to the vampire.</p><p>Duckula was taken aback by Nanny, erm...Emma's intellect.<br>\"Emma, how do you know about these things?\" the confused mallard asked.<br>\"My sister, Primrose, is the nymph that creates wishing stars for mortals. She <br>and Katarina are good friends, which is why Katarina has them.\"<br>\"Does this mean that your other sister grants riches beyond one's imagination?\"<br>\"...'ow did you know, Igor?\" Emma piped up. Igor reacted by slapping her beak <br>shut. Duckula didn't hear what the nymph said, since he was deep in thought.<br>\"So, it looks like we have to get good ol' Goosewing, then. We better hurry <br>before it's too late for the villagers.\"  Duckula sighed sadly as he tried to <br>block his guilt of not being able to stop those vampires from attacking the <br>villagers.</p><p>As Count Duckula and his servants traveled back to Castle Duckula to use it to <br>teleport to Austria so that they can get to Dr. Von Goosewing, I fear I must bid <br>ye farewell...for now!</p><p>Good night out there...whatever you are!</p><p>To Be Continued...</p>\n  ","\n      <h3 class=\"landmark heading\" id=\"work\">Chapter Text</h3>\n    <p>Austria, home of Count Duckula's great nemesis Dr. Von Goosewing! As the elderly <br>gander is enjoying the company of his wife Ermintrude, daughter Vanna, assistant <br>Heinrich and his friends Klara and Friedhelm, three people from his past decided <br>to drop in for a visit...</p><p>\"Erich-liebling, someone had parked zhere castle on our front yard.\" Ermintrude <br>stated as she peeped out the window.<br>\"Vhat zhe hell?\" Goosewing spat out his coffee. Could it be?! But, why would <br>Duckula want to see him? Vanna got up from her seat the moment she heard the <br>doorbell.<br>\"Gettink it I shall, Papa!\" Vanna sung as she waddled to the front door. The <br>young goose blinked in confusion the moment she opened the door. It was a <br>vampire mallard, a teenage vulture and hen.<br>\"Good day, miss. May we see Dr. Von Goosewing? We are associates of his.\" Igor <br>stated.</p><p>\"Papa, zhere iz someone here for you.\" the confused Vanna called.<br>\"Coming, Vanna.\" Goosewing honked. His eyes widened even more when he noticed <br>that Duckula looked just like a true vampire.<br>\"Goosewing, we need to talk to you badly...alone.\"<br>\"Come in, zhen.\"</p><p>*Much later*</p><p>Dr. Von Goosewing took a quick sip from his tea, trying his best to grasp what <br>his old nemesis and his servants were telling him. Unknown to him, his family, <br>Klara, Heinrich and Friedhelm were eavesdropping from the passageway.<br>\"...So, you are sayingk zhat mein vish heff caused all zhe wampires zhat I heff <br>ever killed to attack zhe willage? You are also beingk sayingk zhat I am zhe <br>only ein zhat khan stop it?\"<br>\"Yes, Goosewing. Please help us. Not for our sake, but for all those innocent <br>villagers.\" Duckula pleaded.</p><p>\"...Alright, helpingk you I shall. After all, It iz mein fault zhat zhe wampires <br>heff returned.\"<br>\"Great, let's go right now!\"<br>\"Hold it, Doc!\" A voice piped up from behind Goosewing. The elderly gander <br>whipped his head around in fright.<br>\"Heinrich?!\"<br>\"Boss, helpingk you mit your duty I shall!\" the young gander smiled as he puffed <br>his chest out. <br>\"Nein, Heinich. Stayingk here mit zhe others you must.\" the professor stated <br>firmly with a bit of a quiver in his voice.</p><p>\"But, Doc...\"<br>\"Vhen I said nein, I meant nein! Don't question mein instructions! Stay here mit <br>mein family you must!\" Dr. Von Goosewing hissed angrily.<br>\"Are you scared vot heff happened to me before vhould happen again?\" Heinrich <br>honked sadly, \"Ja, I heff read your diary by accident. Don't vorry, Boss, <br>because making sure I von't die I shall.\"</p><p>\"....\" Dr. Von Goosewing knew that this was an argument that he'll lose. He knew <br>how stubborn Heinrich can be when it came to times when he wants something.<br>\"Alright, Heinrich. You may come, but please be wery careful.\"</p><p>After Goosewing said goodbye to his family and giving Heinrich his spell book <br>(and arming himself with his trusty musket, cross and holy water), Duckula used <br>his castle to teleport them back to the village that was being attacked by the <br>ferocious vampires. Dr. Von Goosewing and Heinrich were a great team as they <br>helped each other kill the vampires. While they were fighting, Igor felt as if a <br>giant hand had a vice-like grip over his heart. Moments later, the pain <br>disappeared, but Igor aged rapidly, until he looked twice as old as he ever had <br>been. He even looked quite thin and sickly. Emma had noticed Igor's condition, <br>and guilt washed over her entire being. Igor's busy aging to his real physical <br>age; and he shall die very soon, unless she gave him his immortality back...<br>After what felt like forever, Heinrich and Goosewing had both destroyed the <br>vampires that had attacked the village.</p><p>\"Zhere, zhat iz all of zhem!\" the elderly gander smiled happily at his <br>assistant. His happy expression quickly became grim when he realized how many <br>villagers had died before they came.<br>\"Oh no, Igor...\" Emma's frantic voice snapped them out of their thoughts. Igor <br>was aging rapidly, and was barely hanging on the thin thread that was his life.<br>\"Vot iz happeningk to Igor?\"<br>\"Since Igor's no longer immortal, he is now aging rapidly to his true age. Since <br>he is over eight-'undred years old...\"<br>\"There is a way to stop this...\" the soft voice of Katarina can be heard from <br>behind Emma. Since all the fowls were paying attention to Katarina, they haven't <br>a vampire, which they've missed, creeping up behind Goosewing.</p><p>\"Please tell me.\"<br>\"Here are the four wishing stars. All you have to do would be to wish that <br>things are back to the way they were.\" the Hadeda stated sadly as she threw the <br>stars for them to catch.<br>\"Thank you.\"<br>\"I am truly sorry that your wishes hadn't worked out the way you've wanted. But, <br>that's the sad part of life: some things were just never meant to be...\"<br>Duckula, Igor and Nanny wished that things were back to normal. Dr. Von <br>Goosewing's hands trembled as tears streamed down his cheeks.</p><p>\"But, mein life is exactly how I've vonted it to be...\" Goosewing sobbed.<br>\"Boss, look out!\" Heinrich screamed as the vampire leapt in the air, and was <br>about to pounce on the elderly gander. With a mighty shove, the young gander <br>pushed his boss out of the way. Although Goosewing had killed the vampire with <br>his musket, the vampire had already done too much damage: the attack was enough <br>to cause the young gander to die instantly.</p><p>Dr. Von Goosewing sobbed hysterically as he hugged the younger gander's body <br>close to his own. It's just like the first time Heinrich died...the poor boy <br>sacrificed his life for his. Maybe it is for the best if he wished that <br>everything was back to normal? It's clear that his ideal life was never meant <br>for him. Shutting his eyes tightly, he wished that everything was back to <br>normal.</p><p>Dr. Von Goosewing, Count Duckula and his servants stared at one another with sad <br>eyes. They understood what the other was going through. After saying their <br>goodbyes, they went their separate ways.</p><p>*Much later, Goosewing's home*</p><p>Dr. Von Goosewing wiped the tear that ran down his cheek. He was sitting in his <br>living room, staring at the painting of himself and Lady Lamia. The elderly <br>gander almost had a heart attack when his telephone rang.<br>\"Hello?\" Goosewing answered.</p><p>\"Hello, Erich. It iz me, Klara. May I come over within half an hour mit a <br>friend?\"<br>\"...Ja, you may. See you later. Gud bye.\"<br>\"Gud bye, Klara.\"</p><p>*Much later*</p><p>After he heard someone knock on his door, Goosewing opened up for his guests. It <br>was Klara and the last goose he thought he would ever see.<br>\"Hello Goosevink.\"<br>\"Hello, Klara.\"<br>\"Goosevink, I'd like you to meet mein friend Ermintrude...\"</p><p>*Meanwhile at Castle Duckula*</p><p>Duckula and his servants sat around the kitchen table. Duckula was bawling his <br>eyes out while Igor grumbled about his misfortune in all the languages he knew <br>(Duckula wouldn't be surprised that it was all the world's languages ). Nanny <br>was busy doing the dishes by the sink.<br>\"I can't believe how close we were in having our wishes granted. I should've <br>known it would've been too easy.\"</p><p>\"Don't worry Duckyboos, Mr. Igor. I'm sure your greatest wishes will come true <br>if you use your talents.\" Nanny hummed to herself, \"Why, my sister Primrose made <br>wishing stars in the first place so that mortals can learn that lesson.\"<br>\"Hey Nanny, what powers does your other sister have?\" Duckula asked, his <br>curiosity peaked.<br>\"Oh? Why, she grants mortals riches beyond their wildest dreams...\"<br>\"What? Really?! Why didn't you tell me this before?\" Duckula demanded as he <br>pounced on his housemaid.</p><p>\"I t'ought you wanted to become rich the normal way?\"<br>\"I want to become rich, any sort of way. Can your sister grant me great wishes?\"<br>\"Yes, she can. All you must do is to go and visit her personally.\"<br>\"That's great!  Do you know where?\"<br>\"Where? What do you mean, Duckyboos? What should I know is where? You're makin' <br>your poor Nanny confused...\" the poor hen clucked as she felt a headache coming.<br>\"ARGH! So close, yet so far. Why did Nanny's memory fail when I needed it the <br>most?\" Duckula sobbed. Igor watched the entire scene with a bemused expression <br>while Nanny turned back to her task. If anyone had taken a quick peak at her <br>face, they would've noticed a sinister grin on her beak as she hummed to <br>herself...</p><p>As friends and foes alike discover that it's best to make your dreams come true, <br>I fear I must bid ye farewell.</p><p>Goodnight out there...whatever you are!</p><p>The End</p>\n  "],"summary":[]},"summary":"Count Duckula and his servants learnt the hard way that you should be careful what you wish for...","stats":{"language":"English","words":2,"hits":145,"kudos":1,"bookmarks":0,"comments":0,"chapters":{"released":2,"total":2}},"tags":{"warnings":[{"name":"No Archive Warnings Apply","url":"http://archiveofourown.org/tags/No%20Archive%20Warnings%20Apply/works"}],"relationships":[{"name":"Dr. Von Goosewing/Original Female Character","url":"http://archiveofourown.org/tags/Dr*d*%20Von%20Goosewing*s*Original%20Female%20Character/works"}],"characters":[{"name":"Dr. Von Goosewing","url":"http://archiveofourown.org/tags/Dr*d*%20Von%20Goosewing/works"},{"name":"Igor","url":"http://archiveofourown.org/tags/Igor/works"},{"name":"Nanny","url":"http://archiveofourown.org/tags/Nanny/works"},{"name":"Original Female Character","url":"http://archiveofourown.org/tags/Original%20Female%20Character/works"},{"name":"Heinrich","url":"http://archiveofourown.org/tags/Heinrich/works"},{"name":"Vanna","url":"http://archiveofourown.org/tags/Vanna/works"}],"freeforms":[{"name":"Wishes","url":"http://archiveofourown.org/tags/Wishes/works"},{"name":"Minor Character Death","url":"http://archiveofourown.org/tags/Minor%20Character%20Death/works"}]}}