{"title":"Mein Choices","id":259660,"url":"http://www.archiveofourown.com/works/259660","author":"Steffie","author_url":"http://archiveofourown.org/users/Steffie/pseuds/Steffie","date":"2011-10-01T04:00:00.000Z","fanfic":{"story":[],"summary":[]},"stats":{"language":"English","words":1,"hits":51,"kudos":1,"bookmarks":0,"comments":0,"chapters":{"released":1,"total":1}},"tags":{"warnings":[{"name":"No Archive Warnings Apply","url":"http://archiveofourown.org/tags/No%20Archive%20Warnings%20Apply/works"}],"relationships":[{"name":"Dr. Von Goosewing/OFC","url":"http://archiveofourown.org/tags/Dr*d*%20Von%20Goosewing*s*OFC/works"}],"characters":[{"name":"Dr. Von Goosewing","url":"http://archiveofourown.org/tags/Dr*d*%20Von%20Goosewing/works"},{"name":"Original Female Character","url":"http://archiveofourown.org/tags/Original%20Female%20Character/works"},{"name":"Heinrich","url":"http://archiveofourown.org/tags/Heinrich/works"}],"freeforms":[{"name":"Choices","url":"http://archiveofourown.org/tags/Choices/works"}]}}