{"title":"Smile Time","id":259918,"url":"http://www.archiveofourown.com/works/259918","author":"Bettina (skybs)","author_url":"http://archiveofourown.org/users/skybs/pseuds/Bettina","date":"2011-10-02T04:00:00.000Z","fanfic":{"story":[],"summary":[]},"summary":"Somehow, during the night, Chris had turned into a puppet.","stats":{"language":"English","words":1,"hits":107,"kudos":0,"bookmarks":0,"comments":0,"chapters":{"released":1,"total":1}},"tags":{"warnings":[{"name":"No Archive Warnings Apply","url":"http://archiveofourown.org/tags/No%20Archive%20Warnings%20Apply/works"}],"characters":[{"name":"Chris Kirkpatrick","url":"http://archiveofourown.org/tags/Chris%20Kirkpatrick/works"},{"name":"Joey Fatone","url":"http://archiveofourown.org/tags/Joey%20Fatone/works"},{"name":"JC Chasez","url":"http://archiveofourown.org/tags/JC%20Chasez/works"},{"name":"Lance Bass","url":"http://archiveofourown.org/tags/Lance%20Bass/works"},{"name":"Justin Timberlake","url":"http://archiveofourown.org/tags/Justin%20Timberlake/works"}],"freeforms":[{"name":"Crack","url":"http://archiveofourown.org/tags/Crack/works"},{"name":"Humor","url":"http://archiveofourown.org/tags/Humor/works"}]}}