{"title":"Tether","id":260888,"url":"http://www.archiveofourown.com/works/260888","author":"a_loquita","author_url":"http://archiveofourown.org/users/a_loquita/pseuds/a_loquita","date":"2010-02-13T05:00:00.000Z","fanfic":{"story":[],"summary":[]},"summary":"The Big Guy has a complex past with someone special. Inspired by a comment Bigfoot makes in the episode \"Haunted\"","stats":{"language":"English","words":363,"hits":35,"kudos":0,"bookmarks":0,"comments":0,"chapters":{"released":1,"total":1}},"tags":{"warnings":[{"name":"No Archive Warnings Apply","url":"http://archiveofourown.org/tags/No%20Archive%20Warnings%20Apply/works"}],"characters":[{"name":"Bigfoot (Sanctuary)","url":"http://archiveofourown.org/tags/Bigfoot%20(Sanctuary)/works"}],"freeforms":[{"name":"Angst","url":"http://archiveofourown.org/tags/Angst/works"},{"name":"Valentine's Day","url":"http://archiveofourown.org/tags/Valentine's%20Day/works"}]}}