{"title":"Shorter Than the Day","id":260890,"url":"http://www.archiveofourown.com/works/260890","author":"a_loquita","author_url":"http://archiveofourown.org/users/a_loquita/pseuds/a_loquita","date":"2010-03-16T04:00:00.000Z","fanfic":{"story":[],"summary":[]},"summary":"This time, walking away from this casket, it feels like the first time.","stats":{"language":"English","words":652,"hits":42,"kudos":1,"bookmarks":0,"comments":0,"chapters":{"released":1,"total":1}},"tags":{"warnings":[{"name":"Major Character Death","url":"http://archiveofourown.org/tags/Major%20Character%20Death/works"}],"characters":[{"name":"Helen Magnus","url":"http://archiveofourown.org/tags/Helen%20Magnus/works"}],"freeforms":[{"name":"Drama","url":"http://archiveofourown.org/tags/Drama/works"}]}}