{"title":"Masquerade","id":261406,"url":"http://www.archiveofourown.com/works/261406","author":"lasairfhiona","author_url":"http://archiveofourown.org/users/lasairfhiona/pseuds/lasairfhiona","date":"2011-10-06T04:00:00.000Z","fanfic":{"story":[],"summary":[]},"stats":{"language":"English","words":975,"hits":48,"kudos":1,"bookmarks":0,"comments":0,"chapters":{"released":1,"total":1}},"tags":{"warnings":[{"name":"No Archive Warnings Apply","url":"http://archiveofourown.org/tags/No%20Archive%20Warnings%20Apply/works"}],"relationships":[{"name":"Lee Crane/Harriman Nelson","url":"http://archiveofourown.org/tags/Lee%20Crane*s*Harriman%20Nelson/works"}],"characters":[{"name":"Lee Crane","url":"http://archiveofourown.org/tags/Lee%20Crane/works"},{"name":"Harriman Nelson","url":"http://archiveofourown.org/tags/Harriman%20Nelson/works"},{"name":"Edith Nelson","url":"http://archiveofourown.org/tags/Edith%20Nelson/works"}]}}