{"title":"Bent to Breaking","id":265727,"url":"http://www.archiveofourown.com/works/265727","author":"Tangledtrinkets (Bellzandtrinkets)","author_url":"http://archiveofourown.org/users/Bellzandtrinkets/pseuds/Tangledtrinkets","date":"2011-10-16T04:00:00.000Z","fanfic":{"story":[],"summary":[]},"summary":"<i>For a split second, there’s this crazy moment where he almost is willing to believe none of it was true. It was all some crazed dream from nearly dying, and this is Cas, saving him all over again.</i>","stats":{"language":"English","words":2,"hits":132,"kudos":1,"bookmarks":0,"comments":1,"chapters":{"released":1,"total":1}},"tags":{"warnings":[{"name":"Graphic Depictions Of Violence","url":"http://archiveofourown.org/tags/Graphic%20Depictions%20Of%20Violence/works"}],"characters":[{"name":"Dean Winchester","url":"http://archiveofourown.org/tags/Dean%20Winchester/works"},{"name":"Sam Winchester","url":"http://archiveofourown.org/tags/Sam%20Winchester/works"},{"name":"Castiel","url":"http://archiveofourown.org/tags/Castiel/works"},{"name":"Leviathans (Supernatural)","url":"http://archiveofourown.org/tags/Leviathans%20(Supernatural)/works"}],"freeforms":[{"name":"Violence","url":"http://archiveofourown.org/tags/Violence/works"},{"name":"Angst","url":"http://archiveofourown.org/tags/Angst/works"}]}}