{"title":"Bloody Valentine","id":269224,"url":"http://www.archiveofourown.com/works/269224","author":"Sashataakheru","author_url":"http://archiveofourown.org/users/Sashataakheru/pseuds/Sashataakheru","date":"2011-10-26T04:00:00.000Z","fanfic":{"story":[],"summary":[]},"summary":"Carl likes biting. It's a good thing the rest of the band don't mind it either, until Carl discovers he can't control the wolf anymore. He can only watch on helplessly as the wolf begins attacking his friends, giving them the curse. But someone's hunting werewolves with dogs, and when Carl and his friends are attacked during a full moon, those left behind have no choice but to flee and work out where their friends are and if they're still alive.","stats":{"language":"English","words":10,"hits":46,"kudos":0,"bookmarks":0,"comments":0,"chapters":{"released":1,"total":1}},"tags":{"warnings":[{"name":"Graphic Depictions Of Violence","url":"http://archiveofourown.org/tags/Graphic%20Depictions%20Of%20Violence/works"},{"name":"Major Character Death","url":"http://archiveofourown.org/tags/Major%20Character%20Death/works"}],"relationships":[{"name":"Carl Wayne/Bev Bevan","url":"http://archiveofourown.org/tags/Carl%20Wayne*s*Bev%20Bevan/works"},{"name":"Carl Wayne/Roy Wood","url":"http://archiveofourown.org/tags/Carl%20Wayne*s*Roy%20Wood/works"},{"name":"Carl Wayne/Ace Kefford","url":"http://archiveofourown.org/tags/Carl%20Wayne*s*Ace%20Kefford/works"},{"name":"Carl Wayne/Trevor Burton","url":"http://archiveofourown.org/tags/Carl%20Wayne*s*Trevor%20Burton/works"}],"characters":[{"name":"Carl Wayne","url":"http://archiveofourown.org/tags/Carl%20Wayne/works"},{"name":"Bev Bevan","url":"http://archiveofourown.org/tags/Bev%20Bevan/works"},{"name":"Roy Wood","url":"http://archiveofourown.org/tags/Roy%20Wood/works"},{"name":"Ace Kefford","url":"http://archiveofourown.org/tags/Ace%20Kefford/works"},{"name":"Trevor Burton","url":"http://archiveofourown.org/tags/Trevor%20Burton/works"},{"name":"Original Characters","url":"http://archiveofourown.org/tags/Original%20Characters/works"}],"freeforms":[{"name":"Community: spook_me","url":"http://archiveofourown.org/tags/Community:%20spook_me/works"},{"name":"Werewolf AU","url":"http://archiveofourown.org/tags/Werewolf%20AU/works"},{"name":"halloween fic","url":"http://archiveofourown.org/tags/halloween%20fic/works"},{"name":"horror themes","url":"http://archiveofourown.org/tags/horror%20themes/works"},{"name":"Suicide","url":"http://archiveofourown.org/tags/Suicide/works"},{"name":"Madness","url":"http://archiveofourown.org/tags/Madness/works"},{"name":"Psychosis","url":"http://archiveofourown.org/tags/Psychosis/works"},{"name":"animal (werewolf) cruelty","url":"http://archiveofourown.org/tags/animal%20(werewolf)%20cruelty/works"},{"name":"hunting werewolves","url":"http://archiveofourown.org/tags/hunting%20werewolves/works"},{"name":"Exile","url":"http://archiveofourown.org/tags/Exile/works"},{"name":"Biting","url":"http://archiveofourown.org/tags/Biting/works"},{"name":"Sex","url":"http://archiveofourown.org/tags/Sex/works"},{"name":"Hurt/Comfort","url":"http://archiveofourown.org/tags/Hurt*s*Comfort/works"},{"name":"dub con (drug induced)","url":"http://archiveofourown.org/tags/dub%20con%20(drug%20induced)/works"},{"name":"Violence","url":"http://archiveofourown.org/tags/Violence/works"},{"name":"mauling","url":"http://archiveofourown.org/tags/mauling/works"},{"name":"werewolf enslavement","url":"http://archiveofourown.org/tags/werewolf%20enslavement/works"},{"name":"Delusions","url":"http://archiveofourown.org/tags/Delusions/works"}]}}