{"title":"Give Me Love (Give Me Peace on Earth)","id":272481,"url":"http://www.archiveofourown.com/works/272481","author":"mjules","author_url":"http://archiveofourown.org/users/mjules/pseuds/mjules","date":"2009-01-31T05:00:00.000Z","fanfic":{"story":[],"summary":[]},"stats":{"language":"English","words":1,"hits":123,"kudos":1,"bookmarks":1,"comments":17,"chapters":{"released":1,"total":1}},"tags":{"warnings":[{"name":"No Archive Warnings Apply","url":"http://archiveofourown.org/tags/No%20Archive%20Warnings%20Apply/works"}],"relationships":[{"name":"Jesus/Mary Magdalene/John the Beloved","url":"http://archiveofourown.org/tags/Jesus*s*Mary%20Magdalene*s*John%20the%20Beloved/works"}],"freeforms":[{"name":"Going to Hell","url":"http://archiveofourown.org/tags/Going%20to%20Hell/works"},{"name":"Alternate Universe - 1960s","url":"http://archiveofourown.org/tags/Alternate%20Universe%20-%201960s/works"}]}}