{"title":"An Old Friend","id":272903,"url":"http://www.archiveofourown.com/works/272903","author":"da_angel729","author_url":"http://archiveofourown.org/users/da_angel729/pseuds/da_angel729","date":"2011-11-04T04:00:00.000Z","fanfic":{"story":[],"summary":[]},"summary":"He killed his first man at 22, a direct shot to the center of the target's forehead as his team rescued a CIA Agent who'd been compromised.","stats":{"language":"English","words":1,"hits":89,"kudos":0,"bookmarks":0,"comments":0,"chapters":{"released":1,"total":1}},"tags":{"warnings":[{"name":"No Archive Warnings Apply","url":"http://archiveofourown.org/tags/No%20Archive%20Warnings%20Apply/works"}],"characters":[{"name":"Jack O'Neill","url":"http://archiveofourown.org/tags/Jack%20O'Neill/works"}],"freeforms":[{"name":"Angst","url":"http://archiveofourown.org/tags/Angst/works"},{"name":"Character Study","url":"http://archiveofourown.org/tags/Character%20Study/works"},{"name":"Community: stargateland","url":"http://archiveofourown.org/tags/Community:%20stargateland/works"}]}}