{"title":"Eighteen","id":274355,"url":"http://www.archiveofourown.com/works/274355","author":"stumphed","author_url":"http://archiveofourown.org/users/stumphed/pseuds/stumphed","date":"2011-11-07T05:00:00.000Z","fanfic":{"story":[],"summary":[]},"summary":"Being eighteen in hard.","stats":{"language":"English","words":596,"hits":78,"kudos":2,"bookmarks":0,"comments":0,"chapters":{"released":1,"total":1}},"tags":{"warnings":[{"name":"No Archive Warnings Apply","url":"http://archiveofourown.org/tags/No%20Archive%20Warnings%20Apply/works"}],"characters":[{"name":"Spencer Smith","url":"http://archiveofourown.org/tags/Spencer%20Smith/works"},{"name":"Ryan Ross","url":"http://archiveofourown.org/tags/Ryan%20Ross/works"}]}}