{"title":"A Smile of Smiles","id":27470,"url":"http://www.archiveofourown.com/works/27470","author":"voleuse","author_url":"http://archiveofourown.org/users/voleuse/pseuds/voleuse","date":"2006-05-03T04:00:00.000Z","fanfic":{"story":[],"summary":[]},"summary":"<em>You strive to forget in vain</em>.","stats":{"language":"English","words":622,"hits":96,"kudos":0,"bookmarks":0,"comments":0,"chapters":{"released":1,"total":1}},"tags":{"warnings":[{"name":"No Archive Warnings Apply","url":"http://archiveofourown.org/tags/No%20Archive%20Warnings%20Apply/works"}],"characters":[{"name":"Kennedy (BtVS)","url":"http://archiveofourown.org/tags/Kennedy%20(BtVS)/works"}]}}