{"title":"Throwing Water","id":28108,"url":"http://www.archiveofourown.com/works/28108","author":"gloss","author_url":"http://archiveofourown.org/users/gloss/pseuds/gloss","date":"2009-12-11T05:00:00.000Z","fanfic":{"story":[],"summary":[]},"summary":"Bob builds a sauna in the afterlife.","stats":{"language":"English","words":1,"hits":163,"kudos":2,"bookmarks":0,"comments":1,"chapters":{"released":1,"total":1}},"tags":{"warnings":[{"name":"No Archive Warnings Apply","url":"http://archiveofourown.org/tags/No%20Archive%20Warnings%20Apply/works"}],"characters":[{"name":"Bob Fraser","url":"http://archiveofourown.org/tags/Bob%20Fraser/works"},{"name":"Benton Fraser","url":"http://archiveofourown.org/tags/Benton%20Fraser/works"}],"freeforms":[{"name":"Challenge Response","url":"http://archiveofourown.org/tags/Challenge%20Response/works"},{"name":"Sweat","url":"http://archiveofourown.org/tags/Sweat/works"},{"name":"Sauna","url":"http://archiveofourown.org/tags/Sauna/works"},{"name":"dead Bob","url":"http://archiveofourown.org/tags/dead%20Bob/works"}]}}