{"title":"Baked His Heart","id":28360,"url":"http://www.archiveofourown.com/works/28360","author":"voleuse","author_url":"http://archiveofourown.org/users/voleuse/pseuds/voleuse","date":"2005-10-30T04:00:00.000Z","fanfic":{"story":[],"summary":[]},"summary":"<em>He began to conform to the cutting away ways.</em>","stats":{"language":"English","words":500,"hits":101,"kudos":3,"bookmarks":1,"comments":0,"chapters":{"released":1,"total":1}},"tags":{"warnings":[{"name":"No Archive Warnings Apply","url":"http://archiveofourown.org/tags/No%20Archive%20Warnings%20Apply/works"}],"characters":[{"name":"Scorpius","url":"http://archiveofourown.org/tags/Scorpius/works"}]}}