{"title":"Ties","id":29409,"url":"http://www.archiveofourown.com/works/29409","author":"Mercurie","author_url":"http://archiveofourown.org/users/Mercurie/pseuds/Mercurie","date":"2009-12-15T05:00:00.000Z","fanfic":{"story":[],"summary":[]},"summary":"Anna visits Jo the night before Carthage.","stats":{"language":"English","words":663,"hits":0,"kudos":9,"bookmarks":2,"comments":0,"chapters":{"released":1,"total":1}},"tags":{"warnings":[{"name":"No Archive Warnings Apply","url":"http://archiveofourown.org/tags/No%20Archive%20Warnings%20Apply/works"}],"relationships":[{"name":"Anna Milton/Jo Harvelle","url":"http://archiveofourown.org/tags/Anna%20Milton*s*Jo%20Harvelle/works"}],"characters":[{"name":"Jo Harvelle","url":"http://archiveofourown.org/tags/Jo%20Harvelle/works"},{"name":"Anna Milton","url":"http://archiveofourown.org/tags/Anna%20Milton/works"}],"freeforms":[{"name":"Romance","url":"http://archiveofourown.org/tags/Romance/works"},{"name":"Kink Meme","url":"http://archiveofourown.org/tags/Kink%20Meme/works"},{"name":"100-1000 Words","url":"http://archiveofourown.org/tags/100-1000%20Words/works"},{"name":"Missing Scene","url":"http://archiveofourown.org/tags/Missing%20Scene/works"}]}}