{"title":"Memory Revises","id":29988,"url":"http://www.archiveofourown.com/works/29988","author":"voleuse","author_url":"http://archiveofourown.org/users/voleuse/pseuds/voleuse","date":"2005-05-25T04:00:00.000Z","fanfic":{"story":[],"summary":[]},"summary":"<em>I'm the only one who's lived to tell it, and I confuse the details.</em>","stats":{"language":"English","words":521,"hits":79,"kudos":2,"bookmarks":0,"comments":0,"chapters":{"released":1,"total":1}},"tags":{"warnings":[{"name":"No Archive Warnings Apply","url":"http://archiveofourown.org/tags/No%20Archive%20Warnings%20Apply/works"}],"characters":[{"name":"River Tam","url":"http://archiveofourown.org/tags/River%20Tam/works"}]}}