{"title":"Sarah's New Recipe","id":3129,"url":"http://www.archiveofourown.com/works/3129","author":"shell","author_url":"http://archiveofourown.org/users/shell/pseuds/shell","date":"2002-10-16T04:00:00.000Z","fanfic":{"story":[],"summary":[]},"summary":"Sarah tries out a new recipe with some upsetting results.  Discussion of substance abuse.","stats":{"language":"English","words":4,"hits":80,"kudos":1,"bookmarks":0,"comments":2,"chapters":{"released":1,"total":1}},"tags":{"warnings":[{"name":"No Archive Warnings Apply","url":"http://archiveofourown.org/tags/No%20Archive%20Warnings%20Apply/works"}],"relationships":[{"name":"Tim Bayliss/Billy Tallent","url":"http://archiveofourown.org/tags/Tim%20Bayliss*s*Billy%20Tallent/works"}],"characters":[{"name":"Tim Bayliss","url":"http://archiveofourown.org/tags/Tim%20Bayliss/works"},{"name":"Billy Tallent","url":"http://archiveofourown.org/tags/Billy%20Tallent/works"}],"freeforms":[{"name":"Slash","url":"http://archiveofourown.org/tags/Slash/works"},{"name":"Series","url":"http://archiveofourown.org/tags/Series/works"}]}}