{"title":"Keepers","id":31717,"url":"http://www.archiveofourown.com/works/31717","author":"Wild Iris (Wild_Iris)","author_url":"http://archiveofourown.org/users/Wild_Iris/pseuds/Wild%20Iris","date":"2009-12-18T05:00:00.000Z","fanfic":{"story":[],"summary":[]},"summary":"As the governance of Roke passes to the second generation, two of the School's founders talk in a library.","stats":{"language":"English","words":2,"hits":100,"kudos":1,"bookmarks":1,"comments":0,"chapters":{"released":1,"total":1}},"tags":{"warnings":[{"name":"No Archive Warnings Apply","url":"http://archiveofourown.org/tags/No%20Archive%20Warnings%20Apply/works"}],"characters":[{"name":"Crow","url":"http://archiveofourown.org/tags/Crow/works"},{"name":"Ember","url":"http://archiveofourown.org/tags/Ember/works"}],"freeforms":[{"name":"Library","url":"http://archiveofourown.org/tags/Library/works"},{"name":"Challenge Response","url":"http://archiveofourown.org/tags/Challenge%20Response/works"},{"name":"Community: earthsea_fic","url":"http://archiveofourown.org/tags/Community:%20earthsea_fic/works"}]}}