{"title":"From the Heart Alone","id":32121,"url":"http://www.archiveofourown.com/works/32121","author":"Lyra Sena (lyrasena)","author_url":"http://archiveofourown.org/users/lyrasena/pseuds/Lyra%20Sena","date":"2009-12-19T05:00:00.000Z","fanfic":{"story":[],"summary":[]},"stats":{"language":"English","words":2,"hits":379,"kudos":2,"bookmarks":1,"comments":6,"chapters":{"released":1,"total":1}},"tags":{"warnings":[{"name":"Creator Chose Not To Use Archive Warnings","url":"http://archiveofourown.org/tags/Choose%20Not%20To%20Use%20Archive%20Warnings/works"}],"characters":[{"name":"Demetri Noh","url":"http://archiveofourown.org/tags/Demetri%20Noh/works"},{"name":"Janis Hawk","url":"http://archiveofourown.org/tags/Janis%20Hawk/works"}]}}