{"title":"Ms. Superwoman and Mr. Death","id":34744,"url":"http://www.archiveofourown.com/works/34744","author":"drakonlily","author_url":"http://archiveofourown.org/users/drakonlily/pseuds/drakonlily","date":"2009-12-21T05:00:00.000Z","fanfic":{"story":[],"summary":[]},"summary":"Theo never liked heroes and Markus isn't the sort to like holidays.","stats":{"language":"English","words":1,"hits":131,"kudos":2,"bookmarks":0,"comments":2,"chapters":{"released":1,"total":1}},"tags":{"warnings":[{"name":"No Archive Warnings Apply","url":"http://archiveofourown.org/tags/No%20Archive%20Warnings%20Apply/works"}],"relationships":[{"name":"None","url":"http://archiveofourown.org/tags/None/works"}],"characters":[{"name":"Markus","url":"http://archiveofourown.org/tags/Markus/works"},{"name":"Theo","url":"http://archiveofourown.org/tags/Theo/works"}]}}