{"title":"The Flowers Which","id":35014,"url":"http://www.archiveofourown.com/works/35014","author":"shimere277","author_url":"http://archiveofourown.org/users/shimere277/pseuds/shimere277","date":"2009-12-21T05:00:00.000Z","fanfic":{"story":[],"summary":[]},"summary":"Drake and Doughtie in Ireland.  Boy meets boy, boy loses boy, boy beheads boy.  The usual.","stats":{"language":"English","words":2,"hits":27,"kudos":0,"bookmarks":0,"comments":0,"chapters":{"released":1,"total":1}},"tags":{"warnings":[{"name":"No Archive Warnings Apply","url":"http://archiveofourown.org/tags/No%20Archive%20Warnings%20Apply/works"}],"relationships":[{"name":"Thomas Doughtie/Francis Drake","url":"http://archiveofourown.org/tags/Thomas%20Doughtie*s*Francis%20Drake/works"}],"characters":[{"name":"Francis Drake","url":"http://archiveofourown.org/tags/Francis%20Drake/works"},{"name":"Thomas Doughtie","url":"http://archiveofourown.org/tags/Thomas%20Doughtie/works"}],"freeforms":[{"name":"Prequel","url":"http://archiveofourown.org/tags/Prequel/works"}]}}