{"title":"playground revolution","id":37001,"url":"http://www.archiveofourown.com/works/37001","author":"crickets","author_url":"http://archiveofourown.org/users/crickets/pseuds/crickets","date":"2009-09-29T04:00:00.000Z","fanfic":{"story":[],"summary":[]},"stats":{"language":"English","words":479,"hits":99,"kudos":1,"bookmarks":0,"comments":0,"chapters":{"released":1,"total":1}},"tags":{"warnings":[{"name":"No Archive Warnings Apply","url":"http://archiveofourown.org/tags/No%20Archive%20Warnings%20Apply/works"}],"relationships":[{"name":"Karl Agathon/Kara Thrace","url":"http://archiveofourown.org/tags/Karl%20Agathon*s*Kara%20Thrace/works"}]}}