{"title":"Legends of Loss","id":37563,"url":"http://www.archiveofourown.com/works/37563","author":"nic","author_url":"http://archiveofourown.org/users/nic/pseuds/nic","date":"2009-12-24T05:00:00.000Z","fanfic":{"story":[],"summary":[]},"summary":"Part 1 of the Legends trilogy.","stats":{"language":"English","words":2,"hits":111,"kudos":4,"bookmarks":0,"comments":0,"chapters":{"released":1,"total":1}},"tags":{"warnings":[{"name":"Creator Chose Not To Use Archive Warnings","url":"http://archiveofourown.org/tags/Choose%20Not%20To%20Use%20Archive%20Warnings/works"}],"relationships":[{"name":"Devon Adair/John Danziger","url":"http://archiveofourown.org/tags/Devon%20Adair*s*John%20Danziger/works"},{"name":"Julia Heller/Alonzo Solace","url":"http://archiveofourown.org/tags/Julia%20Heller*s*Alonzo%20Solace/works"},{"name":"Bess Martin/Morgan Martin","url":"http://archiveofourown.org/tags/Bess%20Martin*s*Morgan%20Martin/works"}],"characters":[{"name":"OFC","url":"http://archiveofourown.org/tags/OFC/works"},{"name":"Bess Martin","url":"http://archiveofourown.org/tags/Bess%20Martin/works"}]}}