{"title":"How Spider Came To America","id":39189,"url":"http://www.archiveofourown.com/works/39189","author":"Taz","author_url":"http://archiveofourown.org/users/Taz/pseuds/Taz","date":"2009-12-26T05:00:00.000Z","fanfic":{"story":[],"summary":[]},"stats":{"language":"English","words":1,"hits":169,"kudos":3,"bookmarks":0,"comments":0,"chapters":{"released":1,"total":1}},"tags":{"warnings":[{"name":"Creator Chose Not To Use Archive Warnings","url":"http://archiveofourown.org/tags/Choose%20Not%20To%20Use%20Archive%20Warnings/works"}],"freeforms":[{"name":"Mythology - Freeform","url":"http://archiveofourown.org/tags/Mythology%20-%20Freeform/works"},{"name":"Mythical Beings &amp; Creatures","url":"http://archiveofourown.org/tags/Mythical%20Beings%20*a*%20Creatures/works"},{"name":"African Mythology","url":"http://archiveofourown.org/tags/African%20Mythology/works"}]}}