{"title":"Alma Mater Studiorum [’Ol 55 Mix]","id":39499,"url":"http://www.archiveofourown.com/works/39499","author":"koanju (verstehen)","author_url":"http://archiveofourown.org/users/verstehen/pseuds/koanju","date":"2009-12-27T05:00:00.000Z","fanfic":{"story":[],"summary":[]},"summary":"Freeway cars and trucks, Sam's riding with Lady Luck","stats":{"language":"English","words":1,"hits":0,"kudos":0,"bookmarks":0,"comments":0,"chapters":{"released":1,"total":1}},"tags":{"warnings":[{"name":"No Archive Warnings Apply","url":"http://archiveofourown.org/tags/No%20Archive%20Warnings%20Apply/works"}],"characters":[{"name":"Dean Winchester","url":"http://archiveofourown.org/tags/Dean%20Winchester/works"},{"name":"Sam Winchester","url":"http://archiveofourown.org/tags/Sam%20Winchester/works"},{"name":"John Winchester","url":"http://archiveofourown.org/tags/John%20Winchester/works"}]}}