{"title":"There's a Leak in Every Boat","id":42115,"url":"http://www.archiveofourown.com/works/42115","author":"exeterlinden","author_url":"http://archiveofourown.org/users/exeterlinden/pseuds/exeterlinden","date":"2008-09-21T04:00:00.000Z","fanfic":{"story":[],"summary":[]},"summary":"\"I'd been on the street for a while before boarding. I have this friend back in Vancouver, Billy. He fucked me over.\" Joe drinks from the whiskey bottle dangling from his hand, laughs, \"He's a fucking drama queen, it happens once in a while - should be alright when I get back into town.\"","stats":{"language":"English","words":2,"hits":135,"kudos":5,"bookmarks":3,"comments":2,"chapters":{"released":1,"total":1}},"tags":{"warnings":[{"name":"No Archive Warnings Apply","url":"http://archiveofourown.org/tags/No%20Archive%20Warnings%20Apply/works"}],"relationships":[{"name":"Joe Dick/Duck MacDonald","url":"http://archiveofourown.org/tags/Joe%20Dick*s*Duck%20MacDonald/works"}],"characters":[{"name":"Joe Dick","url":"http://archiveofourown.org/tags/Joe%20Dick/works"},{"name":"Duck MacDonald","url":"http://archiveofourown.org/tags/Duck%20MacDonald/works"}],"freeforms":[{"name":"Alternate Timeline","url":"http://archiveofourown.org/tags/Alternate%20Timeline/works"},{"name":"Alternate Reality","url":"http://archiveofourown.org/tags/Alternate%20Reality/works"},{"name":"Backstory","url":"http://archiveofourown.org/tags/Backstory/works"},{"name":"Crossover","url":"http://archiveofourown.org/tags/Crossover/works"},{"name":"First Time","url":"http://archiveofourown.org/tags/First%20Time/works"}]}}