{"title":"1,300 Miles to Home","id":4496,"url":"http://www.archiveofourown.com/works/4496","author":"akamine_chan","author_url":"http://archiveofourown.org/users/akamine_chan/pseuds/akamine_chan","date":"2008-12-30T05:00:00.000Z","fanfic":{"story":[],"summary":[]},"summary":"Joe visits Billy when he's in Los Angeles.","stats":{"language":"English","words":1,"hits":63,"kudos":3,"bookmarks":0,"comments":0,"chapters":{"released":1,"total":1}},"tags":{"warnings":[{"name":"Major Character Death","url":"http://archiveofourown.org/tags/Major%20Character%20Death/works"}],"relationships":[{"name":"Joe Dick/Billy Tallent","url":"http://archiveofourown.org/tags/Joe%20Dick*s*Billy%20Tallent/works"}],"freeforms":[{"name":"Podfic Available","url":"http://archiveofourown.org/tags/Podfic%20Available/works"}]}}