{"title":"We Tell You","id":45143,"url":"http://www.archiveofourown.com/works/45143","author":"firelakie","author_url":"http://archiveofourown.org/users/firelakie/pseuds/firelakie","date":"2010-01-04T05:00:00.000Z","fanfic":{"story":[],"summary":[]},"stats":{"language":"English","words":330,"hits":62,"kudos":1,"bookmarks":0,"comments":0,"chapters":{"released":1,"total":1}},"tags":{"warnings":[{"name":"No Archive Warnings Apply","url":"http://archiveofourown.org/tags/No%20Archive%20Warnings%20Apply/works"}],"characters":[{"name":"Mary Winchester","url":"http://archiveofourown.org/tags/Mary%20Winchester/works"},{"name":"John Winchester","url":"http://archiveofourown.org/tags/John%20Winchester/works"}]}}