{"title":"Five Things That Definitely Didn't Happen That Year","id":46007,"url":"http://www.archiveofourown.com/works/46007","author":"zorb","author_url":"http://archiveofourown.org/users/zorb/pseuds/zorb","date":"2006-09-07T04:00:00.000Z","fanfic":{"story":[],"summary":[]},"summary":"Exactly what the title says. Spoilers through the end of S2.","stats":{"language":"English","words":2,"hits":64,"kudos":0,"bookmarks":0,"comments":0,"chapters":{"released":1,"total":1}},"tags":{"warnings":[{"name":"No Archive Warnings Apply","url":"http://archiveofourown.org/tags/No%20Archive%20Warnings%20Apply/works"}]}}