{"title":"A Quiet Life","id":47365,"url":"http://www.archiveofourown.com/works/47365","author":"Toricchi","author_url":"http://archiveofourown.org/users/Toricchi/pseuds/Toricchi","date":"2006-09-27T04:00:00.000Z","fanfic":{"story":[],"summary":[]},"summary":"Alfeegi had never imagined anything grand for himself.","stats":{"language":"English","words":1,"hits":97,"kudos":1,"bookmarks":0,"comments":0,"chapters":{"released":1,"total":1}},"tags":{"warnings":[{"name":"No Archive Warnings Apply","url":"http://archiveofourown.org/tags/No%20Archive%20Warnings%20Apply/works"}],"characters":[{"name":"Alfeegi","url":"http://archiveofourown.org/tags/Alfeegi/works"},{"name":"Lykouleon","url":"http://archiveofourown.org/tags/Lykouleon/works"}],"freeforms":[{"name":"Backstory","url":"http://archiveofourown.org/tags/Backstory/works"}]}}