{"title":"Power Play","id":48135,"url":"http://www.archiveofourown.com/works/48135","author":"grav_ity","author_url":"http://archiveofourown.org/users/grav_ity/pseuds/grav_ity","date":"2010-01-09T05:00:00.000Z","fanfic":{"story":[],"summary":[]},"summary":"Cally wasn't born big, and power never came easy.","stats":{"language":"English","words":364,"hits":67,"kudos":0,"bookmarks":0,"comments":0,"chapters":{"released":1,"total":1}},"tags":{"warnings":[{"name":"Creator Chose Not To Use Archive Warnings","url":"http://archiveofourown.org/tags/Choose%20Not%20To%20Use%20Archive%20Warnings/works"}],"freeforms":[{"name":"General","url":"http://archiveofourown.org/tags/General/works"}]}}