{"title":"Underneath It All","id":49164,"url":"http://www.archiveofourown.com/works/49164","author":"flugantamuso","author_url":"http://archiveofourown.org/users/flugantamuso/pseuds/flugantamuso","date":"2010-01-10T05:00:00.000Z","fanfic":{"story":[],"summary":[]},"summary":"Eight drabbles about the members of Weiss and Schwartz, all related to alcohol.","stats":{"language":"English","words":808,"hits":80,"kudos":3,"bookmarks":0,"comments":0,"chapters":{"released":1,"total":1}},"tags":{"warnings":[{"name":"Creator Chose Not To Use Archive Warnings","url":"http://archiveofourown.org/tags/Choose%20Not%20To%20Use%20Archive%20Warnings/works"}]}}