{"title":"Ice","id":50687,"url":"http://www.archiveofourown.com/works/50687","author":"baranduin","author_url":"http://archiveofourown.org/users/baranduin/pseuds/baranduin","date":"2010-01-13T05:00:00.000Z","fanfic":{"story":[],"summary":[]},"summary":"Book-verse. Stuck in Alaska without Tim, oh, the angst of it all!","stats":{"language":"English","words":503,"hits":157,"kudos":0,"bookmarks":0,"comments":0,"chapters":{"released":1,"total":1}},"tags":{"warnings":[{"name":"No Archive Warnings Apply","url":"http://archiveofourown.org/tags/No%20Archive%20Warnings%20Apply/works"}],"relationships":[{"name":"Tim Cornish/Ivo Steadman","url":"http://archiveofourown.org/tags/Tim%20Cornish*s*Ivo%20Steadman/works"}]}}