{"title":"Ever Since Ellie","id":51599,"url":"http://www.archiveofourown.com/works/51599","author":"Maggie McCain (laurakaye)","author_url":"http://archiveofourown.org/users/laurakaye/pseuds/Maggie%20McCain","date":"2010-01-15T05:00:00.000Z","fanfic":{"story":[],"summary":[]},"summary":"She had streaked across his dark life like a meteor, brilliant and beautiful.","stats":{"language":"English","words":1,"hits":57,"kudos":0,"bookmarks":0,"comments":0,"chapters":{"released":1,"total":1}},"tags":{"warnings":[{"name":"No Archive Warnings Apply","url":"http://archiveofourown.org/tags/No%20Archive%20Warnings%20Apply/works"}],"relationships":[{"name":"Melvin Frohike/Original Female Character","url":"http://archiveofourown.org/tags/Melvin%20Frohike*s*Original%20Female%20Character/works"}],"characters":[{"name":"Melvin Frohike","url":"http://archiveofourown.org/tags/Melvin%20Frohike/works"}],"freeforms":[{"name":"Backstory","url":"http://archiveofourown.org/tags/Backstory/works"}]}}