{"title":"Beside You","id":53263,"url":"http://www.archiveofourown.com/works/53263","author":"embroiderama","author_url":"http://archiveofourown.org/users/embroiderama/pseuds/embroiderama","date":"2010-01-19T05:00:00.000Z","fanfic":{"story":[],"summary":[]},"summary":"That whole first summer, John barely touched her.","stats":{"language":"English","words":542,"hits":131,"kudos":1,"bookmarks":0,"comments":0,"chapters":{"released":1,"total":1}},"tags":{"warnings":[{"name":"No Archive Warnings Apply","url":"http://archiveofourown.org/tags/No%20Archive%20Warnings%20Apply/works"}],"relationships":[{"name":"John Winchester/Mary Winchester","url":"http://archiveofourown.org/tags/John%20Winchester*s*Mary%20Winchester/works"}],"characters":[{"name":"John Winchester","url":"http://archiveofourown.org/tags/John%20Winchester/works"},{"name":"Mary Winchester","url":"http://archiveofourown.org/tags/Mary%20Winchester/works"}],"freeforms":[{"name":"1970s","url":"http://archiveofourown.org/tags/1970s/works"},{"name":"Vietnam War","url":"http://archiveofourown.org/tags/Vietnam%20War/works"}]}}