{"title":"A Lifetime Together","id":54081,"url":"http://www.archiveofourown.com/works/54081","author":"Diglossia","author_url":"http://archiveofourown.org/users/Diglossia/pseuds/Diglossia","date":"2010-01-21T05:00:00.000Z","fanfic":{"story":[],"summary":[]},"summary":"Timo is David's all. Request fic for subtlemagic: Erm David/Timo a sort of life time over a period of time type thing? I know that didn't make much sense sorry.","stats":{"language":"English","words":1,"hits":85,"kudos":0,"bookmarks":0,"comments":0,"chapters":{"released":1,"total":1}},"tags":{"warnings":[{"name":"No Archive Warnings Apply","url":"http://archiveofourown.org/tags/No%20Archive%20Warnings%20Apply/works"}],"characters":[{"name":"Timo Sonnenschein","url":"http://archiveofourown.org/tags/Timo%20Sonnenschein/works"},{"name":"David Bonk","url":"http://archiveofourown.org/tags/David%20Bonk/works"}]}}