{"title":"Bed","id":54086,"url":"http://www.archiveofourown.com/works/54086","author":"Diglossia","author_url":"http://archiveofourown.org/users/Diglossia/pseuds/Diglossia","date":"2010-01-21T05:00:00.000Z","fanfic":{"story":[],"summary":[]},"summary":"Pure Jan/Juri fluff. A 20 in 09 fic. Prompt: Bed.","stats":{"language":"English","words":512,"hits":67,"kudos":0,"bookmarks":0,"comments":0,"chapters":{"released":1,"total":1}},"tags":{"warnings":[{"name":"Creator Chose Not To Use Archive Warnings","url":"http://archiveofourown.org/tags/Choose%20Not%20To%20Use%20Archive%20Warnings/works"}],"characters":[{"name":"Jan Werner","url":"http://archiveofourown.org/tags/Jan%20Werner/works"},{"name":"Juri Ibo Kaya Schewe","url":"http://archiveofourown.org/tags/Juri%20Ibo%20Kaya%20Schewe/works"}]}}