{"title":"Challenger","id":55077,"url":"http://www.archiveofourown.com/works/55077","author":"xtricks","author_url":"http://archiveofourown.org/users/xtricks/pseuds/xtricks","date":"2010-01-22T05:00:00.000Z","fanfic":{"story":[],"summary":[]},"summary":"Gaveedra-seven's origin in the movie-verse.","stats":{"language":"English","words":5,"hits":108,"kudos":4,"bookmarks":0,"comments":0,"chapters":{"released":1,"total":1}},"tags":{"warnings":[{"name":"Graphic Depictions Of Violence","url":"http://archiveofourown.org/tags/Graphic%20Depictions%20Of%20Violence/works"}],"characters":[{"name":"Gaveedra-Seven (Shatterstar)","url":"http://archiveofourown.org/tags/Gaveedra-Seven%20(Shatterstar)/works"}],"freeforms":[{"name":"Pre-Movie","url":"http://archiveofourown.org/tags/Pre-Movie/works"},{"name":"AU","url":"http://archiveofourown.org/tags/AU/works"},{"name":"back story","url":"http://archiveofourown.org/tags/back%20story/works"}]}}