{"title":"Jan the Ninja","id":55236,"url":"http://www.archiveofourown.com/works/55236","author":"Diglossia","author_url":"http://archiveofourown.org/users/Diglossia/pseuds/Diglossia","date":"2010-01-24T05:00:00.000Z","fanfic":{"story":[],"summary":[]},"summary":"More ninja stuff. Jan is literally a ninja who enjoys touring the city Spider-man style.","stats":{"language":"English","words":711,"hits":74,"kudos":0,"bookmarks":0,"comments":0,"chapters":{"released":1,"total":1}},"tags":{"warnings":[{"name":"Creator Chose Not To Use Archive Warnings","url":"http://archiveofourown.org/tags/Choose%20Not%20To%20Use%20Archive%20Warnings/works"}],"characters":[{"name":"Jan Werner","url":"http://archiveofourown.org/tags/Jan%20Werner/works"}]}}