{"title":"Musing","id":56445,"url":"http://www.archiveofourown.com/works/56445","author":"dragonwrangler","author_url":"http://archiveofourown.org/users/dragonwrangler/pseuds/dragonwrangler","date":"2010-01-26T05:00:00.000Z","fanfic":{"story":[],"summary":[]},"summary":"House thinks a little on his friendship with Wilson.","stats":{"language":"English","words":737,"hits":83,"kudos":1,"bookmarks":0,"comments":0,"chapters":{"released":1,"total":1}},"tags":{"warnings":[{"name":"No Archive Warnings Apply","url":"http://archiveofourown.org/tags/No%20Archive%20Warnings%20Apply/works"}],"characters":[{"name":"Greg House","url":"http://archiveofourown.org/tags/Greg%20House/works"},{"name":"James Wilson","url":"http://archiveofourown.org/tags/James%20Wilson/works"}]}}