{"title":"Like a Gentleman Would","id":56809,"url":"http://www.archiveofourown.com/works/56809","author":"Lucifuge5","author_url":"http://archiveofourown.org/users/Lucifuge5/pseuds/Lucifuge5","date":"2010-01-28T05:00:00.000Z","fanfic":{"story":[],"summary":[]},"summary":"<i>\"Isn't it more fun to find out?\"</i>","stats":{"language":"English","words":892,"hits":123,"kudos":0,"bookmarks":0,"comments":0,"chapters":{"released":1,"total":1}},"tags":{"warnings":[{"name":"No Archive Warnings Apply","url":"http://archiveofourown.org/tags/No%20Archive%20Warnings%20Apply/works"}],"relationships":[{"name":"Ray Vecchio/Stella Kowalski","url":"http://archiveofourown.org/tags/Ray%20Vecchio*s*Stella%20Kowalski/works"},{"name":"(past) Ray Kowalski/Stella Kowalski","url":"http://archiveofourown.org/tags/(past)%20Ray%20Kowalski*s*Stella%20Kowalski/works"}],"characters":[{"name":"Benton Fraser","url":"http://archiveofourown.org/tags/Benton%20Fraser/works"},{"name":"Ray Vecchio","url":"http://archiveofourown.org/tags/Ray%20Vecchio/works"},{"name":"Stella Kowalski","url":"http://archiveofourown.org/tags/Stella%20Kowalski/works"}],"freeforms":[{"name":"Het","url":"http://archiveofourown.org/tags/Het/works"},{"name":"AU","url":"http://archiveofourown.org/tags/AU/works"}]}}