{"title":"Stone Walls Do Not A Prison Make","id":5754,"url":"http://www.archiveofourown.com/works/5754","author":"FayJay","author_url":"http://archiveofourown.org/users/FayJay/pseuds/FayJay","date":"2009-08-07T04:00:00.000Z","fanfic":{"story":[],"summary":[]},"summary":"in which Lucifer revives Castiel in mortal form, after the archangels destroy him, and Castiel is highly suspicious of Lucifer's claims that he doesn't want to bring on the Apocalypse.","stats":{"language":"English","words":10,"hits":6074,"kudos":191,"bookmarks":45,"comments":22,"chapters":{"released":1,"total":1}},"tags":{"warnings":[{"name":"Creator Chose Not To Use Archive Warnings","url":"http://archiveofourown.org/tags/Choose%20Not%20To%20Use%20Archive%20Warnings/works"}],"relationships":[{"name":"Lucifer/Castiel","url":"http://archiveofourown.org/tags/Lucifer*s*Castiel/works"},{"name":"Castiel/Dean Winchester","url":"http://archiveofourown.org/tags/Castiel*s*Dean%20Winchester/works"}],"characters":[{"name":"Lucifer","url":"http://archiveofourown.org/tags/Lucifer/works"},{"name":"Castiel","url":"http://archiveofourown.org/tags/Castiel/works"}]}}