{"title":"Square Peg, Asshole","id":58569,"url":"http://www.archiveofourown.com/works/58569","author":"sarken","author_url":"http://archiveofourown.org/users/sarken/pseuds/sarken","date":"2010-01-28T05:00:00.000Z","fanfic":{"story":[],"summary":[]},"summary":"Keith seeks Rachel's forgiveness.","stats":{"language":"English","words":387,"hits":240,"kudos":1,"bookmarks":0,"comments":5,"chapters":{"released":1,"total":1}},"tags":{"warnings":[{"name":"No Archive Warnings Apply","url":"http://archiveofourown.org/tags/No%20Archive%20Warnings%20Apply/works"}],"characters":[{"name":"Keith Olbermann","url":"http://archiveofourown.org/tags/Keith%20Olbermann/works"},{"name":"Rachel Maddow","url":"http://archiveofourown.org/tags/Rachel%20Maddow/works"}],"freeforms":[{"name":"BFFs","url":"http://archiveofourown.org/tags/BFFs/works"},{"name":"Lesbian Character","url":"http://archiveofourown.org/tags/Lesbian%20Character/works"},{"name":"Apologies","url":"http://archiveofourown.org/tags/Apologies/works"},{"name":"FNFF OT","url":"http://archiveofourown.org/tags/FNFF%20OT/works"}]}}