{"title":"Learning Curve","id":58996,"url":"http://www.archiveofourown.com/works/58996","author":"ultrapsychobrat","author_url":"http://archiveofourown.org/users/ultrapsychobrat/pseuds/ultrapsychobrat","date":"2010-02-02T05:00:00.000Z","fanfic":{"story":[],"summary":[]},"stats":{"language":"English","words":301,"hits":64,"kudos":0,"bookmarks":0,"comments":0,"chapters":{"released":1,"total":1}},"tags":{"warnings":[{"name":"No Archive Warnings Apply","url":"http://archiveofourown.org/tags/No%20Archive%20Warnings%20Apply/works"}],"characters":[{"name":"Avon and Blake","url":"http://archiveofourown.org/tags/Avon%20and%20Blake/works"}],"freeforms":[{"name":"Poetry","url":"http://archiveofourown.org/tags/Poetry/works"}]}}