{"title":"Two Very Pretty People","id":59098,"url":"http://www.archiveofourown.com/works/59098","author":"sabaceanbabe","author_url":"http://archiveofourown.org/users/sabaceanbabe/pseuds/sabaceanbabe","date":"2005-08-16T04:00:00.000Z","fanfic":{"story":[],"summary":[]},"summary":"<i>Sharon and Helo, as seen through the eyes of one of Sam Anders' men.</i>","stats":{"language":"English","words":666,"hits":116,"kudos":2,"bookmarks":0,"comments":0,"chapters":{"released":1,"total":1}},"tags":{"warnings":[{"name":"No Archive Warnings Apply","url":"http://archiveofourown.org/tags/No%20Archive%20Warnings%20Apply/works"}],"relationships":[{"name":"Karl Agathon/Sharon \"Boomer\" Valerii","url":"http://archiveofourown.org/tags/Karl%20Agathon*s*Sharon%20%22Boomer%22%20Valerii/works"}],"characters":[{"name":"Karl Agathon","url":"http://archiveofourown.org/tags/Karl%20Agathon/works"},{"name":"Sharon \"Boomer\" Valerii","url":"http://archiveofourown.org/tags/Sharon%20%22Boomer%22%20Valerii/works"}]}}