{"title":"Akêruktos","id":60232,"url":"http://www.archiveofourown.com/works/60232","author":"Andraste","author_url":"http://archiveofourown.org/users/Andraste/pseuds/Andraste","date":"2005-02-22T05:00:00.000Z","fanfic":{"story":[],"summary":[]},"summary":"Even the lives of Peacekeepers have occasional moments of calm reflection.","stats":{"language":"English","words":574,"hits":78,"kudos":1,"bookmarks":0,"comments":0,"chapters":{"released":1,"total":1}},"tags":{"warnings":[{"name":"Creator Chose Not To Use Archive Warnings","url":"http://archiveofourown.org/tags/Choose%20Not%20To%20Use%20Archive%20Warnings/works"}],"characters":[{"name":"Bialar Crais","url":"http://archiveofourown.org/tags/Bialar%20Crais/works"},{"name":"Lieutenant Teeg","url":"http://archiveofourown.org/tags/Lieutenant%20Teeg/works"}],"freeforms":[{"name":"Pre-Canon","url":"http://archiveofourown.org/tags/Pre-Canon/works"}]}}