{"title":"Human Behavior","id":60821,"url":"http://www.archiveofourown.com/works/60821","author":"jilly-chan (slightlyjillian)","author_url":"http://archiveofourown.org/users/slightlyjillian/pseuds/jilly-chan","date":"2010-02-08T05:00:00.000Z","fanfic":{"story":[],"summary":[]},"summary":"AU. While at Victoria University and on the precipice of adulthood: Une becomes intrigued by the one man she can't seem to control, Nichol starts to grow into such a delightful brat, and Treize treks deeply into philosophical warfare.","stats":{"language":"English","words":7,"hits":143,"kudos":4,"bookmarks":0,"comments":0,"chapters":{"released":1,"total":1}},"tags":{"warnings":[{"name":"No Archive Warnings Apply","url":"http://archiveofourown.org/tags/No%20Archive%20Warnings%20Apply/works"}],"relationships":[{"name":"Treize Khushrenada/Lady Une","url":"http://archiveofourown.org/tags/Treize%20Khushrenada*s*Lady%20Une/works"}],"characters":[{"name":"Trowa Barton","url":"http://archiveofourown.org/tags/Trowa%20Barton/works"},{"name":"Catherine Bloom","url":"http://archiveofourown.org/tags/Catherine%20Bloom/works"},{"name":"Lady Une","url":"http://archiveofourown.org/tags/Lady%20Une/works"},{"name":"Treize Khushrenada","url":"http://archiveofourown.org/tags/Treize%20Khushrenada/works"},{"name":"Nichol","url":"http://archiveofourown.org/tags/Nichol/works"},{"name":"Zechs Merquise","url":"http://archiveofourown.org/tags/Zechs%20Merquise/works"},{"name":"Lucrezia Noin","url":"http://archiveofourown.org/tags/Lucrezia%20Noin/works"},{"name":"Dorothy Catalonia","url":"http://archiveofourown.org/tags/Dorothy%20Catalonia/works"}],"freeforms":[{"name":"Alternate Universe","url":"http://archiveofourown.org/tags/Alternate%20Universe/works"},{"name":"Angst","url":"http://archiveofourown.org/tags/Angst/works"}]}}