{"title":"Stress Relief","id":61468,"url":"http://www.archiveofourown.com/works/61468","author":"snakeling","author_url":"http://archiveofourown.org/users/snakeling/pseuds/snakeling","date":"2007-12-28T05:00:00.000Z","fanfic":{"story":[],"summary":[]},"summary":"Snape knows exactly what to do to get Harry to relax.","stats":{"language":"English","words":1,"hits":1853,"kudos":55,"bookmarks":7,"comments":1,"chapters":{"released":1,"total":1}},"tags":{"warnings":[{"name":"No Archive Warnings Apply","url":"http://archiveofourown.org/tags/No%20Archive%20Warnings%20Apply/works"}],"relationships":[{"name":"Harry Potter/Severus Snape","url":"http://archiveofourown.org/tags/Harry%20Potter*s*Severus%20Snape/works"}],"characters":[{"name":"Harry Potter","url":"http://archiveofourown.org/tags/Harry%20Potter/works"},{"name":"Severus Snape","url":"http://archiveofourown.org/tags/Severus%20Snape/works"}],"freeforms":[{"name":"BDSM","url":"http://archiveofourown.org/tags/BDSM/works"},{"name":"Plot What Plot","url":"http://archiveofourown.org/tags/Plot%20What%20Plot/works"},{"name":"Non-Penetrative Sex","url":"http://archiveofourown.org/tags/Non-Penetrative%20Sex/works"}]}}