{"title":"A Far Cry From Dagenham","id":62207,"url":"http://www.archiveofourown.com/works/62207","author":"sheldrake","author_url":"http://archiveofourown.org/users/sheldrake/pseuds/sheldrake","date":"2002-12-29T05:00:00.000Z","fanfic":{"story":[],"summary":[]},"summary":"Peter makes a phone call.","stats":{"language":"English","words":821,"hits":155,"kudos":11,"bookmarks":0,"comments":0,"chapters":{"released":1,"total":1}},"tags":{"warnings":[{"name":"No Archive Warnings Apply","url":"http://archiveofourown.org/tags/No%20Archive%20Warnings%20Apply/works"}],"characters":[{"name":"Peter Cook","url":"http://archiveofourown.org/tags/Peter%20Cook/works"},{"name":"Dudley Moore","url":"http://archiveofourown.org/tags/Dudley%20Moore/works"}],"freeforms":[{"name":"Partnership","url":"http://archiveofourown.org/tags/Partnership/works"},{"name":"Friendship","url":"http://archiveofourown.org/tags/Friendship/works"},{"name":"Comedy","url":"http://archiveofourown.org/tags/Comedy/works"},{"name":"phonecall","url":"http://archiveofourown.org/tags/phonecall/works"},{"name":"Depression","url":"http://archiveofourown.org/tags/Depression/works"}]}}