{"title":"Memento (Mori)","id":62492,"url":"http://www.archiveofourown.com/works/62492","author":"Gryphonrhi","author_url":"http://archiveofourown.org/users/Gryphonrhi/pseuds/Gryphonrhi","date":"2010-02-14T05:00:00.000Z","fanfic":{"story":[],"summary":[]},"summary":"<b>Adults only.</b>  Duncan's having trouble sleeping after \"Deliverance.\" (<a href=\"http://archiveofourown.org/works/62495\">Therapeutic</a> is the sequel/antidote.)","stats":{"language":"English","words":1,"hits":88,"kudos":3,"bookmarks":0,"comments":1,"chapters":{"released":1,"total":1}},"tags":{"warnings":[{"name":"Graphic Depictions Of Violence","url":"http://archiveofourown.org/tags/Graphic%20Depictions%20Of%20Violence/works"}],"characters":[{"name":"Duncan MacLeod","url":"http://archiveofourown.org/tags/Duncan%20MacLeod/works"}],"freeforms":[{"name":"Horror","url":"http://archiveofourown.org/tags/Horror/works"},{"name":"Challenges: Highlander Lyric Wheel","url":"http://archiveofourown.org/tags/Challenges:%20Highlander%20Lyric%20Wheel/works"},{"name":"POV Second Person","url":"http://archiveofourown.org/tags/POV%20Second%20Person/works"}]}}