{"title":"Prone","id":63741,"url":"http://www.archiveofourown.com/works/63741","author":"pensnest","author_url":"http://archiveofourown.org/users/pensnest/pseuds/pensnest","date":"2010-02-19T05:00:00.000Z","fanfic":{"story":[],"summary":[]},"summary":"\"There was something about the smell of a tattoo parlor, hot metal and steam from the autoclave and a waft of cigarette smoke from the waiting room, antiseptic mixed with the scent of rebellion, it brought back memories.\"   Some of the memories are things he really should, he really should stop thinking about.","stats":{"language":"English","words":7,"hits":88,"kudos":2,"bookmarks":0,"comments":2,"chapters":{"released":1,"total":1}},"tags":{"warnings":[{"name":"No Archive Warnings Apply","url":"http://archiveofourown.org/tags/No%20Archive%20Warnings%20Apply/works"}],"relationships":[{"name":"Lance Bass/Chris Kirkpatrick","url":"http://archiveofourown.org/tags/Lance%20Bass*s*Chris%20Kirkpatrick/works"}],"characters":[{"name":"Lance Bass","url":"http://archiveofourown.org/tags/Lance%20Bass/works"},{"name":"JC Chasez","url":"http://archiveofourown.org/tags/JC%20Chasez/works"},{"name":"Joey Fatone","url":"http://archiveofourown.org/tags/Joey%20Fatone/works"},{"name":"Chris Kirkpatrick","url":"http://archiveofourown.org/tags/Chris%20Kirkpatrick/works"}],"freeforms":[{"name":"Tattoos","url":"http://archiveofourown.org/tags/Tattoos/works"},{"name":"Friendship","url":"http://archiveofourown.org/tags/Friendship/works"},{"name":"Pining","url":"http://archiveofourown.org/tags/Pining/works"}]}}