{"title":"Dinner Conversation","id":65819,"url":"http://www.archiveofourown.com/works/65819","author":"trascendenza","author_url":"http://archiveofourown.org/users/trascendenza/pseuds/trascendenza","date":"2007-12-07T05:00:00.000Z","fanfic":{"story":[],"summary":[]},"summary":"In vino, veritas.","stats":{"language":"English","words":588,"hits":0,"kudos":0,"bookmarks":0,"comments":0,"chapters":{"released":1,"total":1}},"tags":{"warnings":[{"name":"No Archive Warnings Apply","url":"http://archiveofourown.org/tags/No%20Archive%20Warnings%20Apply/works"}],"relationships":[{"name":"Diane Hughes/Fran Yoshida","url":"http://archiveofourown.org/tags/Diane%20Hughes*s*Fran%20Yoshida/works"}],"characters":[{"name":"Fran Yoshida","url":"http://archiveofourown.org/tags/Fran%20Yoshida/works"},{"name":"Diane Hughes","url":"http://archiveofourown.org/tags/Diane%20Hughes/works"}],"freeforms":[{"name":"POV Female Character","url":"http://archiveofourown.org/tags/POV%20Female%20Character/works"},{"name":"Character of Color","url":"http://archiveofourown.org/tags/Character%20of%20Color/works"}]}}