{"title":"Thinking Outside The Box","id":66862,"url":"http://www.archiveofourown.com/works/66862","author":"elementalv","author_url":"http://archiveofourown.org/users/elementalv/pseuds/elementalv","date":"2010-03-02T05:00:00.000Z","fanfic":{"story":[],"summary":[]},"summary":"Zachariah hates humans.","stats":{"language":"English","words":1,"hits":154,"kudos":1,"bookmarks":1,"comments":1,"chapters":{"released":1,"total":1}},"tags":{"warnings":[{"name":"No Archive Warnings Apply","url":"http://archiveofourown.org/tags/No%20Archive%20Warnings%20Apply/works"}],"characters":[{"name":"Zachariah (Supernatural)","url":"http://archiveofourown.org/tags/Zachariah%20(Supernatural)/works"}],"freeforms":[{"name":"Character Study","url":"http://archiveofourown.org/tags/Character%20Study/works"}]}}