{"title":"Keepsakes","id":67877,"url":"http://www.archiveofourown.com/works/67877","author":"kangeiko","author_url":"http://archiveofourown.org/users/kangeiko/pseuds/kangeiko","date":"2007-02-01T05:00:00.000Z","fanfic":{"story":[],"summary":[]},"summary":"Syd and Francie, S1 (with a minor spoiler for the end of 2).","stats":{"language":"English","words":505,"hits":71,"kudos":1,"bookmarks":0,"comments":0,"chapters":{"released":1,"total":1}},"tags":{"warnings":[{"name":"Major Character Death","url":"http://archiveofourown.org/tags/Major%20Character%20Death/works"}],"characters":[{"name":"Francie Calfo","url":"http://archiveofourown.org/tags/Francie%20Calfo/works"},{"name":"Sydney Bristow","url":"http://archiveofourown.org/tags/Sydney%20Bristow/works"}],"freeforms":[{"name":"Season 1","url":"http://archiveofourown.org/tags/Season%201/works"},{"name":"Character of Color","url":"http://archiveofourown.org/tags/Character%20of%20Color/works"},{"name":"Female Character of Color","url":"http://archiveofourown.org/tags/Female%20Character%20of%20Color/works"}]}}