{"title":"The Brightest Magical Valley Ever To Sparkle","id":68777,"url":"http://www.archiveofourown.com/works/68777","author":"fizzyblogic (phizzle)","author_url":"http://archiveofourown.org/users/phizzle/pseuds/fizzyblogic","date":"2008-05-07T04:00:00.000Z","fanfic":{"story":[],"summary":[]},"summary":"Tyson is a rainbow, Nick is a unicorn, Mike is a magical pink pony, and Chris is a waterfall. Also, Edgar Wright is a bunny. I know, I know you knew that, but no really. Bunny.","stats":{"language":"English","words":721,"hits":339,"kudos":1,"bookmarks":0,"comments":0,"chapters":{"released":1,"total":1}},"tags":{"warnings":[{"name":"No Archive Warnings Apply","url":"http://archiveofourown.org/tags/No%20Archive%20Warnings%20Apply/works"}],"relationships":[{"name":"Chris Gaylor/Mike Kennerty","url":"http://archiveofourown.org/tags/Chris%20Gaylor*s*Mike%20Kennerty/works"},{"name":"Nick Wheeler/Tyson Ritter","url":"http://archiveofourown.org/tags/Nick%20Wheeler*s*Tyson%20Ritter/works"}],"characters":[{"name":"Chris Gaylor","url":"http://archiveofourown.org/tags/Chris%20Gaylor/works"},{"name":"Mike Kennerty","url":"http://archiveofourown.org/tags/Mike%20Kennerty/works"},{"name":"Nick Wheeler","url":"http://archiveofourown.org/tags/Nick%20Wheeler/works"},{"name":"Tyson Ritter","url":"http://archiveofourown.org/tags/Tyson%20Ritter/works"},{"name":"Edgar Wright","url":"http://archiveofourown.org/tags/Edgar%20Wright/works"}],"freeforms":[{"name":"Crack","url":"http://archiveofourown.org/tags/Crack/works"}]}}