{"title":"Friends in Low Places","id":70111,"url":"http://www.archiveofourown.com/works/70111","author":"NeoVenus22","author_url":"http://archiveofourown.org/users/NeoVenus22/pseuds/NeoVenus22","date":"2010-03-13T05:00:00.000Z","fanfic":{"story":[],"summary":[]},"summary":"Vala crashes a local pub to find some business.","stats":{"language":"English","words":491,"hits":72,"kudos":2,"bookmarks":1,"comments":0,"chapters":{"released":1,"total":1}},"tags":{"warnings":[{"name":"No Archive Warnings Apply","url":"http://archiveofourown.org/tags/No%20Archive%20Warnings%20Apply/works"}],"characters":[{"name":"Vala Mal Doran","url":"http://archiveofourown.org/tags/Vala%20Mal%20Doran/works"}],"freeforms":[{"name":"Leap For Prompts Challenge","url":"http://archiveofourown.org/tags/Leap%20For%20Prompts%20Challenge/works"}]}}