{"title":"If You're Into It","id":71345,"url":"http://www.archiveofourown.com/works/71345","author":"descartes","author_url":"http://archiveofourown.org/users/descartes/pseuds/descartes","date":"2010-03-17T04:00:00.000Z","fanfic":{"story":[],"summary":[]},"summary":"This is the AU where Jason and David are a novelty song musical duo trying to make it big but failing ridiculously (alternately, the one where they're the Flight of the Conchords).","stats":{"language":"English","words":744,"hits":0,"kudos":0,"bookmarks":0,"comments":0,"chapters":{"released":1,"total":1}},"tags":{"warnings":[{"name":"No Archive Warnings Apply","url":"http://archiveofourown.org/tags/No%20Archive%20Warnings%20Apply/works"}],"characters":[{"name":"Jason Castro","url":"http://archiveofourown.org/tags/Jason%20Castro/works"},{"name":"David Archuleta","url":"http://archiveofourown.org/tags/David%20Archuleta/works"}]}}