{"title":"Ambition","id":71984,"url":"http://www.archiveofourown.com/works/71984","author":"Heather","author_url":"http://archiveofourown.org/users/Heather/pseuds/Heather","date":"2007-06-22T04:00:00.000Z","fanfic":{"story":[],"summary":[]},"summary":"Lilah has ambitions. Written for <a href=\"http://community.livejournal.com/gen_remix/profile\"></a><a href=\"http://community.livejournal.com/gen_remix/\"><b>gen_remix</b></a>","stats":{"language":"English","words":1,"hits":36,"kudos":0,"bookmarks":0,"comments":0,"chapters":{"released":1,"total":1}},"tags":{"warnings":[{"name":"No Archive Warnings Apply","url":"http://archiveofourown.org/tags/No%20Archive%20Warnings%20Apply/works"}],"relationships":[{"name":"Lilah Morgan/Hank Summers","url":"http://archiveofourown.org/tags/Lilah%20Morgan*s*Hank%20Summers/works"}],"characters":[{"name":"Joyce Summers","url":"http://archiveofourown.org/tags/Joyce%20Summers/works"},{"name":"Buffy Summers","url":"http://archiveofourown.org/tags/Buffy%20Summers/works"}],"freeforms":[{"name":"Dark","url":"http://archiveofourown.org/tags/Dark/works"},{"name":"Pre-Canon","url":"http://archiveofourown.org/tags/Pre-Canon/works"},{"name":"Pre-Relationship","url":"http://archiveofourown.org/tags/Pre-Relationship/works"},{"name":"Pre-Het","url":"http://archiveofourown.org/tags/Pre-Het/works"},{"name":"Remix","url":"http://archiveofourown.org/tags/Remix/works"}]}}