{"title":"Jim Has A Box And Lindsey Has An Evil Hand; OR Plucky Young Okies Make Good","id":72509,"url":"http://www.archiveofourown.com/works/72509","author":"biichan","author_url":"http://archiveofourown.org/users/biichan/pseuds/biichan","date":"2007-05-13T04:00:00.000Z","fanfic":{"story":[],"summary":[]},"summary":"Three glimpses of a past, present, and future for two poor boys from Oklahoma that went and climbed the corporate ladder.","stats":{"language":"English","words":1,"hits":72,"kudos":4,"bookmarks":0,"comments":0,"chapters":{"released":1,"total":1}},"tags":{"warnings":[{"name":"Creator Chose Not To Use Archive Warnings","url":"http://archiveofourown.org/tags/Choose%20Not%20To%20Use%20Archive%20Warnings/works"}],"relationships":[{"name":"Jim Profit/Lindsey McDonald","url":"http://archiveofourown.org/tags/Jim%20Profit*s*Lindsey%20McDonald/works"}],"characters":[{"name":"Jim Profit","url":"http://archiveofourown.org/tags/Jim%20Profit/works"},{"name":"Lindsey McDonald","url":"http://archiveofourown.org/tags/Lindsey%20McDonald/works"}],"freeforms":[{"name":"Past Tense","url":"http://archiveofourown.org/tags/Past%20Tense/works"},{"name":"Future Tense","url":"http://archiveofourown.org/tags/Future%20Tense/works"},{"name":"Present Tense","url":"http://archiveofourown.org/tags/Present%20Tense/works"},{"name":"Crossover","url":"http://archiveofourown.org/tags/Crossover/works"}]}}