{"title":"Must Love Dogs","id":72615,"url":"http://www.archiveofourown.com/works/72615","author":"DharkApparition","author_url":"http://archiveofourown.org/users/DharkApparition/pseuds/DharkApparition","date":"2008-11-01T04:00:00.000Z","fanfic":{"story":[],"summary":[]},"summary":"It would be a change to have close contact with someone that didn't behave awkwardly around her.","stats":{"language":"English","words":4,"hits":183,"kudos":2,"bookmarks":1,"comments":2,"chapters":{"released":1,"total":1}},"tags":{"warnings":[{"name":"No Archive Warnings Apply","url":"http://archiveofourown.org/tags/No%20Archive%20Warnings%20Apply/works"}],"characters":[{"name":"John Connor","url":"http://archiveofourown.org/tags/John%20Connor/works"},{"name":"Sarah Connor","url":"http://archiveofourown.org/tags/Sarah%20Connor/works"},{"name":"Cameron","url":"http://archiveofourown.org/tags/Cameron/works"},{"name":"Derek Reese","url":"http://archiveofourown.org/tags/Derek%20Reese/works"},{"name":"Isaac (Dark Angel)","url":"http://archiveofourown.org/tags/Isaac%20(Dark%20Angel)/works"}],"freeforms":[{"name":"Crossover","url":"http://archiveofourown.org/tags/Crossover/works"}]}}