{"title":"A Call for Volunteers","id":73365,"url":"http://www.archiveofourown.com/works/73365","author":"tsukinofaerii","author_url":"http://archiveofourown.org/users/tsukinofaerii/pseuds/tsukinofaerii","date":"2010-03-22T04:00:00.000Z","fanfic":{"story":[],"summary":[]},"summary":"Nothing, but <i>nothing</i> can keep young Lord Larsa out of trouble, no matter what his guards do.","stats":{"language":"English","words":705,"hits":120,"kudos":2,"bookmarks":0,"comments":0,"chapters":{"released":1,"total":1}},"tags":{"warnings":[{"name":"No Archive Warnings Apply","url":"http://archiveofourown.org/tags/No%20Archive%20Warnings%20Apply/works"}],"characters":[{"name":"Original Characters","url":"http://archiveofourown.org/tags/Original%20Characters/works"}]}}