{"title":"Love is the Harder Times","id":74093,"url":"http://www.archiveofourown.com/works/74093","author":"Snow","author_url":"http://archiveofourown.org/users/Snow/pseuds/Snow","date":"2010-03-24T04:00:00.000Z","fanfic":{"story":[],"summary":[]},"summary":"Zoe, post-Serenity","stats":{"language":"English","words":447,"hits":342,"kudos":18,"bookmarks":1,"comments":7,"chapters":{"released":1,"total":1}},"tags":{"warnings":[{"name":"No Archive Warnings Apply","url":"http://archiveofourown.org/tags/No%20Archive%20Warnings%20Apply/works"}],"characters":[{"name":"Zoe Washburne","url":"http://archiveofourown.org/tags/Zoe%20Washburne/works"}],"freeforms":[{"name":"Family","url":"http://archiveofourown.org/tags/Family/works"},{"name":"Post-Canon","url":"http://archiveofourown.org/tags/Post-Canon/works"},{"name":"Female Character of Color","url":"http://archiveofourown.org/tags/Female%20Character%20of%20Color/works"}]}}