{"title":"Exodus","id":74609,"url":"http://www.archiveofourown.com/works/74609","author":"Medie","author_url":"http://archiveofourown.org/users/Medie/pseuds/Medie","date":"2010-03-26T04:00:00.000Z","fanfic":{"story":[],"summary":[]},"summary":"it is the end of the frakking worlds...","stats":{"language":"English","words":1,"hits":84,"kudos":0,"bookmarks":0,"comments":0,"chapters":{"released":1,"total":1}},"tags":{"warnings":[{"name":"No Archive Warnings Apply","url":"http://archiveofourown.org/tags/No%20Archive%20Warnings%20Apply/works"}],"relationships":[{"name":"Original Character/Original Character","url":"http://archiveofourown.org/tags/Original%20Character*s*Original%20Character/works"}],"characters":[{"name":"Original Characters","url":"http://archiveofourown.org/tags/Original%20Characters/works"}],"freeforms":[{"name":"Common People Challenge","url":"http://archiveofourown.org/tags/Common%20People%20Challenge/works"}]}}