{"title":"Victor and Spoils","id":75993,"url":"http://www.archiveofourown.com/works/75993","author":"Vulgarweed","author_url":"http://archiveofourown.org/users/Vulgarweed/pseuds/Vulgarweed","date":"2010-03-30T04:00:00.000Z","fanfic":{"story":[],"summary":[]},"summary":"After the trainwrecky '04 Illinois Senate race, a winner addresses a loser to clear the air. You did not read this letter. Its existence will be denied. It was never written. It will be classified and redacted until the end of time. (Written in the spring of 2005)","stats":{"language":"English","words":1,"hits":147,"kudos":1,"bookmarks":0,"comments":0,"chapters":{"released":1,"total":1}},"tags":{"warnings":[{"name":"Creator Chose Not To Use Archive Warnings","url":"http://archiveofourown.org/tags/Choose%20Not%20To%20Use%20Archive%20Warnings/works"}],"relationships":[{"name":"Barack Obama/Alan Keyes","url":"http://archiveofourown.org/tags/Barack%20Obama*s*Alan%20Keyes/works"}],"freeforms":[{"name":"Dubious Consent","url":"http://archiveofourown.org/tags/Dubious%20Consent/works"},{"name":"Assault","url":"http://archiveofourown.org/tags/Assault/works"},{"name":"Letters","url":"http://archiveofourown.org/tags/Letters/works"},{"name":"US Senate","url":"http://archiveofourown.org/tags/US%20Senate/works"},{"name":"Chicago - Freeform","url":"http://archiveofourown.org/tags/Chicago%20-%20Freeform/works"},{"name":"Illinois","url":"http://archiveofourown.org/tags/Illinois/works"},{"name":"Behind the Scenes","url":"http://archiveofourown.org/tags/Behind%20the%20Scenes/works"},{"name":"Politics","url":"http://archiveofourown.org/tags/Politics/works"},{"name":"Homophobia","url":"http://archiveofourown.org/tags/Homophobia/works"},{"name":"Character of Color","url":"http://archiveofourown.org/tags/Character%20of%20Color/works"}]}}