{"title":"The Catalyst","id":76112,"url":"http://www.archiveofourown.com/works/76112","author":"Denise_Felt","author_url":"http://archiveofourown.org/users/Denise_Felt/pseuds/Denise_Felt","date":"2010-03-31T04:00:00.000Z","fanfic":{"story":[],"summary":[]},"summary":"Cmdr. Straker experiences some difficulty recovering from a UFO attack.","stats":{"language":"English","words":17,"hits":289,"kudos":0,"bookmarks":1,"comments":2,"chapters":{"released":1,"total":1}},"tags":{"warnings":[{"name":"Creator Chose Not To Use Archive Warnings","url":"http://archiveofourown.org/tags/Choose%20Not%20To%20Use%20Archive%20Warnings/works"}],"freeforms":[{"name":"slight violence (no gore)","url":"http://archiveofourown.org/tags/slight%20violence%20(no%20gore)/works"}]}}