{"title":"20. Infiltration - The Conover Saga","id":76890,"url":"http://www.archiveofourown.com/works/76890","author":"Denise_Felt","author_url":"http://archiveofourown.org/users/Denise_Felt/pseuds/Denise_Felt","date":"2010-04-02T04:00:00.000Z","fanfic":{"story":[],"summary":[]},"summary":"Commander Straker finds that the aliens are closer than anyone thought.","stats":{"language":"English","words":15,"hits":75,"kudos":0,"bookmarks":0,"comments":0,"chapters":{"released":1,"total":1}},"tags":{"warnings":[{"name":"No Archive Warnings Apply","url":"http://archiveofourown.org/tags/No%20Archive%20Warnings%20Apply/works"}]}}