{"title":"Groupies","id":78764,"url":"http://www.archiveofourown.com/works/78764","author":"Joe_Reaves","author_url":"http://archiveofourown.org/users/Joe_Reaves/pseuds/Joe_Reaves","date":"2010-04-08T04:00:00.000Z","fanfic":{"story":[],"summary":[]},"summary":"Lucas and Eddie find out Joe and Berko have groupies.","stats":{"language":"English","words":509,"hits":108,"kudos":0,"bookmarks":0,"comments":0,"chapters":{"released":1,"total":1}},"tags":{"warnings":[{"name":"No Archive Warnings Apply","url":"http://archiveofourown.org/tags/No%20Archive%20Warnings%20Apply/works"}],"relationships":[{"name":"Berko/Eddie","url":"http://archiveofourown.org/tags/Berko*s*Eddie/works"},{"name":"Lucas/Joe Reaves (Empire Records)","url":"http://archiveofourown.org/tags/Lucas*s*Joe%20Reaves%20(Empire%20Records)/works"}],"characters":[{"name":"Joe Reaves","url":"http://archiveofourown.org/tags/Joe%20Reaves/works"},{"name":"Lucas (Empire Records)","url":"http://archiveofourown.org/tags/Lucas%20(Empire%20Records)/works"},{"name":"Berko (Empire Records)","url":"http://archiveofourown.org/tags/Berko%20(Empire%20Records)/works"},{"name":"Eddie (Empire Records)","url":"http://archiveofourown.org/tags/Eddie%20(Empire%20Records)/works"}],"freeforms":[{"name":"Ficlet","url":"http://archiveofourown.org/tags/Ficlet/works"},{"name":"Established Relationship","url":"http://archiveofourown.org/tags/Established%20Relationship/works"},{"name":"Jealousy","url":"http://archiveofourown.org/tags/Jealousy/works"}]}}