{"title":"Soliloquy","id":7919,"url":"http://www.archiveofourown.com/works/7919","author":"twistedchick","author_url":"http://archiveofourown.org/users/twistedchick/pseuds/twistedchick","date":"2009-11-13T05:00:00.000Z","fanfic":{"story":[],"summary":[]},"summary":"Fraser alone, at the cabin.","stats":{"language":"English","words":6,"hits":64,"kudos":2,"bookmarks":0,"comments":0,"chapters":{"released":1,"total":1}},"tags":{"warnings":[{"name":"Creator Chose Not To Use Archive Warnings","url":"http://archiveofourown.org/tags/Choose%20Not%20To%20Use%20Archive%20Warnings/works"}],"relationships":[{"name":"None","url":"http://archiveofourown.org/tags/None/works"}],"characters":[{"name":"Benton Fraser","url":"http://archiveofourown.org/tags/Benton%20Fraser/works"},{"name":"Diefenbaker","url":"http://archiveofourown.org/tags/Diefenbaker/works"},{"name":"Ray Vecchio","url":"http://archiveofourown.org/tags/Ray%20Vecchio/works"},{"name":"Eric","url":"http://archiveofourown.org/tags/Eric/works"}],"freeforms":[{"name":"Cabin","url":"http://archiveofourown.org/tags/Cabin/works"},{"name":"Episode: Pilot","url":"http://archiveofourown.org/tags/Episode:%20Pilot/works"},{"name":"Solitude","url":"http://archiveofourown.org/tags/Solitude/works"},{"name":"Consideration of Canon Events","url":"http://archiveofourown.org/tags/Consideration%20of%20Canon%20Events/works"}]}}