{"title":"Do Not Underestimate His Subtlety","id":80482,"url":"http://www.archiveofourown.com/works/80482","author":"Ivanolix","author_url":"http://archiveofourown.org/users/Ivanolix/pseuds/Ivanolix","date":"2009-01-01T05:00:00.000Z","fanfic":{"story":[],"summary":[]},"summary":"Prompt: Continuum Tag. Vala's thoughts/feelings about her own extraction ceremony. She talks to someone. Anyone but Daniel. Maybe Teal'c?","stats":{"language":"English","words":3,"hits":100,"kudos":3,"bookmarks":1,"comments":0,"chapters":{"released":1,"total":1}},"tags":{"warnings":[{"name":"No Archive Warnings Apply","url":"http://archiveofourown.org/tags/No%20Archive%20Warnings%20Apply/works"}],"characters":[{"name":"Vala Mal Doran","url":"http://archiveofourown.org/tags/Vala%20Mal%20Doran/works"},{"name":"Teal'c","url":"http://archiveofourown.org/tags/Teal'c/works"}],"freeforms":[{"name":"Martial Arts","url":"http://archiveofourown.org/tags/Martial%20Arts/works"},{"name":"Episode Tag","url":"http://archiveofourown.org/tags/Episode%20Tag/works"},{"name":"Friendship","url":"http://archiveofourown.org/tags/Friendship/works"},{"name":"Canon - TV","url":"http://archiveofourown.org/tags/Canon%20-%20TV/works"},{"name":"Wordcount: 1.000-5.000","url":"http://archiveofourown.org/tags/Wordcount:%201*d*000-5*d*000/works"}]}}