{"title":"Faith, Dying","id":8821,"url":"http://www.archiveofourown.com/works/8821","author":"anenko","author_url":"http://archiveofourown.org/users/anenko/pseuds/anenko","date":"2009-11-14T05:00:00.000Z","fanfic":{"story":[],"summary":[]},"summary":"Allison was Francie, once.","stats":{"language":"English","words":1,"hits":0,"kudos":2,"bookmarks":0,"comments":0,"chapters":{"released":1,"total":1}},"tags":{"warnings":[{"name":"Creator Chose Not To Use Archive Warnings","url":"http://archiveofourown.org/tags/Choose%20Not%20To%20Use%20Archive%20Warnings/works"}],"characters":[{"name":"Sydney Bristow","url":"http://archiveofourown.org/tags/Sydney%20Bristow/works"},{"name":"Francie Calfo","url":"http://archiveofourown.org/tags/Francie%20Calfo/works"},{"name":"Allison Doren","url":"http://archiveofourown.org/tags/Allison%20Doren/works"}],"freeforms":[{"name":"Ficathon","url":"http://archiveofourown.org/tags/Ficathon/works"}]}}