{"title":"Boomtown or Bust","id":88993,"url":"http://www.archiveofourown.com/works/88993","author":"karrenia_rune","author_url":"http://archiveofourown.org/users/karrenia_rune/pseuds/karrenia_rune","date":"2010-05-22T04:00:00.000Z","fanfic":{"story":["\n      <h3 class=\"landmark heading\" id=\"work\">Chapter Text</h3>\n    <p>Disclaimer: SG-1 and all related characters belongs to MGM, Gekko Film Corporation; they are not mine.  Firefly is the creation of Joss Whedon; again not mine, they are only 'borrowed' for the purposes of the story and will be returned after I am done with them.</p><p>&nbsp;</p><p>\"Boomtown or Bust\" by Karen</p><p>The Mule cut through the cloud like an over-sized bulky knife cutting through cloth.  The thrum of its engine a constant if muffled background in its passengers' ears. Jayne Cobb groaned and muttered with each buck, roll, and thud and as he was just about to let the pilot know in no uncertain times his opinion on the matter.</p><p>However, the next jounce caused him to lose his balance, and the strap on his harness snapped, and fell over backward off the rear end of the vehicle.</p><p>\"Everyone okay, back there?\" Kaylee asked over her shoulder without turning around.</p><p>Jayne had just time enough for one last muttered oath and suddenly and the next thing he knew he was grasping for dear life at the jutting upright metal strut at the back of the small personnel craft for dear life.</p><p>Oh, he was not afraid, it was not like they were being chased by an Alliance or other type of authority, despite the several warrants out for their arrest, and they were not being shot at; so there was that. Jayne felt more than a little pride in keeping his cool in the middle of a firefight, but this was different was it not?</p><p>River had turned around in her seat, her eyes wide and liquid in pixie-like face as she stretched out her hand to him, in an attempt to haul him back aboard the craft.  If he hadn't known any better, he would found the entire situation knee-slapping hilarious.  Tiny, slender all of ninety pound girl trying his haul ass up when he outweighed all of them by a good fifteen pounds or more.</p><p>In the back of his mind Jayne thought, \"Damm gorram luck.  Mal is never going to let me live this one down.'</p><p>Fifteen minutes later, Mal Reynolds, with a wry only partially apologetic smile creasing the lines of his face, brought the Mule to a landing on the pad several clicks outside of the town and unstrapped himself from his own seat.</p><p>Hopping over to where Jayne dangled, leant over at the waist and grabbing his other wrist, helped River pull back onboard.</p><p>In the back of his mind Mal thought, \"What the hell, the big lug is useful to have around in a fight, and I've gotten accustomed to his 'charming personality, anyway, what difference does it make?\"</p><p>\"About bleeding time,\" Jayne groaned as he reached out to accept the hands outstretched to him.</p><p>As soon as they let go and Jayne sprawled breathing heavily for a few seconds, feeling quite boneless and a little bit conspicuous in that position with the remainder of the crew busy unloading the supplies and preparing to leave the ship and go out into the nearby town.</p><p>Jayne stood up and with a wry grin, he muttered to Mal, 'Thanks, I think.\"</p><p>River, for her part, nodded and wandered off to help Kaylee with packing the last of the supplies.</p><p>\"That the last of it?\" Mal asked.</p><p>\"Yes, sir,\" replied Kaylee with a cheerful grin curving the corners of her mouth, the bright colors of her head scarf catching the mid-morning rays of the sun slanting down from overhead.</p><p>\"Okay, then,  let's go.\"</p><p>**<br>Elsewhere</p><p>Their destination was a planet in the Sagittarius sector designated on their star charts as PSX-0058, a planet with promising reserves of a vital element in the processing of the Naquada according to the preliminary reports of the probe that they had been sent through about a week ago.</p><p>Another mark in its favor which General Landry had also been quite eager to point out during the pre-mission briefing was that it was far enough away from most of the major space traffic to likely not attract the attention of the System Lord or more importantly, the Ori.</p><p>Daniel Jackson had  his own ideas of what to expect, and after emerging on the other side of the gate and walking into town, he was a little bit taken by surprise.  Mostly because the town seemed so out of place.</p><p>It looked more like a way-station or the stage set out of an old western movie.  Not that he was any judge of such things; after all his area of expertise fell into the category of ancient civilizations and language; old Earth folklore he did not.</p><p>Daniel realized with a start that he was staring and with Vala's sharp elbow poking him in his flank, he started walking again.</p><p>Standing still in the middle of the street he realized that he was in danger of getting run down by a man on horseback  barreling down from the opposite direction.</p><p>Daniel moved aside at the last minute ignoring the darting glare the man on horseback favored him with as he swept past.</p><p>Cameron Mitchell and Teal'C where discussing in hushed undertones the best way to approach the locals on the subject of mining rights  or where to begin searching for the promised minerals.</p><p>While they were doing that Vala was looking around, her long dark braid swinging behind her and an inquisitive gleam in her eye, which, to Daniel's way of  thinking never boded good for anyone caught up in her wake.</p><p>If Vala heard Cameron's whispered caution to stay with the group she chose to ignore it.</p><p>The locals seemed only mildly curious about the newcomers as they went about their business.  Vala tossed back her head and choosing one of the many drinking establishments apparently at random, walked towards it and swept through the door, leaving it swinging behind her disappearing form.</p><p>Cameron sighed and shrugged as if to say, \"What else can we do? We go after her.\"</p><p>**<br>The bar was crowded and noisy, and smoky, but apparently doing a thriving business. Daniel finally spotted Vala making her way through the crowd to a table in rear of the building. They caught up with her and sat down at the table she had chosen.  Nearby another group came in.</p><p>Daniel, curiously looking up caught the gaze of a girl with a pixie-like face and the biggest most liquid brown eyes he had ever seen.</p><p>The man she was with had his hand clasped around her elbow, and Daniel thought, 'He looks like he believes she was made of glass and cobwebs, as if he's afraid that if he lets her go, even for an instant, that she'll shatter into a million pieces. What is he so afraid of?'</p><p>Mal chose a table near the back of the bar, allowing the others to order for him as he glanced around without being too obvious about doing so, wondering where in the hell their contact had gotten to.</p><p>Despite a little engine trouble starting out, which Kaylee had dealt with in her usual style and skill, and rescuing Jayne from his tumble off of the Mule, they had still made good time arriving her.  Badger should have been waiting for them, and if he was running late, should have sent a message at least.</p><p>Okay, so they were technically flirting on the fringes of being on the wrong side of the law, but still common courtesy dictated some kind of message.</p><p>A man showed up his hair standing up in tufts like a field of brown grass, his long duster coat draped around his lanky frame as he shuffled into the bar and made his way to the table where Mal Reynolds and the others waited for him. \"Sorry, I'm late,\" he said to the group in general as he took the empty seat at the table.</p><p>\"Badger, we had a deal,\" Mal replied.</p><p>\"I realize that,' the man called Badger replied,\" and really, Mal, how long have we known each other. You know I never back out of a deal. I'm here now, aren't I?\"</p><p>Jayne glanced over at the smaller man and made a show of cracking his knuckles before adding. \"Yeah, wanna make something of it!\" Jayne rumbled.</p><p>\"Down boy,\" Badger smiled a tight wry grin.</p><p>\"Look, I  did as you asked. I got the permits for the iron ore, easy as you please, and the authorities need never know that you had anything to do with it.\"</p><p>Badger smiled and this example looked very smug and pleased with his own cleverness, unlike the previous example which had appeared forced and a little uncomfortable with not only Jayne's implied threat but also his proximity. The big man had a reputation for a short fuse and mean fighting style.</p><p>Vala, after placing their orders for a round of drinks, got up from her table and sauntered over to where the others were engaged in discussion on low grade versus high grade iron ore.  And with her fists on her hips she smiled and said. \"Howdy, boys and girls,  pardon for me interrupting, but I couldn't help but overhear, and I was wondering if you could help me out of a little bit of a jam?\"</p><p>Mal looked up and caught her eye. \"Yes, what can we do for you?\"</p><p>\"Well, as luck would have it, we seem to have similar interests. You're looking for something special am I right?  My friends and I,\" she pivoted on one heel and paused to gesture with her thumb at the rest of the SG-1 team seated at the opposite table. \"are also looking for something special, except we don't even know where to begin looking for it.\"</p><p>\"Why are you looking for it?\" asked Jayne suspiciously and in the back of his mind Jayne thought, \"Okay, I admit it, I am a sucker for a pretty face, but I haven't survived this long to be fooled into thinking that this dame might not be an Alliance spy; or she could be on the level.  There's always that.'</p><p>\"Cam, Daniel,' Teal'C , Vala said, \"Come over here, I've got someone you guys should talk to.  I think they can help us.\"</p><p>\"I know a dodge when I see one,\" Mal added.</p><p>\"I'm not avoiding the question,\" replied Vala, \"I'm just making certain that we get it right the first time.\"</p><p>\"You're assuming an awful lot,\" Badger said with an nervous tic beginning at the corner of his right eye.</p><p>\"Of course,\" Vala smiled pretending not to notice the twitchy man's nervous tic.</p><p>\"Again, why are you looking for the ore?\" Mal asked curious despite his initial doubts and his own cautious and oftentimes paranoid nature.  Thus far neither side in this negotiation had made any over threatening moves, but it only took a little to tip the balance over into a fight.</p><p>\"I think introductions are in order. The name's Cameron Mitchell, these are my friends, \"Doctor Daniel Jackson,  Teal'C, and you've already met Vala Mal Doran.\"</p><p>Cameron paused and then thought over his next words before adding. \"I understand that you're also interested in the ore. I think we can work out a mutually beneficial deal where we both get what we want, what do you say?\"</p><p>\"I'm willing to hear you out,\" Mal replied with a brief nod, and the name's Malcolm Reynolds, this is Jayne Cobb, Kaylee Frye, and the Tams:  River and Simon.\"</p><p>\"Okay, with that out of the way,\" Daniel added and then trailed off uncertain of how to proceed.</p><p>\"Look, our sources indicate that there should be more than enough  to go around. Our problem is we don't know where to begin looking for it. Maybe if you could help locate or even point us in the right direction, we could split the take.\"  Cameron sighed and reached up to comb his fingers through his short crew-cut ash blond hair.</p><p>Mal liked the idea but he was uncertain whether or not to trust this stranger, after all the clothes they wearing said more than a little that they were representatives of some kind of military outfit, one that he did not immediately recognize, but his gut instincts were screaming at him, that this was an opportunity to good to pass up.</p><p>\"For the sake of argument,\" Mal replied. \"Let's say we agree to help you, what's in it for us?\"</p><p>\"Now we come to it,\" Daniel muttered under his breath.</p><p>\"Shut up, Daniel,\" Vala whispered back.</p><p>\"We come along, we get a take of whatever we find, no questions asked.\"</p><p>\"Agreed,\" Cameron replied and stretching out his hand across the span of the tabletop closed the deal.</p><p>***<br>The dig site was far enough away that it was unlikely that the locals would come all the way out here to dispute their digging up the ground.  Vala actually did not mind the fact that Captain Reynolds had insisted on getting a piece of the action, in fact, she admired that trait, for the promised cut of the profits.</p><p>Her own teammates were not as interested in making the big score, too busy as they were to play by the rules but there was always room for a little fun. Goodness knew she could use some after everything that they had been through.</p><p>\"The bigger the risk the bigger the payoff.\"  That had always been her motto and it was a good one.</p><p>She was quite conscious of the big man, Jayne Cobb, admiring glances on her but Vala did not really mind.  In fact, she might have been offended if they had not been.</p><p>The amusement value that came from having the proper accessories to go with the standard issue green and olive field flak jackets had begun to wear a bit thin.  Vala would not let a little thing like the bad fashion sense of her Tauri allies deter her for long. It was vanity, yes, but a little ego-stroking was all to the good, right?'<br>**</p><p>Once actual full-scale digging had begun one thing stood out in Mal's mind, all of the supplies that Cameron Mitchell's crew had brought with them bore the stamp of power that had not been seen in any part of the 'verse' for hundreds of years.</p><p>In fact, if Wash had been there he would have immediately recognize the horizontal blue and red stripes and stars as originating on the Earth-that-was.  Mal had a good mind to press Mitchell and his team on the matter, but shoved it aside as more pressing matters demanded his immediate attention.</p><p>Mitchell and the big fellow introduced as Teal'c both stepped forward with some kind of hand-held gizmo that whirred and clicked and whose readouts lit up with a pastel green glow.</p><p>\"Let's get to it. Jayne prep the explosives,\" Mal said.</p><p>\"Consider it done, boss,\" replied Jayne.</p><p>Jayne had the padded headsets already unpacked and on when lit the fuse on the explosives warning everyone to step back . The heat from the blast was  intense,  hotter even that of the sun.</p><p>The others once they had access to the rare element put on gloves and armed with shovels, ropes, and metal canisters formed into two teams, and to be fair, Mal had to agree that if they were going to share in the profits, it made sense to share in the labor of getting the stuff out; equally divided among the members of both crews.</p><p>River and her brother had been teamed with Cameron Mtichell and to Mal's way of thinking he hoped for both their sakes that River did go all dreamy and strange on them in mid-task.</p><p>Many hours later, and at could half a dozen metal canisters filled to the brim with the ore,  Mitchell called a rest break.  Gratefully sinking down on the crowd Mal took off his brown coat and wiped the sweat from his brow with the back of his white shirt sleeve.</p><p>He accepted with a nod of thanks to Kaylee the offered  flask of water and tilting it back Mal swallowed it down. \"I just hope all of this was worth it.\"</p><p>Vala stepped up beside him. \"Try and be more positive.\"</p><p>\"You know what you're problem is?\" Jayne remarked as he plunked down a heavy canister.</p><p>\"No, but I suspect that you are going to tell me,\" Mal replied.</p><p>\"You're just sore from doing manual labor, that what it will be, right enough,\" the big man replied.</p><p>\"Indeed,\" Teal'C rumbled from where he stood with Doctor Jackson who was tabulating the weight, quality and properties of the ore and figuring out the percentage of take each team would receive once they were finished up here.</p><p>Simon Tam, curious despite his initial reservations about the undertaking from the get go ambled over and peered over their shoulders at the numbers scrolling across the screen of the device.   He frowned but aside from that seemed to agree with what he saw.</p><p>River had been quiet up until now and Mal had hoped that it was a good sign, that whatever the Alliance doctors had done to her she was beginning to recover, or at least lessen her occasional outbursts.</p><p>She rocked back and forth, alarming but not dangerous. River eyes glazed over and she grasped onto  Mitchell's arm. \"When troubles come, they do not come like single spies, but in battalions; be ready.\"</p><p>Shaking off River's grip and the unease he felt at her words, Cameron Mitchell turned to  her brother, and asked \"What the hell is going on here?\" he demanded.</p><p>Simon Tam for his part just shook his head and replied. \"She is usually much more lucid than that. My guess is as good as yours, but I'd say we're in for some trouble.\"</p><p>&nbsp;</p><p>**</p><p>The first sign that all was not well were the tearing of shrubbery and the crinkling of dry grass underfoot.</p><p>The locals were armed with old-fashioned flint-lock pistols and a few sported more modern laser pistols.  Mitchell turned to his teammates, and said. \"Maybe we can reason with them, barring that, defend yourselves if attacked, but try not to hurt them.\"</p><p>Jayne darted a glance at the tall, slender man and shrugged. \"Don't sit right me, the way I figure, they attack us, we fight back, none of this pussy-footing around.\"</p><p>\"You got a better idea, now would be an ideal time,\"  replied Cameron with a shrug of his own.</p><p>The apparent leader of the group was a big man with salt and pepper hair and a matching mustache. He was a big, heavy-set, with dark heavy-lidded blue eyes.  He probably had been strong in his youth but it appeared that much of his bulk had run to fat, still it would be a mistake to underestimate any of them.</p><p>\"The ways I see it, we can't have folks from outside come 'around these parts, a digging' up our land.\"\" he said by way of introduction.</p><p>\"We have permits,\" Kaylee chimed in. \"If you want proof that we have every right to be here.\"</p><p>The leader stumped forward and reaching out a free hand he waited for Kaylee to produce the papers. \"I'm a fair man, girlie, let me these papers, then.\"</p><p>Kaylee stepped back a pace but then with a grin grabbed the back lying at her feet and rummaging through it for  a second finally came up with the documents and showed them to the big man.</p><p>He took them from here and glanced at them. \"It all seems to be in order.\"</p><p>Vala added \"I fail to see the problem here, we were acting on the understanding that if we managed to obtain proper documentation, then we could dig anywhere we wanted to, within reason.\"</p><p>\"Is she always this annoying,\" Jayne asked Daniel Jackson who stood beside him in their ragged two rows deep line.<br>\"Actually, this is relatively mild example,\" Daniel replied with a sigh. \"But she does have a point.\"</p><p>\"I was hoping for something more along the lines of you violating our land and mining rights\" the big man sighed as he handed back the documentation to Kaylee. \"However, I'm a fair man.  How much have you already collected?\"</p><p>\"Enough,\" Mal replied and Cameron stepped forward to emphasis that they had not been all those hours of labor to walk away empty-handed.</p><p>\"Okay, the big man replied. \"You can take what you got already, just don't come back here no more.  I ain't entirely sure what the stuff does, but it's valuable right enough.\"</p><p>\"Agreed.\"  Mal and Cameron said at the same time, sharing a significant glance with each other.</p><p>A potential fight had been averted, and in the back of his mind Cameron felt thought that he should be grateful that they had Mal and his team along, getting to the element was hard enough,  but they needed that rare element if they were going to have enough Naqauda on hand to be able to fight off the Ori. He did not care to think why Mal and his crew needed it; but at this point Cameron figured it did not really matter.</p><p>Conclusion</p><p>Jayne plunked down on the crates stacked in the hold and thumbed back the plastic cap from a nondescript brown bottle.</p><p>He sighed and rocked back and forth before lifting a brown bottle to his lips and downed a healthy swallow of the liquid inside.  It was just like Mal to allow a big score to slip right through their fingers at the very instant they would have closed on the payoff. Okay, so it really was not entirely Mal's fault.</p><p>The locals were restless and how were they to know beforehand that it had some kind of religious or historical value going into the deal? Badger should have warned them, but it had been just like him to omit that vital piece of information.</p><p>Meanwhile, back at the SGC Vala finished drying out her long hair, fresh out of the chair convinced that she had scrubbed out the worst of the dirt and grit and sand from her hair and skin, thinking that it had not been a bad idea to team up with Captain Reynolds and his crew.</p><p>In fact, if it had not been for their help they would never have come away with a good metric weight of quality iron ore: mission accomplished,\" she thought as she hung up the towel and  moved to pick up her clothes.</p><p>Vala sat down on her bed and pulled on her undergarments, and then her shirt and slacks. <br>And really now that big one, what was his name, Jayne?  Well, not everything we do has to be about extracting the best possible military, diplomatic or strategic value from it.'</p>\n  ","\n      <h3 class=\"landmark heading\" id=\"work\">Chapter Text</h3>\n    <p>Disclaimer: Stargate SG-1 belongs to MGM, Gekko Film Corp, and Renaissance Pictures; as do all of the characters who appear here or are mentioned; they are not mine. Firefly is the creation of Joss Whedon and the WB; it is not mine.  Note: The story picks up shortly after where \"Boomtown or Bust\" left off with a short interlude taken into  consideration.</p><p>\"Can't Take the Sky from Me\" by Karen</p><p>&nbsp;</p><p>'The verse is wide and unpredictable and vast and has the unfortunate tendency to  be quite heedless of the motes of life that traverse it. '</p><p>He rolled over on the bed and kicked off the sheets that had become entangled around his bare feet before continuing to expound on his current theme.</p><p>'One would think, \" Mal Reynolds mused, leaning back against one of the walls of his quarters. 'One really would think that kind of thinking would get a man down but instead it only drives him on and my crew are certainly not bent on trying to out-hero decorated war-heroes. We're just trying to carve a better life.'</p><p>He had already been down in the engine room knocking his head on one of the low-hanging beams on the way in and indulging in a long string of curses before he got down to the business at hand.   He wanted to know if Kaylee had made any progress with the newly acquired of liquid ore that they could convert into a much needed fuel supply.</p><p>Running a ship got  expensive even for one the size of the Firefly and while that had come as a lucky break of late they were experiencing something of a mild drought on the new jobs front.</p><p>With  a rueful shake of his head and  a few strands of his hair falling down into his eyes  was when Mal realized that a mild drought between jobs was nothing new and if it had just been him and Jayne, and Zoe and Wash they might have weathered it a good sight better.</p><p>The presence of the Tams in general and in particular River had an unfortunate tendency to muddy those proverbial waters.</p><p>In his heart of hearts Mal had long since accepted the fact that he would no more let River go and by extension let her brother Simon go, then he would let any of his crew come to harm; and that was no lie.</p><p>'So, he wondered, not for the first time, have I made a mistake somewhere along the line? <br>If it is, in point of fact, a mistake, how should I go about repairing the damage?'</p><p>&nbsp;</p><p>And as strained as their first encounter with the group who had been contesting proprietary rights to the ore maybe they would now be interested in some kind of trade negotiations.</p><p>Mal had not had much time to take stock of the details of their weaponry mainly because of the averted confrontation with the disgruntled locals over mining right; however he had seen enough to warrant further investigation along those lines.</p><p>The liquid  did not meet the specification of standard issue Alliance weaponry and hardware and come to think it they did not act like Alliance soldiers, even ones that were no longer taking orders from  that auspicious body, or not as the case might be.</p><p>Mal with plenty of good reasons took a dim view of anything the Alliance said or did even long before River and Simon Tam had come aboard and provided a dangerous, sometimes amusing complication to his life.</p><p>Jayne was heaving loads of the ore into the array of bins that Kaylee had scattered across the floor of the engine room and cursed as the back of his head hit an overhead beam. For her part Kaylee ignored him.</p><p>Whistling an off-key tune and walking with a loose-limbed easy grace that had had acquired from long experience of the idiosyncrasies and movements of the ship Mal crossed the distance and tapped Jayne on the shoulder.</p><p>The taller man grunted and turned around, \"Damn gorram stuff. I've analyzed it half a dozen times, and Kaylee  probably twice that and I still  say that I've never seen it's like before.\"</p><p>\"Will it get us around without blowing us up?\" asked Mal shrugging his shoulders but taking the matter seriously nonetheless.</p><p>\"Yeah,\" replied Jayne muttered under his breath. \"But I don't think we can treat as causally as we've been doing.\"</p><p>To their left Kaylee finished putting the final adjustments to the engines and slithered out from underneath the exhaust manifold. \"I can't believe I'm saying this, but Jayne's right.\"</p><p>\"Some of my favorite words,\" Jayne piped up,\" So what I am right about, huh?\"</p><p>\"Go back to loading,\"  ordered Mal over his shoulder.</p><p>\"This stuff is like nothing else I've ever seen before, and if you don't handle it with kid gloves it'll likely blow us right out of the black.\"</p><p>Kaylee tilted her scarf-wrapped head to one side as if thinking the matter through and then sighed.</p><p>\"That is if the Alliance boys don't blow us up first. I've got the engines running again after that last hit we took and made the modifications necessary to convert the ore into a liquid fuel,\" replied Kaylee.</p><p>\"We're good to go?\" Mal asked.</p><p>\"Yeah,\" replied Kaylee with a wave of one sweaty and grease-stained hand and then wiped on the bib of her coveralls. \"If my analysis of this stuff is correct we should have asked for a higher bargaining price on the deal.  It's a good thing the Alliance doesn't know about it.\"</p><p>\"Why? Both Mal and Jayne said simultaneously.</p><p>\"Cause not only is this stuff kicking as converted fuel supply, it could also with the right amount of time and equipment and technology….\" Kaylee paused and stuffed her hands into the pockets of her coveralls. \"It could be turned into a big damn weapon.\"</p><p>Mal regarded her for a moment and then exchanged a significant glance with each of them and then smiled, this one a baring of his teeth and coupled with a dangerous glint in his eyes before he said. \"Well, then isn't it convenient that we got to do before the Alliance boys did.\"</p><p>Jayne smiled. \"More money?\"</p><p>Mal sighed. \"Yes, Jayne, it also means more money.\"</p><p>\"We leave the Doc and River aboard when he meet up with them, right?\"</p><p>\"I guess,\" Mal replied. \"There's really no reason to take them along. This is business.\"</p><p>***<br>Cameron Mitchell fumed, he did not liking waiting  and certainly did not like being stonewalled but at the moment there really was nothing he could do about it.</p><p>\"We've been contacted by a certain freighter captain regarding your visit to the planet PCX 1193, \" General Landry said and get this, they want to meet with you at moon in the Magellen cluster to 'renegotiate the deal you made a few weeks back.\"</p><p>Vala seated next to Daniel Jackson as usual reached up to finger-comb through the strands of her long dark hair. \"Can't say as I blame them; that was bad business all around. I know I would if I were him\"</p><p>\"Vala, we're not exactly an open market,\" said Daniel with a sigh.</p><p>\"I know this sort of thing is not the kind of mission that I would normally send SG-1 on,\" Landry added, \"however, speaking of open markets,  I think we should meet with them and make certain that the naquada ore they do already have in their possession does not fall into more dangerous hands, if you catch my drift?\"</p><p>\"I should think so,\" Cameron Mitchell replied. \"Although, I still think giving them the ore in its raw state really did no harm; and if you'll recall from our post-mission reports, the locals were getting rather restless.\"</p><p>\"I remember,\" General Landry replied. \"It's just that ore, even its refined state is becoming distressingly in short supply at the planets that we can reasonably hope to reach even through the Gate.\"</p><p>\"The Ancients used the stuff to build the star gates,\" Vala said in a bored tone to no one in general.</p><p>\"We know, and its also  highly unstable,\" Cameron interrupted. \"Not unlike certain other I could mention.\"</p><p>Vala rolled her eyes at him and shrugged. \"How very droll, Lieutenant, and hardly very subtle.\"</p><p>General Landry cleared his throat. \"Yes, well.  I get the sense from the tone of the communiqué is we they stated that they wished to renegotiate it implied that we wanted something more substantial.\"</p><p>\"Money,\" interrupted Vala. \"I could grow to like these people. Will the big handsome lug be there as well?</p><p>Daniel glared at her and said. \"Have I told you lately that you really are incorrigible?</p><p>\"Not within the last forty eight hours, no,\" she replied.</p><p>Daniel blushed and then added. \"Well, at this point they might not wish to give up possession of what they already have, but maybe we can work out something were we can show them how to safely handle the stuff.\"</p><p>Landry nodded. \"Just be careful, okay?\"</p><p>\"We'll make preparations to leave right away, Sir,\" Cameron Mitchell briskly replied and with that his team and the various personnel called in for the briefing dispersed to attend to numerous other tasks in and around the Cheyenne mountain base.</p><p>General Landry sighed and shook his head. \"Good hunting, Colonel Mitchell, Lord only knows that I've got a funny feeling deep in my gut that's telling me that you're going to need all the luck you can get and then some.\"<br>**<br>Mal had chosen this spot not only for it remoteness but also for its navigational hazards for in order for a ship to get here it would have to steer clear of a asteroid belt and several other spatial anomalies that had a tendency to play havoc with navigational systems.</p><p>Still, Mitchell and his team had arrived well ahead of schedule just as they had promised that they would.</p><p>At least he now had a name for the ore they had acquired, Naquada. Nice name, but not a name that he recognized from any of the Earth-that was Languages that he recognized; but if he were forced to hazard a guess he would have said it sounded a bit like a mash-up between Greek and Chinese.</p><p>\"Welcome to Purgatory,\"  said Mal as Mitchell and his team arrived  at the designated coordinates leaving Teal'c behind in the  'borrowed' and modified Dart ship in a sync Rous orbit over the outpost.</p><p>\"Is that really its name,\" asked Daniel Jackson.\"</p><p>\"Come now, Daniel,\" remarked  Vala, \"in all the time I've known you, I can't believe you could really be that gullible. I believe the good Captain is pulling your chain.\"</p><p>Mitchell looked around at  their surroundings which reminded him of the set dressing out of the old westerns he used to watch with his father growing up, and then  wondered  if he had somehow managed to misalign the cartouches on the Gate that instead of taking them into the PCX Bellreophon Galaxy as they had intended to do upon receiving the coordinates to meet with Captain Reynolds and his crew they had instead been spirited away to the Old  West.  It was remotely  possible, after all, stranger things that had happened to the various members of SG-1 in its day, why not now?</p><p>\"We got your message,\" Mitchell said without going through the preliminaries. I suspect by now you know what you've got on your hands is no ordinary ore. Whose you're  uh, engineering expert?\"</p><p>A woman with a multi-colored  head scarf stepped forward. \"That would be.\"</p><p>\"Lt. Cameron Mitchell,\" he replied as he extended his arm to shake her hand. \"Pleased to make your acquaintance, Ma'am. Although I vaguely recall seeing you the first time we crossed paths?\"</p><p>\"I don't think so,\" replied Kaylee.</p><p>\"Right then,\" Mitchell cleared his throat. \"If you'll allow me to proceed. By now I suspect that you've had  a chance to analyze the ore and you've no doubt discovered that it has well, properties, Doctor Jackson could give the technical play by play, but if we allow him, we'll be here for a month, so we'll skip all that.\"</p><p>\"I resent that! Exclaimed Daniel Jackson, \"While I am well aware that I do have a tendency to expound at length, I am not, nor have I ever been considered pedantic!\"</p><p>Vala laughed and caught a glimmer of smile ghosting across the serious expression of Captain Reynolds and the  folks that had accompanied him.  \"Only proves Cam's point, dear boy.\"</p><p>\"oh, shut up!\" muttered Daniel under his breath.</p><p>Mitchell, Reynolds and Kaylee walked over to a display tank mounted on a platform.</p><p>\"How much is this stuff really worth?\" Jayne muttered as the three went over to inspect a sample of the 'merchandise' that they had lugged down to the moon's surface.</p><p>\"Supply and demand, dear boy,\" muttered Vala as she sidled over to stand beside the big man. \"Take it from an expert in these matters, it's all about supply and demand and just how much the market will bear.\"</p><p>\"Sounds too much like work,\" muttered Jayne with a wry grin.</p><p>\"Spoken like a man after my own heart,\" she replied with a wicked grin of her own.</p><p>**<br>Hours later after several times as one or the other member of the two groups nearly came to blows a high-pitched whine brought things to a stand-still. It came from up above and a space-ship emerged from out of the star-sprinkled  back drop of space.  It came in for a landing its engines purring and landed</p><p>To Daniel's way of thinking the lines and general proportions of the craft reminded him of nothing so much as an insect, specifically a praying mantis. And by no stretch of the imagination probably meant trouble.  Tearing his gaze away from the ship and its pilot Daniel turned back to Mitchell and Captain Mal Reynolds. \"I think we should wrap this up as quickly as we can.\"</p><p>\"Is it just me, or is it getting rather crowded around here?\" Vala asked of no one in particular.</p><p>How the Operative not only managed to located them on this out-of the way on the fringes of Alliance space Mal would probably never know; but after all this time it was becoming more than a damn sight irritating.</p><p>&nbsp;</p><p>Zoe and Wash had hacked into the Alliance database shortly before their arrival at the moon and had not been able to find anything, but certainly not for lack of trying.</p><p>Mal held out higher hopes for Lieutenant Mitchell and his crew. They were the ones who had given the stuff its name in the first place and it was obvious to anyone with the eyes to see that they know more about the stuff than they were willing to let on.</p><p>In the back of his mind, Mal thought, \"This ought to be very interesting, not to mention profitable. Oh hell, now I'm beginning to think like Jayne and that's never a good sign.' Mal forced the errant thought to a back corner of his mind and concentrated on the task at hand.</p><p>It required attention.  The Operative was only one man but he was a dangerous one. Okay, they had outnumbered at least but that really wasn't all that telling because with a flick of his wrist and a tap of a button that he wore on his arm the Operative had summoned several other remote drones from the interior of his own ship to back him up.</p><p>\"Captain Reynolds, fancy meeting you here.\"</p><p>\"Friend of yours?\" Mitchell asked as he glanced over his shoulder at Mal.</p><p>\"No.\"</p><p>\"Bad news?\" added Daniel while in the back of his mind he wondered if leaving Teal'c stationed above the moon with the ship at the time had been more than merely a formality because  they needed someone there in order to get them off the moon and back to a planet with a working stargate, but now it just might just become their proverbial ace in the hole. Teal'c  would not have been caught by surprise so they still had an exit strategy should they be needing one.</p><p>\"Yeah.\"  Jayne Cobb was a man of a few words, but right now considering the amount of firepower that the Operative had at his disposal and add to the fact that they were out maneuvered, outgunned, a little of that fancy talking might just save all of their collective hides and getting away with a little cold hard cash on the side, well, that would just be a slice.</p><p>\"You might have mentioned that there were other 'interested parties to this deal of yours before we committed to it,\" Mitchell added.</p><p>\"Look I don't like what's happened any better than you do, Mitchell,\"  Mal yelled, \"but at least I know that the Operative and by extent the Alliance is a known danger. And we certainly don't need your help to deal with them.\"</p><p>\"Captain,\" whispered Zoe as she stepped up to take a defensive position at his side. \"Look, I don't meant to interrupt, but we're running out of time. Either we try and talk our way out of this or we fight.\"</p><p>Mitchell, frustrated and unable to come up with a better or even an alternative strategy under the circumstances darted a brief glance at the attractive black woman and nodded. \"She makes a hell of a lot more sense than anything else I've heard around here lately.\"</p><p>The Operative arrived along with several enlisted men carrying ominous looking bundles and crates floating on anti-gravity units and weapons balanced over the shoulders.  The odds were improving,  to Mal's way of thinking. At least the known and very dangerous thorn in his side was not planning to blow his ship up and then come down to dispose of the remainder of the crew.</p><p>At that instant Mal very much wanted to radio Wash and  possibly even Simon Tam aboard the Firefly and ask to an emergency pick up, the damn liquid ore, pardon, the Naquada really was not worth this much expenditure of man power and effort.</p><p>\"Captain Reynolds,\" the Operative replied sounding as if they were two old acquaints passing each other on  busy city street instead of two adversaries playing a very dangerous game of cat and mouse.</p><p>\"Yeah, if you're waiting to see if I'll surrender either my ship or my crew,\" Mal smiled a wicked smile that showed all of his pearly white teeth. \"You're in for a damn gorram long wait.\"</p><p>\"There is no need for threats Mr. Reynolds, after all we are both gentlemen. As much as my superiors might wish me to arrest you and bring you in for questioning,  I am here on rather different business.  The Operative smiled again; it was not even remotely charming.</p><p>\"Great a crooked government agent,\" remarked Daniel in dull tones.</p><p>\"Not just any crooked government agent,\" whispered Kaylee who had come to stand beside him.</p><p>\"The problem is he's the one honest upright guy who can't be corrupted or bribed or swayed from his course of action once they set him loose.</p><p>\"Wonderful. Mitchell sighed and finger-combed the tangles from his tightly  curled strands of wheat-blond hair. \"What the hell does he want?</p><p>\"Why don't you ask him yourself, Lieutenant Mitchell,\" Jayne sneered.</p><p>\"I did not realize you had other interested buyers,\" the Operative replied.</p><p>\"You want a cut of the ore,\" Zoe remarked. She stepped forward directly into his line of sigh her weapon holstered in the pocket of her khaki trousers, a defiant gleam in her eyes and an dangerous expression on her sweaty-damp face. \"I've got only two words for you. \"No Deal!\"</p><p>\"Zoe! Wait!\" Don't! Oh, hell, I hope she isn't gonna do what I think she's gonna do\" Jayne Cobb with Cameron Mitchell close on his heel as if they had been on the same wavelength broke out into a flat footed sprint across the uneven terrain of the moon the artificially produced oxygen of the terra-formed  moon fluting in and out of their legs as they raced to catch up with lithe and very fast Zoe Warren before she detonated the naquada in its portable container.</p><p>\"Highly explosive when exposed to extreme temperatures,\" can't we discuss this some more!\" Jayne yelled.</p><p>\"What's going on back there.\"</p><p>\"I'm destroying the sample, Sir,\" replied Zoe and in an undertone to Jayne Cobb she said. \"It's not like we don't have more of the damn stuff and as if it was nothing more than afterthought. \"It's more trouble than it's worth anyway and from what your Daniel Jackson's told us we need more in the way of technical processing methods to make it any good at all.\"</p><p>With that she turned around with her arms crossed over her chest. \"What's it worth it to you to get out of here in one piece?\"</p><p>\"You would rather blow yourselves up than cut a deal with the Alliance?\" the Operative asked, unflappable as ever. It was becoming damn irritating.</p><p>Mal and the Operative stared each other down. \"Supply and demand. I suspect that we will be seeing each other again, Captain. I look forward to it.\"  With that he pressed a button attached to a device he wore on his wrist and a beam of light streamed down from the ship and he and his mean vanished as the transporter beam whisked them away.</p><p>\"In a word. Yes.\"</p><p>Mal nodded and then turned around to face Mitchell and his team. \"Looks like we have ourselves about,: he turned to exchange a glance with Zoe who responded by raising her arms out in front of her twice with all ten fingers spread, and then turned around again, \"about twenty minutes before this moon and everything on it becomes a glimmer in the verse's eye, so I suggest we pack up and get the hell outta here.\"</p><p>&nbsp;</p><p>Conclusion</p><p>\"It's a good thing that was only sample, any quantity of three to five kilos probably would have made a while big enough to hide of the alliance honking ore freighters in,\" Zoe remarked.</p><p>\"I've made  a decision, you take this damn stuff off our hands and in return maybe you help us make some repairs on the ship,\" Mal muttered.</p><p>Mitchell smiled and reached out his hand to for the other man to shake on it. \"You've got yourselves a deal.  In fact, I was just about to suggest the same thing.  In fact, we might be able to arrange something with our friend Teal\"c and find an alternative fuel supply.</p><p>\"Hopefully, one less likely to go boom while we're still standing beside it,\" added Vala.</p><p>\"You'll get no argument from me,\" Kaylee chimed while darting a hopeful and sheepish glance at Daniel Jackson who returned her glance with a brilliant smile of his own.</p>\n  "],"summary":[]},"summary":"For whatever reason that Malcolm Reynolds has yet to determine; there simply is no just thing as a routine <br>job; not even something that should be as straight forward as a mineral survey.  For Cameron Mitchell it is<br>just another day at the office.","stats":{"language":"English","words":7,"hits":182,"kudos":1,"bookmarks":0,"comments":0,"chapters":{"released":2,"total":2}},"tags":{"warnings":[{"name":"No Archive Warnings Apply","url":"http://archiveofourown.org/tags/No%20Archive%20Warnings%20Apply/works"}],"characters":[{"name":"Kaylee Frye","url":"http://archiveofourown.org/tags/Kaylee%20Frye/works"},{"name":"Simon Tam","url":"http://archiveofourown.org/tags/Simon%20Tam/works"},{"name":"Cameron Mitchell","url":"http://archiveofourown.org/tags/Cameron%20Mitchell/works"},{"name":"Malcolm Ryenolds","url":"http://archiveofourown.org/tags/Malcolm%20Ryenolds/works"}],"freeforms":[{"name":"Crossover","url":"http://archiveofourown.org/tags/Crossover/works"},{"name":"Challenge: multiverse500","url":"http://archiveofourown.org/tags/Challenge:%20multiverse500/works"}]}}