{"title":"Three Times a Lady","id":91035,"url":"http://www.archiveofourown.com/works/91035","author":"Maverick","author_url":"http://archiveofourown.org/users/Maverick/pseuds/Maverick","date":"2010-05-31T04:00:00.000Z","fanfic":{"story":[],"summary":[]},"summary":"With apologies to Lionel Richie...","stats":{"language":"English","words":459,"hits":50,"kudos":3,"bookmarks":0,"comments":0,"chapters":{"released":1,"total":1}},"tags":{"warnings":[{"name":"Creator Chose Not To Use Archive Warnings","url":"http://archiveofourown.org/tags/Choose%20Not%20To%20Use%20Archive%20Warnings/works"}],"characters":[{"name":"Claire Howell","url":"http://archiveofourown.org/tags/Claire%20Howell/works"}]}}