{"title":"I Am a Broken House","id":91624,"url":"http://www.archiveofourown.com/works/91624","author":"lady_krysis","author_url":"http://archiveofourown.org/users/lady_krysis/pseuds/lady_krysis","date":"2010-05-28T04:00:00.000Z","fanfic":{"story":[],"summary":[]},"summary":"Aisha draws first blood.","stats":{"language":"English","words":1,"hits":0,"kudos":5,"bookmarks":1,"comments":0,"chapters":{"released":1,"total":1}},"tags":{"warnings":[{"name":"No Archive Warnings Apply","url":"http://archiveofourown.org/tags/No%20Archive%20Warnings%20Apply/works"}],"characters":[{"name":"Aisha al-Fadhil","url":"http://archiveofourown.org/tags/Aisha%20al-Fadhil/works"},{"name":"Franklin Clay","url":"http://archiveofourown.org/tags/Franklin%20Clay/works"},{"name":"William Roque","url":"http://archiveofourown.org/tags/William%20Roque/works"}],"freeforms":[{"name":"Wordcount: 1.000-5.000","url":"http://archiveofourown.org/tags/Wordcount:%201*d*000-5*d*000/works"},{"name":"Female Character of Color","url":"http://archiveofourown.org/tags/Female%20Character%20of%20Color/works"},{"name":"POV Female Character","url":"http://archiveofourown.org/tags/POV%20Female%20Character/works"},{"name":"Character of Color","url":"http://archiveofourown.org/tags/Character%20of%20Color/works"},{"name":"POV Character of Color","url":"http://archiveofourown.org/tags/POV%20Character%20of%20Color/works"},{"name":"Canon Character of Color","url":"http://archiveofourown.org/tags/Canon%20Character%20of%20Color/works"},{"name":"Community: daily_prompt","url":"http://archiveofourown.org/tags/Community:%20daily_prompt/works"},{"name":"Comment Fic","url":"http://archiveofourown.org/tags/Comment%20Fic/works"},{"name":"Fights","url":"http://archiveofourown.org/tags/Fights/works"}]}}