{"title":"2:57","id":9362,"url":"http://www.archiveofourown.com/works/9362","author":"Sally Mn (sallymn)","author_url":"http://archiveofourown.org/users/sallymn/pseuds/Sally%20Mn","date":"2009-11-14T05:00:00.000Z","fanfic":{"story":[],"summary":[]},"summary":"Yet another unexpected benefit of being The Great and Glorious Sentinel and Protector of the Tribe... or not.","stats":{"language":"English","words":1,"hits":166,"kudos":3,"bookmarks":0,"comments":0,"chapters":{"released":1,"total":1}},"tags":{"warnings":[{"name":"No Archive Warnings Apply","url":"http://archiveofourown.org/tags/No%20Archive%20Warnings%20Apply/works"}],"characters":[{"name":"Blair Sandburg","url":"http://archiveofourown.org/tags/Blair%20Sandburg/works"},{"name":"Jim Ellison","url":"http://archiveofourown.org/tags/Jim%20Ellison/works"}],"freeforms":[{"name":"Series 1","url":"http://archiveofourown.org/tags/Series%201/works"}]}}