{"title":"Near Fantastica","id":95626,"url":"http://www.archiveofourown.com/works/95626","author":"vtn","author_url":"http://archiveofourown.org/users/vtn/pseuds/vtn","date":"2010-06-19T04:00:00.000Z","fanfic":{"story":[],"summary":[]},"summary":"A young boy and his TARDIS.","stats":{"language":"English","words":388,"hits":40,"kudos":0,"bookmarks":0,"comments":0,"chapters":{"released":1,"total":1}},"tags":{"warnings":[{"name":"No Archive Warnings Apply","url":"http://archiveofourown.org/tags/No%20Archive%20Warnings%20Apply/works"}],"characters":[{"name":"The Doctor","url":"http://archiveofourown.org/tags/The%20Doctor/works"},{"name":"The Master","url":"http://archiveofourown.org/tags/The%20Master/works"},{"name":"The TARDIS","url":"http://archiveofourown.org/tags/The%20TARDIS/works"}]}}