{"title":"A Unique Talent","id":96057,"url":"http://www.archiveofourown.com/works/96057","author":"Ink_Gypsy","author_url":"http://archiveofourown.org/users/Ink_Gypsy/pseuds/Ink_Gypsy","date":"2010-06-21T04:00:00.000Z","fanfic":{"story":[],"summary":[]},"summary":"Speaking to God isn't Mister Smith's only talent.","stats":{"language":"English","words":357,"hits":137,"kudos":5,"bookmarks":0,"comments":1,"chapters":{"released":1,"total":1}},"tags":{"warnings":[{"name":"No Archive Warnings Apply","url":"http://archiveofourown.org/tags/No%20Archive%20Warnings%20Apply/works"}],"relationships":[{"name":"Kurdy/Mister Smith","url":"http://archiveofourown.org/tags/Kurdy*s*Mister%20Smith/works"}],"characters":[{"name":"Kurdy","url":"http://archiveofourown.org/tags/Kurdy/works"},{"name":"Mister Smith","url":"http://archiveofourown.org/tags/Mister%20Smith/works"}]}}