{"title":"A Little Dignitie Now","id":9650,"url":"http://www.archiveofourown.com/works/9650","author":"The_Grynne","author_url":"http://archiveofourown.org/users/The_Grynne/pseuds/The_Grynne","date":"2009-03-10T04:00:00.000Z","fanfic":{"story":[],"summary":[]},"summary":"The coast of Scotland, 1663. Enter an old woman and a boy.","stats":{"language":"English","words":849,"hits":65,"kudos":0,"bookmarks":0,"comments":0,"chapters":{"released":1,"total":1}},"tags":{"warnings":[{"name":"No Archive Warnings Apply","url":"http://archiveofourown.org/tags/No%20Archive%20Warnings%20Apply/works"}],"characters":[{"name":"Adam Monroe","url":"http://archiveofourown.org/tags/Adam%20Monroe/works"}]}}