{"title":"Half-life","id":97026,"url":"http://www.archiveofourown.com/works/97026","author":"zeldadestry","author_url":"http://archiveofourown.org/users/zeldadestry/pseuds/zeldadestry","date":"2005-09-19T04:00:00.000Z","fanfic":{"story":[],"summary":[]},"summary":"It feels better to have a beating heart.","stats":{"language":"English","words":1,"hits":32,"kudos":2,"bookmarks":0,"comments":0,"chapters":{"released":1,"total":1}},"tags":{"warnings":[{"name":"Creator Chose Not To Use Archive Warnings","url":"http://archiveofourown.org/tags/Choose%20Not%20To%20Use%20Archive%20Warnings/works"}],"characters":[{"name":"Spike","url":"http://archiveofourown.org/tags/Spike/works"}]}}