{"title":"Come the Wild Weather","id":99330,"url":"http://www.archiveofourown.com/works/99330","author":"Pollyanna","author_url":"http://archiveofourown.org/users/Pollyanna/pseuds/Pollyanna","date":"1999-11-15T05:00:00.000Z","fanfic":{"story":[],"summary":[]},"summary":"Episode Tag to Star-Crossed","stats":{"language":"English","words":3,"hits":147,"kudos":0,"bookmarks":0,"comments":0,"chapters":{"released":1,"total":1}},"tags":{"warnings":[{"name":"Major Character Death","url":"http://archiveofourown.org/tags/Major%20Character%20Death/works"}],"characters":[{"name":"Duncan MacLeod","url":"http://archiveofourown.org/tags/Duncan%20MacLeod/works"},{"name":"Hugh Fitzcairn","url":"http://archiveofourown.org/tags/Hugh%20Fitzcairn/works"}]}}