{"title":"Interchange","id":5390357,"url":"http://www.archiveofourown.com/works/5390357","author":"brassdancer","author_url":"http://archiveofourown.org/users/brassdancer/pseuds/brassdancer","date":"2016-01-18T05:00:00.000Z","fanfic":{"story":"\n      <h3 class=\"landmark heading\" id=\"work\">Chapter Text</h3>\n    <p>It was only a few yards away now, the Mass Pike Interchange. He could barely believe it; he was back, <em>where it all went wrong</em>. And he was with Sole, ….<em>with Sole</em>. How on Earth had he convinced her to come along, no, <em>not just tag along, but to help him bring down the Gunners?</em> It was a mystery, one that he’d undoubtedly had enough time to ponder from the long trek out of Diamond City.</p><p><br>\nShe insisted on wearing her power armor, absolutely insisted. He didn’t get it. She was slow, clunky … and boy did it make too much noise for his liking. It wasn’t even an advanced model, didn’t provide much in the way of protection aside from perhaps shielding her from any nasty headshots. Though, if he was being honest, he was a tad jealous. He’d seen those Brotherhood guys waltzing around in various models while back in DC. Always looked like it’d be fun to stomp around in.&nbsp; He never had the guts to mess with a Brotherhood guy, <em>or girl … did they let girls in the Brotherhood?</em></p><p><br>\nOK, so maybe it wasn’t such a bad idea that she wore her power armor, but still …. It’s too loud. She’s so slow. How does she expect me to cover her at this speed? His hand grazed the bullets strapped to his leg, calmly counting how many he had on hand. <em>There’s too much riding on this … too many things can go wrong</em>…. He fumbled with the brim of his hat as he tried to calm his nerves.</p><p><br>\n“Mac?” Her voice cracked. Even through the armored ventilation he could hear it, almost as if she was still waking up. It was the first time she’d spoken all morning</p><p><br>\n“Yeah, Boss? What’s up?” He quipped.</p><p><br>\n“We’re almost to the elevator. Anything around the bottom… well, that you can remember?”</p><p><br>\nTruth be told, he couldn’t remember much at all. The Interchange was a newer establishment, and his only memories were of the rugged bus shells on the bridge where he used to sleep, if you could call it that. There were cars scattered everywhere, rusty and fragile. They provided some shelter from the elements, but the establishment was severely lacking in living accommodations. And besides, he’d been trying to eradicate his mind of any memory pertaining to the Gunners.</p><p><br>\n“Well,” he stammered, realizing quite quickly how little help his information would be, “Don’t remember much. I think they had a couple guys out there, but this place is sort of, well uh, newly acquired if you get my drift.” His eyes shifted downward. “There might be a bit more than we’re used to, if they operate like I remember.”</p><p><br>\n“Well alright then, I guess we’ll have to prepare behind that ….” She pointed the tip of her laser rifle towards a shattered shell of what he’d assumed was once a super duper mart.</p><p><br>\n<em>&nbsp;Pfft, laser rifles.</em> He was always giving her grief about using the “synth’s” version of the greatest gun on earth. <em>Come on, let me show you how to shoot a REAL gun!</em> He’d daydream about crouching behind her, reaching his arms around her and holding her hands steady as she held his shotgun. <em>Come on, just once … you’ll never go back…</em>&nbsp; She was already halfway behind the building by the time he’d let out an internal laugh. <em>What is she …. she’s not …</em></p><p><br>\n“Uh, Boss? Ehrm …” He could see her jet black hair, pulled into as taut of a ponytail as she could manage without a proper comb.<em> Her helmet…</em></p><p><br>\n“Boss! What are…”&nbsp; She quickly cut him off.</p><p><br>\n“What … you didn’t think I was going to let you up there without some sort of a disguise, did you?” His eyes followed her right hand as it continued flicking various locks and levers to release the armor from its frame.<em> Is she absolutely mad? I thought those things were rad-proof, but something had to have leaked….</em></p><p><br>\n“You—you’re screwin’ with me now! Put that stuff back on … it’s, it’s yours! I w-wouldn’t even know how to operate that---that thing!” The clanking and flicking continued, the helmet and both arms sat laying on the ground at his feet. She wasn’t listening.</p><p><br>\n“Oh shut up,” she laughed. “I knew you’d give me a hard time, but really, you even said it yourself…. Wilkes and Barnes can’t know you’re involved.” </p><p><br>\n“But, but Boss …” His hand fiddled with his sniper rifle in such a way that Sole had to grab the ferrel and reign him back down to Earth.</p><p><br>\n“Mac,” she gave the rifle a playful push towards the ground. “Get in.” The frame made an audible hiss as she exited it from the back.</p><p><br>\n<em>What was happening? Is this for real? Someone is willingly, without caps upfront, letting me just play around in their power armor?</em>\n</p><p><br>\nThis though, this wasn’t playing. His mind jarred quickly back to the task at hand, Wilkes and Barnes. The elevator. The Mass Pike Interchange. Taking out the Gunners and removing that part of his haunted past. His mind wandered, <em>how are we going to do this?</em></p><p><br>\n“Hey, Earth to MacCready …” He met her gaze and quickly blinked. She was standing next to the large power armor frame, slowly fastening her rickety combat armor overtop her tight vault suit. “Come on, we don’t have all day. The sun’s starting to set.”<br>\nRight, right.</p><p><br>\nReluctantly, he stepped into the power armor frame, albeit not before he tried to strip down to his unpleasantries until Boss let him know it's perfectly capable of holding a man and his duster. He didn't like it. The domed hood removed all sense of his peripheral vision and the data flying by on the screen just confused him.&nbsp; There were so many buttons and every move he made generated a hiss or a creak that caused him to twitch.</p><p><br>\n\"How do you expect me snipe anything in this ..... thing?\"</p><p><br>\n\"I don't,\" she tossed him her laser rifle.</p><p><br>\n\"Oh HELL no,\" he screamed in disgust. \"You know I do not play with these! You want a gun at your side, it's going to be a sniper rifle. No questions.\" He could see that her once playful face has turned stern.</p><p><br>\n\"Look,\" she started, \"I understand if you don't want to take my rifle. But, you're not going to be able to shoot as good in that suit. You should really take this.\"</p><p><br>\n<em>I don't shoot.... these! She's crazy. I stand back, I line up my shots, I ... I take my time, I don't charge in .... this suit is for crazy people!</em>\n</p><p><br>\nCrazy she was. Crazy for accepting such a task from a merc, <em>a merc, a merc for crying out loud.</em> <em>I should be following her orders, not interjecting my own issues! Shi-shoot, Mac ... this was&nbsp; a stupid idea.</em> His mind wandered, <em>this is too much. Caps or no caps, I can't ask her to continue along with this.</em> But still, <em>she said yes.</em></p><p>He'd remembered asking.</p><p>\n  <em>-----------------------</em>\n</p><p><br>\nThey'd been on the road together about three weeks at that point, and while he still didn't quite know the Boss personally, he knew that she was pretty slick with the laser rifle, <em>that stupid laser rifle,</em> and could most certainly hold her own out in the Commonwealth....but there was also this ...this thing, feeling even that he couldn't quite put a finger on. Like, she gave a crap what happened to him --- how he felt, his thoughts, if he got hurt ... <em>sh-shoot, if god forbid he died.</em></p><p><br>\nThey were at a drive-in, that much he remembered. Trying to clear it up for use as a settlement. Ferals sprouting from ever corner and super mutants coming up the sides. He had perched up top the concession stands, while she took the ground level to barrel through enemies. The familiar hum of her laser rifle exploding, incinerating ferals into nothing but dust. <em>They're still stupid. </em>Not many knew he was up top, carefully picking out his next victim. Still, he was grazed by a few more bullets than he would have liked, including oneto his neck. He squelched and stumbled backwards, still keeping his footing on the tin roof. He reached his hand up and it left his hand slippery as he dropped his rifle to the ground. He felt the long stream of blood behind his ear, as it pooled on the coller of his duster. He remembered biting off some of his coat to slap over top of it, hoping to keep himself from bleeding out. He pressed it on and felt the warmth seep between his fingers, he sprawled his arms out in an attempt to regain his sniper rifle ... but it was too far away. The last thing he remembered was laying down, <em>just to take a quick nap.</em></p><p><br>\nHe'll never forget those eyes. A pinch, <em>ouch, damnit ... what the---</em>He slowly came to, blinking excessively in an attempt to remove the blurriness from his gaze. Her face was inches from his, steel gray eyes frought with concern and fear. Her eyebrows furrowed as she stuttered, \"Mac, ... M-MacCready are you with me? Please, Mac ...say something.\" Her voiced cracked several times,<em> this wasn't like her, normally so calm and collected.</em></p><p><br>\nHe gulped to wet his mouth. <em>He was so thirsty. How long had he been out for?</em> \"Y-yeah.\" He coughed, a little blood mixed with day old spit came up. He swallowed hard again. \"Yeah, I'm, I'm h-here. \" He felt his whole body jolt with a sudden chill.</p><p><br>\n\"Here,\" she draped her sleeping pack over top of him.. \"We need to get you warmed up.\" Her hands shaking as she tucked it behind his shoulders, ensuring no wind got to him. </p><p><br>\n\"I'm gonna need to see that scrape of yours there, too.\"</p><p><br>\n\"Heh, I-I've definetly had worse, Boss...\" He'd started to work his way up into a seated position but was quickly overwhelmed with nausea.</p><p><br>\n\"Hold on, t-take it easy. You were out a few hours. Gotta get you cleaned up, you'll need another stimpack or two. Maybe some rad-away, those ferals got you good after your little snooze.\" The joke was half-hearted, but she was trying to not look concerned now.</p><p><br>\n<em>Ghouls, ferals. And I wasn't there to help her. Just like I wasn't there for ...</em>\n</p><p><br>\n\"So,\" he began to speak, trying to cut off the memory.</p><p><br>\n\"We're staying here tonight,\" She interjected. \" I found a small shack just a few yards away, it's abandoned. There's a bed and you need your rest. I can carry you that far, at least.\" She smiled wrly, allowing a tear to drop from her cheek.</p><p><br>\n\"But first, let me see that scratch.\" She was demanding now, twirling a stimpack between her fingertips. They were stained a dark crimson, <em>mine?</em></p><p><br>\n\"OK, Boss.\" She carefully removed his sweat-drenched cap and pushed aside the blonde buzzed hair on his collar. The stimpack drawn to her mouth as she un-capped it with her teeth. <em>Her teeth, they were so white. Like she actually cared about them all those years before....</em> A pinch, and a stream of warmth filled his neck. He could feel his eyes getting heavy again.</p><p><br>\n\"There we go, now lay still.\" The sleeping pack was pushed out of the way and his pant leg was pushed as high as it would allow. He felt another pinch in his thigh, and out she came with a rad-away pack. \"I'm going to gather up our things, let that drip all the way.\"</p><p><br>\nHe turned his head towards her, just to watch. Observe. <i>Her hands are still shaking.</i> She was ruffling through his pack, moving the heavier items to hers. A few bottles of purifed water sitting next to her heels. A pack of rad-away, a fix of med-x. And then she stopped. <em>Oh no, did she....&nbsp; I though it was in my duster .</em>...she put it back in the bottom of the pack. He couldn't quite make out what it was. His heart hammered.</p><p><br>\nShe stopped on all fours to catch her breath.<em> Is she alright?&nbsp;</em>He realized he hadn't even asked if she'd been injured in the fight. He saw her wipe away a few of what he imagined were tears from her eyes. She was seated indian-style hovering over her Pip-Boy, the light glowing on her tired face. <em>Probably playing some Red Menace.</em></p><p><br>\nShe shouted a few curses from across the way, twisting and fiddling with the large wristwatch. Finally, she was able to unlatch it from her arm. A huge gaping hole was found on the inside of her forearm.<em> Jesus, these, this---this Vault-Tec really didn't mess around, did they?</em></p><p><br>\nShe was propping herself up, slowly making her way back over to him while examining the hole in her arm. She seemed as surprised as he was that it was there.</p><p><br>\n\"Alright, one last thing,\" His eyes widened, \"I'm going to have you wear this for a bit. It tracks your vitals. I dunno how bad off you are, but I know we can't make it to a doctor until morning. Just to be safe.\" She forced another smile.</p><p><br>\n\"But what about you?\" The words felt strange.<em> It'd been a while since he gave a fu- ... thought about someone other than himself.</em></p><p><br>\n\"I'll be alright, anyways, I've got watch tonight. I'd feel a lot safer knowing this is keeping tabs on you.\" He tried to protest, motioning that he was fine to take a portion of the watch, but they both knew that was far from the truth.</p><p><br>\n\"Now, I've never attached one of these to someone else. So, just be fore-warned. You need something to bite down on? Judging by my arm this is going to hurt a bit.\"</p><p><br>\n<em>No, nothing. Just you being close is enough...</em>\n</p><p><br>\n\"No, I'll be fine. Just go easy on me, doc.\" That brought a smile back to her face, if only for a second.</p><p><br>\nShe aligned the machine with his left forearm, right on the vein. She began a hushed countdown, and he braced himself. He grit his teeth, trying to surpress the most un-manly squeal of pain he's ever uttered. A giant needle pierced through his skin, followed by a wave of warmth that coursed his veins. She flicked the screen and moved some dials, and sure enough, data spilled from the screen. <em>Man he hated needles.</em></p><p><br>\n\"Good, g-good. It works.\" She sounds almost relieved. \"I honestly wasn't sure if it would work on someone else.\"<em> Her hands are still shaking.</em> \"OK, looks like your rads are going down slowly,\" She nervously wipes the dust away from the screen, <em>I can't take this anymore....</em></p><p><br>\n\"Hey, Boss ....\"</p><p><br>\n\"Y-yeah? Promise, I'm done pricking you for the night.\" She didn't look up to meet his gaze, staring intently at his vitals on the screen as they whizzed by.</p><p><br>\n\"Are ...are you alright? You've been shaking like crazy. You didn't get hurt too, did you? Are ... a-are you cold? Do you want under the blanket?\" The words just kept spilling out, <em>Really Mac? Inviting her to your bed after all she's done for you.</em></p><p><br>\n\"No,\" she caught herself at the quickness and tried to recover, \"No, n-no I don't mean it like that I-I mean I'm not cold. No, just ...j-just the adrienaline hasn't quite come down yet I suppose.\"</p><p><br>\nShe was full of it. He was out for hours, he knew that, <em>she knew that, she knew that he knew that. She was--is afraid, worried even.</em></p><p><br>\n\"It's, it's alright. Just making sure you're ok is all.\" He shook her tight grip off of the Pip-Boy and brought it up to his face to examine the data.</p><p><br>\n\"Yeah, yeah ... yyyeah I'm fine. Just gonna grab our stuff and we can get going. I might need to make another trip, you're not exactly light.\"</p><p><br>\n\"And you're calling me fat, after all I've been through tonight?\" He laughed, but he saw the fear in her eyes returning. She stood silent for a moment, then turned to sling the packs on her back. <em>Damn.</em></p><p><br>\n\"Come on,\" she was wriggling, trying to gain her balance while pulling him off the ground. Off balance from the weight of two packs and two slinged guns, she swayed. \" Come on, come on,\" she barked almost angrily.</p><p><br>\nAfter a few steps she'd finally secured him in his arms. It was almost comical. She was so short and he so lanky, his arms practically brushed the ground as she sauntered towards the shack. He allowed himself to relax, and dropped his head into her chest. Her breath was ragged and short, this was clearly taking it all out of her. He smiled, <em>she cares</em>. He allowed the sleep to overcome him as he melted into her arms. <em>Secure, safe.</em></p><p><br>\nMorning came and with it another prick in the neck, \"Hey, I thought you said you were done with that!\" He couldn't help but notice the life was back in her eyes, but the dark circles told of another sleepless night.</p><p><br>\n\"Just trying to speed things along is all.\" She took a sideways glance at his arm, \"What's the Pip-Boy say? Doing OK?\"</p><p><br>\nHe held it up to her, since he really had no idea what he was reading. \"Ah, good. Looks like your rads are completely gone, heart rate's normal .... I...I think....\" <em>What is she even talking about? It sounded so familiar .... she used to talk like that to him, but he always used to tune it out. He liked to guage his body by feel anyways. \"</em>Yeah, you look stable enough. How are you feeling?\"</p><p><br>\n\"Right as rain, Boss. So we headed home today?\"</p><p><br>\n\"Think so. You up for it?\" He sat up for the first time without any wave of nausea or faintness pushing him back.</p><p><br>\n\"Only one way to find out really.\" Her mind was already made up as she had both packs and rifles strapped to her back.</p><p><br>\n\"I can take my stuff, y'know. I'm not dying.\" <em>There we go again, that word. Stop making this worse.</em></p><p><br>\n\"It's alright, I can manage. You just worry about yourself, OK? You sure you're alright to walk? I really just want to get you to a doctor.\"</p><p><br>\n\"Yeah, yeah I'm good. Hey, Boss though, if you gotta sec,\" Her head snapped back, ... <em>again, the shaking.</em></p><p><br>\n\"Y-yeah what's on your mind? Something wrong?\"</p><p><br>\n\"No, no not at all Boss. I just, ...\" He sighs, \"I feel real crass asking you a favor right now, especially now, after all you've done for me. But, I really need your help. And ... w-well, you're the only one I can--the only one I can trust in this world.\" He could feel his ears growing redder, even deeper than the blood staining his neck.</p><p><br>\nShe looked intently, and the shaking stopped.&nbsp;<em>Finally.&nbsp;</em> \"Anything, MacCready. For you, anything.\" </p>\n  \n      <h3 class=\"landmark heading\" id=\"work\">Chapter Text</h3>\n    <p>She let him fire a few rounds with the laser rifle, just to get his bearings. <em>Man, this is ....different. </em>Shots rang off the brick siding of the Super Duper mart, however he was careful to keep them few and far between to keep from drawing ire from enemies. The armor even started to feel like a second skin, heck, <em>it even had a stimpack auto-gener-whatever-the hell it was.</em> Basically, it gave him stimpacks automatically, and he liked that. But all this armor, this protection, wasn't for him. <em>She should be in here, I can't bear the thought....we're here because of me ...</em></p><p>\"All right Mac, you ready to do this or what?\" </p><p>\n  <em>He was never sure he'd ever be back, so he'd sure as hell never be ready for this.</em>\n</p><p>\"Yea, Boss! What's the game plan?\" He nervously flicked the fusion cell in his laser gun.</p><p>\"Well,\" she sighed, \"We'll have to take the elevator up. There's no way we're getting to the other end of the freeway from here before nightfall.\" The sky was beginning to turn a distinct purpley-pink. It would have been a beauitiful sight, if not for the ominous task that awaited them. <em>Maybe we can wipe them out before it sets, and we can just sit back and enjoy something ... something simple for once.</em></p><p>\"I think it best if I charge in first, and you follow me. Jump in front in case things get hairy, you'll have a bit more damage resistance than I will.\" It was then that he saw the Fat Man at her side, loaded with two mini nukes.</p><p>\"Those a present for Wilkes and Barnes, huh?\" She nodded, with a tiny smirk.</p><p>\"Only if things get really bad, but yes, I may have wrapped something up for them tonight.\" <em>Damn, this woman was crazy.</em></p><p>\"You got a handle on that laser rifle, ya think?\" She continued, wrapping her right hand around the Fat Man and gripping a 10mm in the left.</p><p>\"Well, it'll never compare to my pride and joy, but I'll manage. Besides, I've always wanted to make literal dust of the Gunners.\"</p><p>\"That's the MacCready I know and love.\" He felt the wind knocked out of him, <em>l-love? I-I mean surely I care about her but, l-love?&nbsp; </em></p><p>The phrase must have been some kind of a cliche because she just kept on yammering, which caused him to quickly readjust the power armor and fiddle more furiously with the laser rifles fusion core. <em>Love. </em>Blah blah, something about charging in, Blehhhh OK make sure to take stock of your ammo, duck and cover .... <em>love. That's the MacCready I love ....</em></p><p>\"Ya got all that?\" Her eyes staring intently at his, even through the armored helmet.</p><p>\"A-ah, yeah. Let's do this. And uh, hey Boss....\"</p><p>But she was already gone ---practically skipping with the Fat Man in hand towards the lift. He hobbled hurredly towards her, all the while catching himself from speaking up or shouting at her. Each motion created a lumbering crash and hiss in the frame.&nbsp;<em>Welp, sneaking's out of the question.</em></p><p>They stepped on the lift and looked each other in the eye, <em>this is it.</em> He could barely contain himself .... finally, after months of the Gunners on his back he'd be rid of them. He was psyched and ready, <em>he lived for this.</em> \"Boss? .... thanks...\" His voiced trailed off almost as quickly as he spoke.</p><p>\"You can thank me when the job's done, Mac.\" She winked, and reloaded the fusion core on his gun as she pressed the red button to ascend. <em>This is it.</em></p><p>------------------------------</p><p>They were welcomed to The Interchange by an assualtron. Luckily, she had a few frag mines in her back pocket that she threw to take it down, not that she didn't scream a few curses at him for forgetting to warn her about it. <em>I told you I didn't remember alot!</em> It didn't take long for the firefight to break out, and nearly every inch of the highway was littered with Gunners. He found a nifty little game on board the power armor deck called V.A.T.S. that allowed him pick to shots with the laser rifle, and boy was he thankful for that. Although he secretly felt like he was cheating. The familiar hum pulsed out of the gun as it mowed down Gunners and pulverized them to dust. <em>Alright, alright I can dig this.</em></p><p>He looked up and noticed she was gone. He couldn't seem to locate her dark navy suit, and that worried him. He had grown accostumed to covering her back, shooting enemies from further away that were headed her direction .... but he couldn't do that here ...</p><p>From behind a rusted-out van he heard the familar shot of a 10mm .... <em>there she is. </em> He'd never really agreed with her choice in smaller pistols, but if she really wanted to send off Wilkes and Barnes with that Fat Man he could understand the decision. Still, he could see her picking them off one by one, some with only one shot. <em>She makes this sh-shoo-crap look easy.</em></p><p>Ever so slowly and carefully they picked more and more of the Gunners off, slowly inching their way to Wilkes and Barnes. He was growing fond of this laser rifle, somethng about completely eliminating your enemies was something he could certainly get behind. He saw her from feet away, tossing mine after mine to blow off more Gunners. Some she didn't even kill, the blast was strong enough to blow them completely off of the bridge as their armor and guns peppered the ground below. She sneaked her way between the crumbled barriers, careful that her suit didn't catch the light as to be seen.</p><p>They were gaining ground on them, but with still a ways to go he could see her getting drained. The shots weren't firing as fast, the mines thrown a bit lower than usual. He tried to compensate by firing more often, but the range on the rifle just wasn't what he was used to. He sprinted towards her, but under the weight of the armor proved too much. He found a spot and crouched behind a large, hollowed out school bus to swap out for his sniper rifle. <em>There we go, I got you now.</em> He drew the scope to his gaze, <em>*TING*. Oh yeah, this stupid thing.</em> The helmet was off in a heartbeat, the scope to his eye in two. He crouched as low as the armor would allow and breathed. <em>In, out, in out, in ...pull, squeeze. </em>The shot rung out and sliced brilliantly through two Gunners, one in front of the other, <em>out.</em></p><p>As he pulled a second bullet from his pant leg her heard a scream, \"And who do YOU think you are, funny girl? Waltzing into Gunner territory?\" <em>Shit. </em>His stomach turned.</p><p>He gingerly pointed his scope towards the source, and sure enough .... it was Barnes, with Wilkes not far behind. <em>If only she would move, I could get a clear shot.</em></p><p>\"I think the real question here is who do you think you are, treating a poor woman like this?\" He could hear the snark in her voice, <em>that's the sole I l-lo---know.</em></p><p>\"Give me one good reason I don't blow your head off right now, little lady.\" Wilkes quipped in, not allowing Barnes to steal the show.</p><p>\"I---I got caps. Lots of 'em. In fact, I'll give you the caps, and if you're in need of a gun, I'm your girl.\"</p><p>The conversation continued on longer and longer, and longer still before he couldn't bear to stand idly by, <em>I'll be damned if I sit behind a bus for this.</em></p><p>He rose to his feet and as quietly as he could manage, walked towards Wilkes and Barnes, scope lifted to his eyes and trigger finger ready. He was 10 feet from the bus before he realized his helmet was off, <em>oh no.</em></p><p>\"YOU didn't tell us you were working with MACCREADY!!!!\" Wilkes boomed. Whatever bets were made while he was happily skipping in power armor, they were off now.</p><p>His head snapped quickly to Sole as he froze in place, he'd dropped his rifle, <i>dropped his damn rifle</i>. Wilkes was preparing a molotov, and Barnes charging in his hap-hazardly forged raider armor. The Fat Man was at her feet ... he saw her turn around to him, eyes pleading,&nbsp;<em>for him to run? help? to shoot?&nbsp;</em> ....and she turned ....her fingers...&nbsp; slowly gripped the gun, <em>no, n-no no no .... they're too close, she can't ---she she won't she knows better ...</em>still frozen, the gun came up to her right shoulder and she sat sprawled on the pavement, propped up by the freeway median.</p><p><em>*click*&nbsp; Silence. </em>His mind racing, heart pounding and breath escaping as he grappled for the ground, for anything steady. The bile came up first, followed by blood. ... he couldn't steady his head, <em>the ringing, the stinging ...</em>his eyes pressed tight to stop the pressure and pain that enveloped every ounce of his body. Heat and haze filled the air as it singed the tips of his hair, the brim of his hat smelt like sulfur. He struggled to roll on his back, laid still and brought the armored hands to his eyes ...<em>the spinning, make it stop ... I just want to get off ... please, anything ...make it...stop...</em></p><p>The dust peppered the air and singed his nostrils as he woke up. He wasn't sure if it had been seconds, minutes .... hours .... but the air had cleared and his head was steady once more. He sat up slowly, patting down his body to make sure all of his limbs were intact. <em>What...happened. </em>He didn't hear any noise around him and decided the coast was clear enough to begin flicking the armor off his body. He got halfway finished with the upper half before his stomach lurched ----<em>Sole!!!!</em></p><p>\n  <em>Where is she, where is she .... she's always found me after this kind of stuff, is she ok? Did she look for shelter? Oh man, oh crap ... I can't get this stuff off of me ...</em>\n</p><p>His calloused fingers fumbled and fussed with the bottom leg armor, making several passes at each before he was successful. He fell out of the power armor frame onto his back, and without a clear plan began running. He ran until it clicked .... <em>*click* the Fat Man ....oh...oh..no..</em></p><p>He found the Fat Man, it's barrel charred and black with the half burnt remains of a mini-nuke still lodged.&nbsp;<em>It jammed.</em></p><p>&nbsp;</p><p><em>Two steps forward, Barnes. No head. </em>He stifled a proud chuckle. <em>Wilkes draped uncermoniously over the barrier she was once propped on. Two for two it seems, pay day.</em></p><p>The kingpins were dead...and now he could feel his breath quickening, he still hadn't heard her voice ---any notion she was still on the bridge. He was getting dizzy again, he had to find her. <em>Think, think ... she talked about cover, cover ....</em>And then he saw, <em>a glint of dark navy and that jet black hair.</em></p><p>Footsteps echoed on the bridge as he crumpled on top of her<em>, </em>searching for any hint of life still in her body. He quickly unhooked her breastplate to get to her chest, checking for a pulse or breathing or <em>damnit anything I have no idea, this was her area of expertise. </em>His hand shook so much on top of her body he could barely take stock in her condition. Holding his hand close to his own heart he settled his nerves and placed it slowly on hers. <em>Faint, sporaedic but it's there. She's still with me. </em></p><p>He noticed vomit next to her body, a mix of blood and yellow-ish bile. A few empty stimpacks, one still lodged in her thigh. The tips of her fingers and wrist were charred black, and he saw the dark crimson blood matting down the ponytail on her head. <em>Oh god.</em></p><p>He scooped her in his arms and sprinted for the closest shelter he could find---Barnes's own hideout. He carefully placed her on the stained mattress as he frantically pulled her Pip-Boy to his face. <em>Come on, come on ... where does it tell me what's wrong with her? What do I do?&nbsp; W-what's the point of this sh-shi---- if it won't HELP ME!? </em>He couldn't figure out the graphs and charts and what any of the frantic notifications or beeping meant so he rifled in his pack for stimpacks and started sticking them everywhere he could, hoping there wasn't some kind of threshold. <em>Come on, please ... please, not you too ..please...</em></p><p>He wiped the sweat from his forehead and hovered over her, catching his breath, although at this point it seemed futile. Stimpacks stuck from several points on her limp body, but she made no signs of movement. He felt his head drop to his hands.<em>Maybe, m-maybe this just needs some time. </em></p><p>He settled on the mattress next to her shoulder, eyes intent on the rise and fall of her chest. He almost felt his own stop when her's faltered, even for a split second. He sat there for what seemed like an hour before he finally stood up.</p><p>Cracking open a purified water, he guzzled it furiously. He turned to her and flicked on the Pip-Boy once more, and found the distress call frequency. Reluctantly, he turned it on. <em>I should have paid more attention to what she was saying....</em></p><p>&nbsp;</p><p>&nbsp;</p>\n  \n      <h3 class=\"landmark heading\" id=\"work\">Chapter Text</h3>\n    <p>The sunrise came slowly, mirroring how the past night seemed to stretch on forever. He kept his mind occupied by scavving their trophies, one by one. Although he could certainly carry more than he was picking up off each Gunner, he'd made it a point to return to her after each pick. <em>Just to check.</em> Upon each return he'd expel a heavy sigh. She'd fidgeted somewhat, but her eyes still hadn't opened. Her breath still appeared shallow, her skin still slightly cool. He'd layered every blanket in sight on top of her, but none seemed to warm her. He dropped the latest stash at the end of the mattress, picking through it to locate the stimpack he'd found. Another stab in her thigh, wistfully hoping this would be \"the one\". Yanked out, <em>nothing.</em></p><p>He was beginning to think the beacon on her Pip-Boy was just for show when he heard a pair of distant footsteps on the bridge. Clutching his rifle tightly he walked outside.</p><p>\"Hey, who are you?\" He barked.</p><p>The figures stopped and stared at each other briefly. The man spoke up, 'Heard that 'stress beacon a' yours. Doesn't look like you're in much distress right now.\"</p><p>\"Why'd you come up here, what do you want to get out of this ....\" His rifle pointed at the man's head.</p><p>\"Seriously, you put up a distress beacon and you try to shoot the first ones who come for help?\" The woman spoke up this time, clearly annoyed with him.</p><p>\"I-I uh ....j-just l-listen!\" Yelling, only to get the words out. \"I got a girl in there, ss-she's banged up pretty bad. She needs help.\" <em>I couldn't help her. </em>He was slowly lowering his rifle now.</p><p>\"If you've got the caps, we can check 'er out alright. But you need to promise you're gonna put that gun down.\"</p><p>His gun slowly lowered until it was pointed directly at the ground, but his shoulders were still held high incase he needed to be in position once more.</p><p>\"A-alright. Come on, I-I just need you to figure out what's wrong, a-and help. Whatever your cost.\"</p><p>-------------------------------------</p><p>He was beginning to worry. They'd been by her side for nearly an hour, and still nothing changed. They just kept pumping her full of more and more chems, which made his stomach turn. He hated chems, but I guess this was as good a time as any to go big or go home. His mouth kept opening and closing before words could come out, he wanted to ask if they knew what was wrong. He couldn't bring himself to it, as if his precense would break their concentration.</p><p>\"Ahh-alright. This oughta set her spirits howling.\" The man pulled out a large needle of Med-X, almost grimacing as he flicked the air pockets out of the syringe.</p><p>\"I-I-Is that...gonna....help?\" Mac found himself trembling at the sight of the needle, clutching his stomach to keep from reeling.</p><p>\"That's based on how you define 'help', bud. She's got a lot of internal bleeding, most on her brain. Surprising she's still alive, to be honest.\" His heart sank, <em>they had Med-X. Why hadn't he thought...</em></p><p>\"But this oughta wake 'er up.\"</p><p>He watched as the doc pulled the handle back on the syringe, carefully aiming it into the wound gracing her scalp. He pushed gingerly at first, then forcefully as it penetrated into her skull. Mac could barely look away as he watched the clear liquid squeezed slowly into the wound. The doc pulled the needle out and wiped it down carefully with a cloth, and pulled out a second small bottle of Med-X to refill it with. Lining up this shot with her abdomen, he couldn't look away again as the needle was forefully pushed into her stomach. He watched as her abdomen became more and more bloated, until it looked like it might pop, \"H-h-hey!!! Watch it, you're hurting her! What are you doing?!\" He'd grabbed onto the doc's arm, causing the needle to come ripped out of her stomach, causing a small scratch that started to ooze clear and crimson.</p><p>\"HEY bud, watch your hand! I know what I'm doing, this is gonna....\"</p><p>A blood-curdling scream erupted from her mouth, she snapped into the fetal position and grasped at her head and stomach, flustered that she couldn't hold both at once with both hands. She rocked back and forth, screaming into the mattress to quell the noise. Her screams got worse it seemed with each beat of her heart and breath she tried to suck in. The doc grabbed hold of her shoulders and forced her to her back, she snapped back to her side and kicked him in the groin. The screaming continued until her body gave out, panting and heaving trying to suck in the harsh air around her. Her eyes squeezed shut. \"WHAT DID YOU DO??\" MacCready found himself screaming in the same octave as she.</p><p>\"I TOLD you this would make her howl!\" <em>At least she's awake, in some form.</em></p><p>In between her screams she managed to mutter \"M-M-Mmmac?\" </p><p>\"Come on, help me get her on her back. We need to get her seated so we can force some water in her.\" The doc looked back at his assistant who nodded quickly.</p><p>\"NO.\" MacCready guffed, \"I'll help, move.\" Pushing the assistant out of the way he knocked into the doc trying to stabalize her.</p><p>He grabbed hold of her shoulders and forced her on her back. She was bucking wild, trying to make it back on her side. \"Shhh ...shhh come on Sole, calm down.\" The thrashing stopped briefly, but the screams returned. \"C-come on, you're gonna be al-alright ... this will pass.\" The whimpering slowed but she was still trying to get to her comfortable position.</p><p>\"L-li-listen to me!\" He barked, \"Please ... calm down. We're t-trying to help. It's me!\" <em>Still, screams.</em> He quickly realizes comfort wont come quickly this way.</p><p>He took his hands off her shoulders and lightly slid next to her on the mattess. He draped a free arm over her chest and lightly walked his hand down hers. Her whole body was trembling and shivering, and he could feel her humid breath on his arm as she panted. Her heart was pounding and the heat was radiating from her head. He kept lightly stroking her, moving from her arm to her scalp, and bringing her closer with each breath. \"Come on,\" he whispered in her ear, \"Come back to me.\" The trembling disappated and her breath found a steady rhtyhm. Her eyes slowly opened...</p><p>\"W-w-what ...\"</p><p>\"Shhh,\" He whispered, still holding her close. \"You were hurt.\"</p><p>\"B-bad?\"</p><p>\"Pretty bad. Out for a while.\" <em>Too long.</em></p><p>He sat up to grab a can of purified water from his pack. Leaning over her, he cupped his hands around her mouth. \"Drink.\"</p><p>She obliged, although more of the water seemed to dribble out the sides. The liquid seemed to calm the storm that was once in her throat.</p><p>He started to stand up when he felt a weak hand struggle to pull him back down. \"N-no...sss-stay.\" Her words were hoarse and breathy.</p><p>\"S-sure, I-I'll stay. I'm not going anywhere.\" He slipped back down to his position at her side, and wrapped his arms around her tightly.</p><p>She shifted slightly under his arms and turned to look him in the eye.</p><p>\"H-h...hey. Mac?\"</p><p>\n  <em>God damn he was happy to hear that voice again.</em>\n</p><p>\"Y-you're welcome.\" She allowed the chems to push her back into sleep, and this time, he didn't fear she wouldn't wake up again.</p><p>&nbsp;</p><p>&nbsp;</p>\n  \n      <h3 class=\"landmark heading\" id=\"work\">Chapter Text</h3>\n    <p>A month had passed since their run-in with the Gunners. The Boss still wasn't well enough to do much traveling, so they holed up in Diamond City while she healed. Each week things got slightly better, still on a strict one-shot of Med-X per day regimine. It took a lot for MacCready to come to grips that it was actually helping, given the 10 minute long screaming fit that always seemed to follow an injection. After two weeks of it daily, it finally shorted to 5 minutes, and after a month ... well, it was almost like she was back to her old self again.</p><p>The room they rented out was only meant for one, they couldn't afford much more with the doc cleaning him out as well as her expensive meds. He'd let her take the mattress while he laid out on his bedroll, <em>reminded him of his old life, </em>he'd think. And there was something about looking up each morning to see her slack-jawed and drooling that made him smile. Picture of beauty in her sleep she was not, she'd always manage to forget to take her glasses off so they;d roll to the end of her nose, in danger of falling off with every breath. Her hair was greasy and stringy, she had refused to wash it until her head wound was fully healed. Her mouth would hang agape as drool would pool to one side as she'd pant alternating from her nose to her mouth, occasionally catching air with a snore. Still, he'd sit there for a few minutes before gently pushing her shoulder to wake her each morning. She'd groan, as she knew with each wake that meant another round of stims and Med-X.</p><p>They didn't really talk much about the Interchange, or rather, what had happened there ---- but there was a mutual understanding that it was a close-call. It brought them closer together, but yet, she still never spoke about when she first came to. He often wondered if what he did to comfort her was too much, too violating. After all, they'd only known each other less than six months. Sometimes he even wondered if she remembered it, she was pretty high on chems. Still, he had nightmares in the weeks following, sometimes of not finding her in time, but mostly of not being able to help her. He was so handy with his rifle, that each time he thought back to dropping that rifle as she was in trouble, he almost couldn't bear to think. The meds, the timing .... while they were very fortunate to have survived, he couldn't think about the situation for too long without succumbing to his vicious mental thoughts.</p><p>A light shone brightly on her eyes, and she shifted her body to the other side. The door was cracked ---it was Vadim. \"Breakfast is ready, loverbirds!\"</p><p>MacCready had never shushed someone so quickly in his life. Vadim closed the door and chuckled to himself as the footsteps faded away. Sole was still groaning, wanting more sleep.</p><p>\"Come on, time to wake up.\" He pushed her shoulder, softly. \"Today's going to be a good day!\"</p><p>Mumbling, she replied \"And why .... is that..?\"</p><p>\"Because,\" he sat down on the mattress next to her, \"Today, you don't need to take anymore hits of Med-X! But more importantly, <em>I </em>don't need to struggle to hold you still to give you the injection.\"</p><p>\"Mrrrph\" she grumbled, \"I...I guess. Did Vadim say what was for breakfast?\"</p><p>\"Not sure, but I'll head down and grab us something. I want to see you sitting up when I'm back, no more sleeping!\" He noticed his tone, <em>he'd used that tone with Duncan before.</em></p><p>&nbsp;</p><p>When he returned with two plates of brahmin steak, she thankfully had listened and was seated on the mattress, drinking some water.</p><p>\"How's the noggin' this morning?\" He placed the steak in front of her, her eyes instantly lit up.</p><p>\"Steak!? How on earth, we have no caps Mac!\" No sooner did the words leave her lips than she had begun tearing into the tough piece of meat.</p><p>\"Heh, don't worry about that. On the house, Vadim insisted.\" He'd seated himself indian-style on his bedroll on the floor. \"Said he was just glad you were feelin' better. I like Vadim, stand-up guy.\"</p><p>\"Now,\" Mac insisted, taking a small bite of steak, \"How are you feeling?\"</p><p>\"Better. I finally don't have a headache, I was beginning to think that side-effect was permanent. The steak is wonderful, by the way.\"</p><p>\"I'll give my compliments to the chef, then.\" He chuckled to himself as he saw a smile creep across her face.</p><p>They sat in shared silence, chewed and gulping water as if they had never eaten a meal so magnificent in ages, <em>because they hadn't. </em>She finished first with a triumphant clatter of the fork and knife atop the plate. She set it down on a chair beside the mattress, and stole another can of water from his pack. Seeing the side-eye she received for doing so, she tossed a second can in his direction.<br>&nbsp;She made her way back to the mattress, and leaned up against the wall hugging her knees to her chest. Still silence, as they simply shared smiles.</p><p>\"Would you believe,\" she started, \"would you believe me if I told you I used to drive that Interchange every day when I went to work?\" His eyes were as huge as cue balls. She'd never talked about her past before. Sure, he knew she was some kinda vault dweller but he didn't know which, and he certainly would never have guess she was pre-war....<em>wait, pre-war? Is that what she's getting at?</em></p><p>\"Heh, alright. Maybe I was a bit cautious with the Med-X, sure you don't need another jab of that crazy woman?\" </p><p>\"I'm being serious!\" She quickly realized by his reaction that she had never shared that part of her history with him just yet. \"Oh, oh I forgot I never told you about that.\" She backtracked.</p><p>\"It's ...it's alright if you don't want to talk about, but if you do I'm here for you.\"</p><p>So she sat with her arms hugged to her chest and explained to MacCready exactly what happened to her in Vault 111, but careful to leave out any mention of her husband and son. Somehow, she felt that he wasn't ready to know that part of her life just yet, he was trustworthy for sure, but she didn't need to bag her mercenary down with her own emotional struggles. She explained how she was a lawyer pre-war, not that he had any clue, and that the Commenwealth wasn't always a complete wasteland. The entire time he sat on the floor, staring up at her as a child would being told a story or seeing Santa in the flesh for the first time. A child-like innocence, hanging on every word. She finished when she explained that she was the last person left in the vault alive, still careful to make no mention of her husband.</p><p>\n  <em>She's wearing a wedding ring, but she didn't mention a husband......but she said she was the only one who made it ....what is she...getting at?</em>\n</p><p>\"Wow ...I...I-I had no idea. That's ...incredible.\" He choked on the words, \"E-er, not what I meant. That's a horrible thing Vault-Tec did, freezing people without giving notice!\"</p><p>\"Well, I used to think that way. Like, why was I the one that got to experience the world 200 years later, not really fair---right?\"</p><p>\"True, but I guess there's always some good to everything.\" He looked shyly again the ring on her finger, <em>how had he not noticed it before?</em> Now it's all he could see.</p><p>\"Yeah, there is. Mac,\" she was eyeing up the small bits of steak left on MacCready's plate as she spoke, \"There's a lot about me you don't really know, and a lot I don't know about you. But, I really just wanted you to know that I care about you. And that I'm really happy you were there for me up there.\" <em>He knew where, she didn't need to say it. </em>\"I have a lot to learn about this new world out here.\"</p><p>\"Yeah, like not shooting a Fat Man in close combat, huh?\" She chuckled and smiled.</p><p>\"I guess I deserved that one, but yeah. You have something I don't have and that's experience. I need you out here.\"<em> Oh how I need you too.</em></p><p>\"About that Boss.\" He was working his way to his feet, she was suddenly afraid he was moving to leave.</p><p>\"I-I, I uh.... well, this is kinda hard for me to say but.... what you did,\" He found himself seated next to her on the mattress now, \"what you did for me, helping me take out the Gunners....you have no idea how grateful I am for that. They aren't a threat to me anymore, but even more important, you won't get in the crosshairs of our tufts. You almost gave your life for me up there, and don't you think I'm ever going to forget that.\" She felt herself scooting closer to him, to sit shoulder to shoulder ...feet hung off the side of the mattress.</p><p>\"And what I'm trying to say here is, you're the closest thing to family I've got out here ... and I see that now. So here,\" he'd taken the 250 caps she'd offered him for his services and placed them in her palm.</p><p>\"What are you trying to say, Mac?\" He could see mist sweeping her bottom lids. \"You're n-not, leaving me are you?\"</p><p>He took the hand he just placed the caps in and closed it tight, holding it towards his face. \"Like hell I am. You just no longer have a mercenary at your service, but a partner.\"</p><p>\n  <em>Partner. He liked the sound of that, for now.</em>\n</p><p>&nbsp;</p>\n  \n      <h3 class=\"landmark heading\" id=\"work\">Chapter Text</h3>\n    <p>He'd talked her into splitting a shower before they made the trek back to Greygarden. Vadim agreed to turn on the hot water for them in turn for just 25 caps, nearly half off his normal price. He kept on saying \"For the savior? Anything\", didn't really know what to make out of that but he took it. MacCready heard the water rush through the pipes towards their room as he clunked the caps down on the bar. \"Now don't you too be gettin' my pipes clogged ya' 'ear me?\" Vadim chuckled, MacCready could feel his face burning as he pulled his hat further down his brow and rushed away.</p><p>His fingers fumbled with the lock to their room and he stopped to take in a deep breath before turning the key. <em>This is silly, why am I worried? We're just going to take a quick shower together, to save money....scrub the dirt and blood off us. We talked about it, it's nothing. Still just friends, partners.</em></p><p>Still, he couldn't help the lump in his throat and blood rushing towards his ears. He unlocked the door to find the Boss casually slinking out of her vault suit, it still pulled up around her waist. </p><p>\"Hey, you get the water on right?\" She said casually, gripping the legs of her vault suit to pull them down further. \"Hot, I hope.\"</p><p>The curve her back made as she half-turned to him left him speechless. He could see every scratch, scar and burn that marked her body .... her skin pale as she never once removed her vault suit before to let the sun kiss it. He caught himself, hoping she didn't notice him gaping at her. \"Y-yeah. Hot as can be, and for half the price too!\" He awkwardly shuffled towards her, holding her shoulders so she wouldn't fall while pulling her pants out of her suit.</p><p>\"Thanks,\" the suit was down to her ankles now, showcasing just her undershirt and underwear beneath. \"Towels, I hope too?\"</p><p>He stepped back and motioned towards the robe hanging on the back of the door, and to the one towel Vadim was able to locate for them. \"One, but we can share .... I think. And ..and you can take the robe too, no worries about me.\" He found himself staring at the ground as he spoke to her, feeling like he was violating her privacy.</p><p>She had obviously picked up on his insecurity, and was walking towards him ... he was still fully clothed while she stood in her undergarments. \"Oh, Mac. We talked about this...\"</p><p>He still stared at the floor, unsure where to meet her gaze. \"Mac, it's ... it's OK. We're doing this to save a couple of caps, remember?\"</p><p>Still, his eyes were locked to the floor, watching her feet shift weight idly from left, to right, left, to her right ...</p><p>\"Come on,\" she pulled his head to meet her eyes, \"Get undressed. It's high time we got clean, at least for a day.\"</p><p>He slinked to the corner of the room to de-robe, slowly taking his boots off and shrugging his duster off to fall into a crumple on the floor. He stared at the wall blankly, moving slower with each article as he had fewer and fewer to fumble with. <em>Just ... be in the shower when I'm done. Please, just ... </em>His hat was the last to leave his body, and he slowly turned to grab the towel to cover himself with.</p><p>She was standing fully naked in front of him now. His eyes fell to the floor, but not before he caught a glimpse of her struggling to pull the ponytail out of her hair.</p><p>\"H-here, let me get that for you.\" He reached up to remove the rubber band holding her hair up, still caked with blood and dirt. It took a few moments but he finally released her hair from the hold, only to see it stay in the exact same position as he removed the band. He couldn't help but stifle a laugh. She laughed too, as her hand came up to brush the hair out.</p><p>\"That happens a lot, it seems. I think I wear my hair too tight.\"\n\n</p>\n<p>\"I have a favor to ask, and please, be honest with me,\" He found the courage to bring his gaze to meet hers, the tone in her voice made it seem this was the appropriate time for eye contact.</p><p>\"I ...I haven't been completely honest with you, at least, at least about my past.\" MacCready was wondering why this conversation needed to happen while both of them sat in the buff with just some dirty towels to cover themselves, well, him at least. And why this couldn't have happened before the meter started running on their hot water bill.</p><p>\"What do you mean?\" He wondered, eyes intent on her lips this time.</p><p>\"Well, I was from Vault 111, yes. But .... how I was the only one out? There was someone else, two, actually ... who were very important to me. And they didn't make it. And well, I feel it's important that you know who they are.\" And just as she had that morning, she sat with her arms to her knees and explained to MacCready everything about the Vault which ripped her heart out. How Nate was gunned down in front of her, helpless to do anything as she was thawed from her slumber as a cruel joke. How Shaun was carted away, taken, to be used for god know's what. That she still loved him, still cared for her son and his safety, but that trail to find him was running cold... and that she wanted nothing more than to find who stole her baby and her husband's life from her.</p><p>He found himself sat up next to her on the floor where she had fell into the modified fetal position. He didn't know what to say, <em>tell her about Lucy. She understands. </em> <i>No, she doesn't need more pain now. I can tell her later. </i>He couldn't come up with a good reaction, so he just reached for her hand and squeezed tight. \"I'm so sorry.\" He found the words left his lips stinging, <em>the last thing I ever said to her.</em></p><p>\"T-thanks.\" She found her eyes slightly misty, as she fussed with her hair some more to bring it out of the ponytailed state. \"I just, really needed you to know that about me.\"</p><p>\"I know that was hard to say,\" He was standing now, one hand holding up the towel and another outstretched to help her to her feet. \"And I appreciate it. J-just know, that you're not the only one who's lost a lot in this world. I'm not sure if that makes it any better, but it helps me sometimes.\" She accepted his hand and he pulled her swiftly to her feet in front of him.</p><p>\"Oh?\" She sounded startled, almost in an embarressed tone. \"You never mentioned anything of the sort. What----if you don't---w-what happened?\"</p><p>Now it was his turn, he swallowed hard and thought if this really was the right time to let her know, that he was foolish and had let someone close to him die. <em>Would she still want me at her side if she knew I couldn't even save my own wife's life?&nbsp; </em>She observed the aprehension and reassured him, \"It's ok if you don't want to, just I, I-I think it would be best if we cleared the air.\" That was all he needed to muster the words.&nbsp;\"I loved her,\" He stammered. \"I loved her and I couldn't save her. I-It was my fault we were in that metro, my fault we didn't just keep walking at night.\" <em>He hated walking at night, always felt like an ambush could come from anywhere. </em>\"But I lead us in there, and only me and Duncan came out. And that's my fault.\" He felt himself slide to a seat on the floor.</p><p>His head fell into his hands as he attempted to choked back tears. The Boss was pulling at his chin to lift it up, but he wouldn't budge. \"Mac,\" she whispered in his ear, \"Mac I'm so, so sorry. You don't have to continue, please.\" With that he looked up at her, steel grey as he remembered from that day at the Drive-In. \"No,\" He sounded like was ordering her now, \"No ... you deserve to know about her. You remind me of her in so many ways.\" And so now it was MacCready's turn to sit on the floor, staring distantly as he recalled the fateful night they holed up in D.C. Of how he had to run out with Duncan screaming in his arms, helpless to help Lucy as ferals ripped her to pieces. How he amounted to nothing in the Commenwealth after the Gunners, and how he didn't deserve anyone to be close to him as it always met them with their demise.</p><p>She sat in front of him, still naked as day, leaned back on the haunches of her heels. Mouth agape and eyes filled with sympathy. He moved his gaze slowly up to her eyes and blinked hard. \"I loved her,\" he said again, \"But you ...you're something else. I m-mean, look at us....\" He had to stifle a laugh, she gave him a strange look but laughed quietly as well.</p><p>\"I-I really didn't intend to have this conversation in our birthday suits.\" She proclaimed, smiling through soft pooling tears.</p><p>\"I'm going to assume that's a joke about how we're both sitting here naked talking about our dead spouses, huh?\" If there was one thing MacCready was good at, it was diffusing awkward situations with almost equally awful jokes.</p><p>They found themselves seated shoulder to shoulder by the wall as the two chuckled quietly. It really was strange, wasn't it. They'd both lost so much, and yet, the two together found so much in each other. <em>Was it really going to be this simple? A shared similar pain, to bring the two of them, broken and battered, together? </em>He looked over towards her, and pleasantly was met with her smiling up at him. \"You really do remind me of her.\"</p><p>\"And you, him.\" She returned. \"It's really not going to be as simple as we thought, huh....partners?\" She laughed.</p><p>He returned the chuckle. \"Y-yeah. I think you're right about that much, Boss.\"</p><p><em>The idea was out in the open, though neither of them had acted upon it. But that was all he needed, for it to be out there. One of them would act on it when the time came, when they were ready. However long that took. </em>He found the strength to muster to his feet, once again outstretching his arm to pull her up.</p><p>No sooner had he hoisted her to her feet than he felt a warmth on his cheek, peppered in the middle of the scruff of his goatee. She pulled away almost as quickly as she'd planted her lips on him, but the moment felt as if it had lasted hours. A hand lifted slowly to his face as he felt the area, touching it almost as tender he would a fresh scrape. She pulled in front of him and smile wrly, and said \"Come on, Mac. We don't want to waste this hot water now, do we?\" She pulled his arm and led him to the shower.</p><p>\"That is, if Vadim even has it still on for us.\" He thought out loud.</p><p>\"Warm or cold, I'm sure this will be worth the caps.\" And with that, she turned on the water and let it soak her jet black hair.</p><p>MacCready let out a long, hard sigh and stepped in behind her.</p><p>&nbsp;</p>\n  \n      <h3 class=\"landmark heading\" id=\"work\">Chapter Text</h3>\n    <p>In truth, the stall could barely hold one person; let alone two. They awkwardly made do, he’d pressed up against the cold tiles to the side while she washed her hair. His heart froze when he saw a trail of pink trickle down her back, but was met with relief when he realized it was just her washing the caked in blood out of her hair and nothing fresh. She gingerly picked out the soggy gauze pack that was practically embedded to her skull at this point and brought it to her nose.</p><p>“Gross!” She whipped it out of the shower in disgust. MacCready could do nothing but laugh.</p><p>“Well, what did you expect that so smell like, sunshine and roses?” She stifled a snort.</p><p>“Now where did you hear that phrase, Mac? Pretty sure there haven’t been roses around for 200 years.”</p><p>“You underestimate my breadth of knowledge, Boss.” They exchanged positions under the water, careful to not let one touch the other in passing. Which was hard,<em> really stinkin’ hard.</em></p><p>The Boss leaned up against the cold tile and let out a shriek. “Jesus this wall is cold!”</p><p>Again, Mac couldn’t help but laugh. No matter how level headed the boss appeared, she’d always allow some short glimpse that she was just not of this world.</p><p>“Jeez Boss, it’s not that cold.” He found his hand rested delicately on her hip to move sideways, but upon realization he instantly jerked it away. “I-I’m sorry, just slipped I think.” He felt a rush in the air as she let out a quick gasp.</p><p>“Mac, It’s..” She slipped a hand around his waist, “It’s fine. N-no point in shivering in the shower if we can help it, right?” He looked down at her softly, <em>is this what we’re going to be now? Two friends who just happen to take showers together?</em></p><p>She continued, eyes at her feet. “I-It’s fine. I know this is all so … .sudden, a-and believe me I’m having a hard time keeping up too.” Both of her arms were around him now, the water splashing them along the sides of their bodies. Now she was the one who couldn’t bring her eyes up to meet his. “But for whatever reason, this …just feels ....right. Being this close.\" He could feel her hands digging in to his waist, almost yearning to close the space between them.</p><p><em>And it did feel right, </em>he thought. <em>It had been so long since he allowed someone to get this close to him, to open up to them, to trust them with his own life. And yet, it all felt so sudden, but.....was it really as sudden as they'd thought? </em></p><p>He recalled all those fire-fights they got caught up in over the past few months and he never once felt like he was just some hired gun with her. They were a team from the beginning, when she told him he wouldn't have to worry about caps again as they'd be sharing all the loot and spoils straight down the middle. He'd never once walked away from a scuffle or fight worried about himself, he'd always run to find her and make sure she was safe and un-injured. He knew she felt the same way, from the doctor's visit's she'd pay for and the extra stimpacks and rad-away she'd sneak into his pack. Especially after the Drive-In, he noticed her sticking closer to him and calling back to him when he'd yelp in pain, just to check if he was alright. Heck, he even forewent picking up tons of scrappable loot after the Gunner hit, because he was more concerned with being able to carry the Boss in case she passed out or too weak to walk on the trek back to Diamond City.</p><p>Caps were everything to him, and yet, he worried more about the Boss's well-being than his own pay day. <em>This has been happening all along.</em></p><p>Apparently all of these thoughts in his head had caused a lull in the conversation, as the Boss was staring up at him now ---eyes distant, focused on nothing but the water trickling out of the shower head now. Her hands were still at his hips, and he felt him lifts his to sit on hers. Without much thought he pulled her close into him, no space between the two of them, The shower was dripping water between them, and it was beginning to pool in the areas cupped by their bodies. He brought a hand behind her neck and pulled her head to his shoulder. \"I don't deserve you.\" He sighed.</p><p>She didn't move her head from his shoulder. \"Yes you do. You deserve happiness, Mac. Someone to look out for you, for once.\" She nuzzled closed into the crux of his neck.</p><p>The sentiment caused him to embrace her even closer. He sighed again, \"I haven't felt this safe in a long, long time.\" He left a soft kiss on the wound atop her head, and a lump formed in his throat, thinking back to that day he almost lost her. <em>I can't lose her. </em>\"You saved my life, Mac.\" He moved to speak but she kept going,</p><p>\"When I hired you in Goodneighbor, I thought you were just another hired gun who'd stick around for a bit and then take the caps and run. When we took on those Gunners, I knew you had only asked me because you trusted me. I didn't want to let you down. And when all of that happened, and you stayed ....making sure I survived---that I was okay, staying close and protecting me while I couldn't protect myself..and even caring for me the past month....there were plenty of days I thought I'd wake up one morning and you'd be gone, but..every morning you woke me up, and every morning was the best day of my life all over again.\"</p><p>He looked down at those steel grey eyes that he'd woken up to each morning, smiling that she was still with him too. She just as easily could have tossed him aside for another merc in the wastes who was much more accomplished, but she kept trudging along with him. He remembered how each morning he woke up to see her still laying there sleeping next to him made him feel like the luckiest guy in the Commonwealth.</p><p>\"I-\" Mac started, but she evidently still wasn't done. \"Mac---I thought I knew what I was looking for out here, my husband's killer, my son's kidnapper. For a while that's what I was really trying to do out here was evict my revenge for their sake but now----you've shown me that, there's some good to the Commonwealth. There's, hope ... Mac, you fill an emptiness I've had since I left Vault 111. I feel like I can take on the world when I'm with you.\" She brought her head to his chest, to feel his heat, the beat of his heart, the breath that escaped through his nostrils....</p><p>Mac brought her head closer into his chest, and all the sounds became more clear for her. He closed his eyes and leaned his head atop hers and sighed \"Boss?\"</p><p>She lifted her head slightly to look him in the eye, head still rested on his shoulder.</p><p>\"I-I can't believe I'm saying this b-but, for the first time ...the first time in my life, I'm h-happy. Truly happy.\" She rested back into the crux of his neck, and all he could think of was how perfectly she fit there. How perfectly it felt to be held, to be wanted, to be <em>needed. </em>And not just for the killing power he possessed, but the comfort and safety he could provide. And to have that in return? What else could he have asked for in that moment?</p><p>He brought her close to him, holding her head into his shoulder while her arms rested higher on his waist. Each passing moment they squeezed tighter and longer. He began to stroke her wet hair and trace the curve of her back, while she brought her hands to his goatee to brush the fuzz against her wrist. Silence surrounded them, but words weren't needed. The closeness is what they both desired---- to feel wanted for once, in a world that wanted nothing more than to take from them.</p><p>Finally the embrace broke, and Mac rested his forehead on hers. The shower was barely spitting any water out now, it was clear their time was up.</p><p>\"I know this world takes more than it gives, but us ....this,\" She began, \"This deserves to be done right.\"</p><p>\"I couldn't have said it better myself, Boss.\" He smiled the softest most tender smile she'd ever witnessed, and her heart melted.</p><p>\"Mac, god-damnit Mac,\" she was digging her fingers into the slight V of his hips. \"I-I....I love you.\"</p><p>\"Ah-a-and I'm sorry, I-It's okay if you don't want to say it, I know we just met, barely know each other b-but ...\" He held a finger to her mouth and drew her close.</p><p>\"Boss, shh.\" He swallowed hard, \"This isn't going to be easy, we're both pretty broken, destroyed even....but, there's no one else on this damn earth I'd rather be with. No one I'd rather storm Gunners with, no one I'd rather wait on hand and foot to make sure they get back on their feet. And if all of that means I love you, then damnit, I love you too.\"</p><p>They stood in the shower completely engulfed in one another's embrace, just listening. Feeling. Hearing the others heart mirror their own, feeling their breath heave and release, and wondering just how lucky they had both been to find each other, when all the Commonwealth did was take, take, take....</p><p>\"Come on,\" He said. \"Let's get out of the shower and into some warm clothes.\"</p><p>She giggled and wrapped the long robe around her as he wrapped the spare towel around himself.</p><p>\"Hey Mac,\" she called from in front of him. \"Want to go ask Vadim if we can stay one more night?\"</p><p>&nbsp;</p><p>&nbsp;</p><p>&nbsp;</p><p>&nbsp;</p><p>&nbsp;</p>\n  \n      <h3 class=\"landmark heading\" id=\"work\">Chapter Text</h3>\n    <p>She sat on the bed, waiting. And waiting, and waiting and then ... fidgeting. She'd flitted about the room, seeking out scraps of paper to clean up with, precariously placed a fresh bottle of purified water next to the bed to wash up with and briefly, <em>briefly </em>thought about taking a hit of Jet to settle her nerves. <em>Was she really doing this? She's not sex kitten, so why does he make feel like I want to pounce and simultaneously want to explode from this sea of nerves? </em>Everything was in it's place, everything was perfect. Nothing to worry about, nothing to worry---- <em>Hmmm, maybe just one puff of Jet?</em></p><p>\n  <em>No, no. You're going to want to remember this.</em>\n</p><p>A knock, and her heart hammers even faster, if that was even possible. It was thudding so hard against her ribs she nearly felt it echo in her eardrums. <em>I'm going to have a damn cardiac event before we even get past the foreplay.</em></p><p>She watched as the door knob slowly spun, and heard a muffled \"Hello?\" behind it. She clammored to sit somewhat seductively on the bed. She wasn't even really sure how to do that, so she just brought her knees into her chest and flicked her hair over her shoulder to hide her bare breasts, rocking back and forth as she stared down at the door with intent.</p><p>Sexy.</p><p>\"Good news, Boss! One more night ... on the tab of Commonwealth Savings Baaa----\" A lump caught in his throat, his grin erased and his hand missed the hook to hand up his duster, leaving it on a heap on the floor.</p><p>\"Uh, Boss? Did ya---did you um--ah---well, .... your clothes?\" He laughed nervously, with a face that questioned <em>'Was that even English?'.</em></p><p><em>Oh, oh shit. </em>\"Oh ah--- no, no. I just uh---, well uh--\" Did she misread his cues? <em>Shit, shit time to back pedal.</em></p><p>\"I---I mean, I just uh-- feel a bit, um, overdressed for the uh--occasion.\" He slowly turned around, red flushing the tops of his cheeks. <em>He'd just seen her naked, why was this driving him away?</em></p><p>\"Well, um .. ah ... if you, if you wanted to---\" She gulped, staring at the bed even though she desperately wanted to meet his eyes, \"We could, you know---\"</p><p>He'd taken his hat off and was running a hand along the nape of his neck nervously. She'd come to realize that hat of his was just another layer of armor, and when he took it off to rustle his hair like that it always left a pit in her stomach. <em>He doesn't want it, I'm an idiot ... taking this too fast.</em></p><p>\"No---ah, Boss. I .. I---I mean, yea ... are---are you sure?\" His eyes no longer looked nervous, more like a flick of concern and a tiny bit of softness to them.</p><p>\"I've uh--- well, I may not look---look my best but, I've never been---never been so sure,\" She brought her knees closer to her chest and rubbed at her shins absent-mindedly, \"Really. I've never been so sure---of anything before. I want to.\"</p><p>He just stood there, mouth agape and just trying to drink the situation in. Curled up in a ball on a mattress in the Dugout Inn of all places, she'd invited him to bed.</p><p>\"I---I even got everything, everything we need ready--- some towels, water--and, and we can ya know, take it---slow?\" MacCready scanned the room and saw all of the items she described sitting right next to the mattress. A smirk graced his face as he'd never really even thought about those things before, usually just letting primal desire take over.</p><p>\n  <em>She truly is not of this world.</em>\n</p><p>He finally sat down on the bed next to her, draping an arm over her shoulder and brushing some of her hair away. \"Yeah, yeah---I'd like that.\"</p><p>-----</p><p>&nbsp;\"You alright?\" He asked, slowly undoing the belt holding up his pants.</p><p>\"Yeah, yeah. Perfect.\" She lied.</p><p>\"Ok.\" He turned around and let them drop, leaving nothing but a thin t-shirt and underwear left. And his watch, always the watch.</p><p>He slowly turned around and she let herself look down. The bulge in his underwear was a sure sign he wanted her, that she <em>did it </em>for him, and the way his hips ducked and molded into a V form right above, as if directing everyone to it ... not like you could miss it, it was pretty damn obvious ... made her mouth water. She <em>never </em>felt this way about Nate. <em>Oh god, no ... no ... don't think those thoughts, bring it back to the here and now ...</em>&nbsp; MacCready ... He was skin and bones, but had the obvious muscles gained from carrying a sniper for years. It was ... hot, in a strange sense. Like, she knew just by looking him over that he was strong, that he'd protect her from all the terrors of the world. That he'd comfort her when things got bad, he'd have her back. She wanted to reach out and just ... touch him, feel that it was all real. But he sat down on the bed a few inches from her grasp.</p><p>\"You like?\" He said, without that all-too familiar confidence peppering the edges.</p><p>\"Yeah .... yeah, I do.\"</p><p>\"Heh, well ... you ... you're a goddamn angel.\"</p><p><br> \"You can't even see all of me now, Mac.\" It was the first thing out of her mouth where she didn't stutter.</p><p>\"Oh stop it, beautiful.\" She felt her face flush and he smirked when he noticed it.</p><p>\"So uh --- how do we, ya know---\"</p><p>\"Do you mean, like ... what---position?\"</p><p>She nodded.</p><p>\"Well, uh--- up to you Boss. This goes as far as you do.\" He coughed slightly, edging closer to her on the bed, \"You sure you want this?\"</p><p>\n  <em>Yes, yes I want nothing more than to wrap my thighs around you, have you crash into me and feel you inside, to feel like we're one and not two ... I want you to hook and tug and pull me along and let me howl your name in pleasure ... I just, just don't know how---- I just want this to be perfect, and right.</em>\n</p><p>She nodded.</p><p>\"Ok, well ... how about we just---start with some kissing, see where that take us?\"</p><p>She nodded.</p><p>He pushed her down slightly to her back, and crawled over top of her to snuggle in beside her, peppering sweet kissing on her neck and shoulders. He ran his large, calloused hands from her arm down to the side of her back and back up to rest atop her breasts, squeezing and molding them slowly between the pads of his fingers. She laid perfectly still, unsure of what to do with her own hands. \"Oh Boss,\" He moaned slightly in her ear, and that was her cue as she brought a hand to his side ... mimicking his touch and sliding her fingers up and down his chest. \"You're so---so soft. How do you keep that up out here?\" He laughed slightly, nibbling gently at her ear.</p><p>\"Dunno.\" She said flatly, still gently caressing the fabric of his t-shirt.</p><p>He stopped suddenly and brought his hand to her shoulder. \"Boss, remember. As far as you go.\"</p><p>He felt her nod her head.</p><p>He faltered for a moment, taking care to make sure she hadn't flinched or given him some other signal.</p><p>\"Now, where was I ...\" He slipped his hand back to toy with her breasts, and flicked at her nipple.</p><p>\"Don't.\" He heard her say pointedly.</p><p>\"Ok, ok.\" He smiled, \"We're learning. Anything else?\" Only he could make such a sentence sound so loving.</p><p>\"Well, uh---just, just keep rubbing your hands -- your hands on me. I like that.\"</p><p>\"I like it too.\" And so he did.</p><p>She could feel the heat pooling in her legs, <em>finally</em>. He took to straddle her on top, sitting gingerly on top of her thighs. He inched his member just far enough away from her so as not to touch, not to entice. Not to intrude, not until she asked for it. He brought a hand behind her neck and another still grazing her sides, and their lips met for the first time. He kissed her lips with the same gentleness he'd peppered on her neck and shoulders, molding them together as if to create a vacuum. Slowly, she slid her tongue inside to explore and he jutted his into hers in return forcefully. She tried to slip hers back in with not success, and she took to biting his lip gently. Nibbling softly for a few moments she felt his other hand slip down further, and further ... until it was mussing with her pubic hair and slowly, slowly and ---</p><p>\"Oh, oh Mac ...\"</p><p>\"Good?\"</p><p>\"Yes, oh .. oh yes. Very.\"</p><p>He laughed, and massaged at her folds with his palm, letting her set the pace with her hips rolling subconsciously.</p><p>\"You know,\" He breathed, <em>shit his breath was so hot, </em>\"I've been thinking about this for---well, a while.\"</p><p>She laughed now, \"Me---\" Her breath hitched and he smirked again, truly please with himself, \"Oh, shit. Yeah---me too.\"</p><p>He rubbed her folds gently, and flicked out his thumb to rub at her nub with a welcome \"Fuck, Mac!\" and drew small circles from within. Her back arched and her hands gripped the non-existent bedding on the mattress, and her eyes squeezed shut with her mouth screwed in obvious pleasure. But still he felt an inhibition, she was holding herself back from him. And that was okay, they were still learning each other.</p><p>\"Oh---oh Mac,\" Breaths hitching in her throat, \"Please---let me---I want,\"</p><p>\"You want what, angel?\" <em>Ohhhhhhhhh jesus.</em></p><p>\"I want, you. Inside---me, on---on top.\"</p><p>\"Your wish is my command.\" His voice dripping with lust like it was a script right out of one of those daytime TV soap operas.</p><p>---</p><p>They rolled odd the bed off opposite sides. She was splashing water up her, well, <em>there </em>and he had gone to wash her juices from his palm. He came back to see her standing nervously on the side of the best, her one arm crossed over her breasts as if to hide them, the other placed above the curve of her right hip.</p><p>\"Hey,\" He moved to lay down on the bed, eyes beckoning her to straddle him, \"You ready?\"</p><p>\"Yeah, just uh---give me a second.\"</p><p>\"All the time in the world, angel.\"</p><p>\"Oh stop that,\" She chided.</p><p>\"Can't, I mean it. You're mine, all mine. My angel.\"</p><p>She hid her face with the palm of her hand as she scurried to the bathroom, pulling out a towel. She stood next to the bed and held it out to him.</p><p>\"What's uh---I mean, what do you want me to uh---do with that?\" His eyebrows furrowed slightly at her, careful not to question too much.</p><p>\"Well um, uh----can you, do you think--- you can put it down ... underneath--you?\"</p><p>\"S--sure. Sure.\" He rocked his body to the side and let her slide the towel beneath him, covering the mattress.</p><p>\"Thanks,\" She replied. \"Well uh--- heeeeeere we go.\" She said as she began to straddle him.</p><p>He couldn't catch the laugh that left his throat, and looked up to see tears glazing her eyes.</p><p>\"Oh hey hey hey ... hey, no I didn't mean---oh, no no ... stop, don't---don't cry ... we can stop.\"</p><p>\"No, no--- I want this,\" Her heat was planted directly on top of him, and he writhed in anticipation, but she knew he'd wait forever if he had to.</p><p>\"I'm just---- I'm not good with, uh---all the ...the--the talking.\" She blushed, and successfully choked back her tears.</p><p>\"Then lets not talk then.\" He leapt forward from the bed and took her in his arms, slowly grinding along her folds. She moaned in return and bucked slightly at the feeling, the all too familiar feeling, and let her mouth sink around his neck to nibble and drench it in soft kisses. He groaned softly, and she worked her way back to his mouth. Their tongues darting in and out with vigor, escaping only to gasp down enough air to keep themselves afloat. He brushed a hand up and down the small of her back and pulled her closer, to let the tip of his member enter slightly. She flinched, but relaxed into it, her heat slowly dripping along the sides as if to welcome it in.</p><p>\"Jesus, Boss ...\"</p><p>She said nothing, just continued kissing and folding her hands through his hair, mussing it up until it was in several different directions.</p><p>\"Take me,\" She moaned, \"I'm yours.\"</p><p>That was all he needed. He laid back down flat on the mattress and held her back firm with both of his hands. Looking to her eyes for approval, a quick nod, and he thrust himself deep inside. She cried out in pain, and he felt a cry leave his own throat as he felt her press deeper and deeper until he was completely inside, all of himself. He looked up to see her eyes shut tight in pain, but she moved her hips slowly up and down to release her flow of wetness once more. Reaching up, he pushed a loose hair behind her ear and whispered, \"You alright?\"</p><p>She nodded.</p><p>\"Good. Me too.\" She could tell he had wanted to say more, but she let his body do the talking. He rolled and bucked but still let her maintain control. Slowly, she pulled in and out, not too much and not too little, until the motion was fluid and felt ... natural, with him at least. She still couldn't let go, not ready to do that, to let him see her face like that ....She focused her thoughts on how he felt inside, pulling in and out and grabbing her from the inside, each thrust crashing deeper and deeper into her and feeling every inch inside of her that she would allow ... His eyes were fixated on her, but not staring. They were half lidded and full of a mixture of lust, desire and <em>longing. </em>She returned the gaze, albeit quick, and met him again to see his eyes squeezed shut in pleasure. His mouth moving in waves, not speaking full words but rather noises she'd only recently dreamt of hearing escape his lips.</p><p>She ramped up the pace ... <em>in and out, in and out</em> ... playing in time with her increasing heartbeat, and placed a thumb to her nub to coax her own pleasure out. His eyes opened fully and when he saw what she was doing he brushed her own hand aside and took control. She nodded and he dug in, circling her wildly, faster and faster until she became undone. She gripped at his sides firmly and squeezed her eyes shut as her hips bucked <em>back and forth, back and forth</em> with the pounding in her ears .... as she heaved quick breaths through gritted teeth. She lasted nearly a minute, and could feel his thumb still riding her out. She flinched and quaked towards the end, writhing with pleasure and sensitivity.</p><p>\"Jesus ...\" She breathed, letting her chest rise and fall rapidly as she rolled to his side</p><p>\"I aim to please.\" He sighed. Her eyes closed briefly as she still rode her high, trying to slow her breathing down until---</p><p>\"Shit, Mac. Did you come ---- do you, I can... I can---go down, I'm too---\" He brought his wet thumb to her lips.</p><p>\"Shhhh .... lay down, take a breather. I can take care of it.\"</p><p>\"No,\" She barked. \"Lay down.\"</p><p>\"Well--- alrighty, Boss.\"</p><p>She gripped his cock, almost <em>too </em>tightly, half out of lust and half out of anger for not getting him off before her own release. He heard a slight groan and eased up on her grip, then plunged her mouth over top. He reacted in kind, bucking his hips upwards and forcing her to sit up and dry heave to the side. She heard him moan, \"Sorry,\" but she thrust back downwards with an intense force. Pulling up and down and circling the base of his member with her tongue, cascading upwards with a line of saliva and rounding out the head with a sloppy kiss. He was enjoying it, she could tell. She looked up briefly to see his eyes piercing hers, and she shyed her look away.</p><p>\"Come on, I want to look at you when you do that.\"</p><p>\"I----I can't, not cause---not ...\" She stopped trying to talk and just took care of business again.</p><p>She pumped his cock with her hand while she planted warm kisses between his thighs, around his balls, cupped them and let his dick engorge her mouth once more. She slicked up and down and felt a growl emit from the back of her throat as she heard his please, \"Oh shit, oh fuck ... oh Boss, I'm---I'm .... watch ouuuuu----\" And he erupted onto her chest, flinching and spilling more and more onto her with each involuntary thrust. The thrusts slowed down and his pleasure streaked shorter. He giggled softly as he melted into the mattress, his eyes slowly shutting.<br><br></p><p>\"That,\" She watched his chest heave up and down, enjoying how <em>she </em>caused him to get this riled up, \"was amazing.\"</p><p>She swallowed hard and smiled, and returned a soft giggle. And then she straddled him once more, reaching up close and planted a quick kiss on his forehead.</p><p>He returned her smile</p><p>She jumped off the bed and brought him a towel to clean up with, and she wiped herself down as well. Once she saw he was mostly done she pieced herself beside him on the best, resting her head on his slighty furry chest. She breathed in the scent of musk and cigarettes that was all too familiar too her, and felt him plant a kiss to her scalp, right above her healing wound.</p><p>\"Fuck, I love you.\" And she laughed at his curse, \"I love you too.\" She replied.</p><p>\"That was .... that was nice.\" Her voice trailed off, caught somewhere between her mouth and his slightly damn skin.</p><p>\"Yeah, yeah it was.\" He idly slid his fingers up and down her back, remembering her saying she liked that.</p><p>\"I want to learn more about you, you know .... and not just like this----I mean, I wanna learn that, too.\" He was getting flustered again, and she loved when he got flustered because it was his tell-tale sign to her that he cared.</p><p>\"Yeah, yeah --- that sounds, nice.\" The swirl of pleasure, the act of making love with this, her--- MacCready. It was all she could have asked for in that moment. But she wanted more of him, to share his pleasures---<em>like this</em>, to know and understand and learned about his pains, his past--- who he was and how that made him who is laying right next to her right now in the flesh---to soothe those pains and dry his tears, if he'd let her see those tears. But this moment, right now ... right now it was enough.</p><p>She looked up to see his eyes, half-lidded once more but this time not lust on his mind, but sleep. She smiled a soft, sweet smile she didn't think she had in her anymore.</p><p>He brought her closer, skin sticking slightly from sweat, and sighed long, \"I could lay like this forever.\"</p><p>He closed his eyes softly and she could hear the beginnings of sleep breathe into his nostrils. \"Yeah, yeah I'd like that.\"</p><p>She nodded softly, and followed suit.</p><p>&nbsp;</p>\n  ","summary":""},"summary":"A little backstory into why MacCready originally asks the SS to help him out with the Gunners, as well as the follow-up. Also, not sure what the canon female SS name is (I don't care for Nora tho, still takes you out of the story) so I went with Sole. Includes some non-canon things like how we enter power armor, what Pip-Boys can do/how they are attached, etc.","stats":{"language":"English","words":15,"hits":813,"chapters":{"released":7,"total":7}},"tags":{"warnings":[{"name":"Graphic Depictions Of Violence","url":"http://archiveofourown.org/tags/Graphic%20Depictions%20Of%20Violence/works"}],"relationships":[{"name":"Robert Joseph MacCready/Female Sole Survivor","url":"http://archiveofourown.org/tags/Robert%20Joseph%20MacCready*s*Female%20Sole%20Survivor/works"}],"characters":[{"name":"Robert Joseph MacCready","url":"http://archiveofourown.org/tags/Robert%20Joseph%20MacCready/works"},{"name":"Female Sole Survivor","url":"http://archiveofourown.org/tags/Female%20Sole%20Survivor/works"}],"freeforms":[{"name":"Hurt/Comfort","url":"http://archiveofourown.org/tags/Hurt*s*Comfort/works"},{"name":"Violence","url":"http://archiveofourown.org/tags/Violence/works"},{"name":"Pre-Relationship","url":"http://archiveofourown.org/tags/Pre-Relationship/works"},{"name":"MacCready POV","url":"http://archiveofourown.org/tags/MacCready%20POV/works"},{"name":"Watching Someone Sleep","url":"http://archiveofourown.org/tags/Watching%20Someone%20Sleep/works"},{"name":"Drama","url":"http://archiveofourown.org/tags/Drama/works"},{"name":"chems","url":"http://archiveofourown.org/tags/chems/works"},{"name":"Blood","url":"http://archiveofourown.org/tags/Blood/works"},{"name":"Smut","url":"http://archiveofourown.org/tags/Smut/works"},{"name":"finally porn","url":"http://archiveofourown.org/tags/finally%20porn/works"},{"name":"Awkward Sex","url":"http://archiveofourown.org/tags/Awkward%20Sex/works"},{"name":"realistic sex","url":"http://archiveofourown.org/tags/realistic%20sex/works"},{"name":"Blow Jobs","url":"http://archiveofourown.org/tags/Blow%20Jobs/works"},{"name":"MacCready just wants you to feel good","url":"http://archiveofourown.org/tags/MacCready%20just%20wants%20you%20to%20feel%20good/works"}]}}