{"title":"Through Beginnings and Ends","id":5631757,"url":"http://www.archiveofourown.com/works/5631757","author":"loogerkresnik","author_url":"http://archiveofourown.org/users/loogerkresnik/pseuds/loogerkresnik","date":"2016-01-18T05:00:00.000Z","fanfic":{"story":"\n      <h3 class=\"landmark heading\" id=\"work\">Chapter Text</h3>\n    <p>Where did it all start? The more he pondered that question, the stupider it seemed. It started at the beginning, of course.</p><hr><p align=\"center\">\n  <strong>2008</strong>\n</p><hr><p align=\"center\">&nbsp;</p><p>There he was. The most popular guy in school, captain of the boxing team, adored by all for his spirit and dashing good looks. A walking cliché, really. The kind of guy losers like Junpei Iori could only wish they were. The legend of second-year student Akihiko Sanada was already widespread by the time Junpei entered Gekkoukan High School. Athletic, rich, fashionable, handsome. To top it all off, he was best buddies with Mitsuru Kirijo, who practically ran the place. Probably because she kind of owned it. She wasn't any less popular than Akihiko, but she was cold and intimidating whereas Akihiko was warm and encouraging. They seemed like total opposites, but together they had a brilliant but unapproachable aura.</p><p>In short, associating with either Akihiko Sanada or Mitsuru Kirijo was nowhere on Junpei's list of priorities. Not like he could even if he wanted to. Their rabid leagues of fans would have his head.</p><p>Still, he couldn't help but take special note of Akihiko. Was it his natural charisma that earned him his legions of adoring fans, or something else. Whatever it was, Junpei didn't really understand it.</p><p>Not that it really mattered. As far as he was concerned, it'd be best to stay far away from the popular crowd. All he needed to do was get through these next three years and he could move on with his life. He wouldn't say no to getting a girlfriend, but it wasn't like he was actually putting in any effort to. His high school life so far had been completely dominated by apathy.</p><p>And it just so happened that on one particular day in November, Junpei had fallen asleep during seventh period. As the sun set and students began to disperse, he remain snoring away at his desk.</p><p>\"Nrrkk... nonstop... climax...\"</p><p>The sound of bells chiming - followed by the P.A. telling students to go home - suddenly jolted him awake. Still seated, he looked around the emptied classroom and groaned.</p><p>\"Ugh... shit.\"</p><p>With a yawn and a few more curses under his breath, Junpei fixed his baseball cap, lazily grabbed onto his backpack, and began shuffling out of classroom 1-C. The school had all but completely emptied, with only a few students still wrapping up club activities. Junpei wasn't a member of any clubs, though he might've considered joining an anime or video game club. Gekkoukan didn't seem to be that kind of school, sadly. At least the dress code was surprisingly lax. Even the otherwise completely perfect Akihiko didn't wear anything even remotely resembling the actual school uniform.</p><p>With that thought, Junpei came to a halt in front of the shoe lockers.</p><p>There he was.</p><p>His slightly wet silver hair glistened in the afternoon sun, the orange hues just barely masking his lightly flushed skin. His white shirt, not buttoned up all the way, subtly clung to his toned arms. Had he just gotten out of the shower? He must've had practice today, so it made sense. He wiped his brow - not wearing his black leather gloves for once - and sighed softly before retrieving his loafers from the locker.</p><p>Junpei shook his head. It wasn't exactly like him to get this starstruck over his upperclassmen. At the end of the day, Akihiko's just a guy like any other, no big deal. He could probably even strike up a conversation out of nowhere if he wanted to. Worst case scenario, he'd choke on oxygen and die.</p><p>\"Hey, er... Practice over, huh?\" Junpei managed to squeeze out something resembling a sentence, hopefully just loud enough for the older boy to hear. He shuffled over to his own shoe locker as to not seem like he was ambushing the guy.</p><p>\"Yeah. I stayed behind a little late, though.\" Akihiko looked over at Junpei, an effortlessly charming smile on his face. \"Have we met, or...?\"</p><p>\"Oh, uh, no. Sorry. I'm Iori, a first year.\"</p><p>\"Akihiko Sanada, nice to meet you.\"</p><p><em>Yeah, I know</em>... is what Junpei wanted to say. But it wouldn't hurt to tone down the bitch when he's being given the time of day at all.</p><p>\"You're captain of the boxing team, right? Is it fun?\" Junpei blurted out whatever came to mind first, anything to keep the conversation going. \"I've only watched it, myself, but I've been thinking about giving it a shot someday. Really build that upper body strength.\"</p><p>He was lying, of course.</p><p>\"Yeah, boxing's a great way to get in shape,\" a very unexpectedly sincere answer. \"You should come and observe our club activities sometime and see if it's anything for you.\"</p><p>\"Sure, I'll try to do that soon...\" Junpei couldn't help but be a bit enthralled by Akihiko again. There was a radiance to him when he talked about things he loved, one he'd never seen before.</p><p>\"Anyway, I gotta run. I'll see you later, Iori!\" Akihiko disappeared through the school's front gates with a smile and a wave, leaving Junpei alone with his thoughts.</p><p>He just had a perfectly normal - if brief - conversation with Akihiko Sanada, and he survived. He couldn't help but smile to himself as he slid into his sneakers and went on his merry way. The chilly season seemed to be coming unusually late this year.</p><hr><p>The next morning, Junpei actually showed up to school on time. Just outside the humongous Gekkoukan building, he spotted a glimmer of pink in an ocean of black blazers. It was his sworn duty to always give Yukari Takeba a hard time whenever he saw her, but this time he happened to have a reason to.</p><p>\"Heeeeey, Yuka-tan!\"</p><p>\"Stop calling me that. What do you want?\" Her grumpiness was palpable. The mere sight of him was all it took to instantly sour Yukari's mood.</p><p>\"Ouch, don't be shooting me down just yet! I was just gonna ask you a question.\" Junpei's semi-pure intentions were masked by his impressively creepy smile.</p><p>\"Then spit it out already. I'm kinda busy right now.\"</p><p>\"Well, uh, you live in the same dorm as Akihiko Sanada, right?\"</p><p>\"...Yeah, I do. What about it?\"</p><p>\"I guess I'm just kinda curious about what kinda person he is? If you got any juicy gossip, I'm all ears!\"</p><p>\"Really? You?\" Yukari looked puzzled. \"I gotta say, I actually wasn't expecting that one. Sorry, though. We don't talk to each other much.\"</p><p>\"Ah, well.\" Junpei stretched his arms out, only slightly disappointed. \"It's cool, don't worry about it.\"</p><p>\"Although, now that I think about it...\"</p><p>\"Hm?\"</p><p>\"I dunno how accurate this is, but I've heard that he's never had a girlfriend, like, ever. People thought he was going out with Mitsuru Kirijo for a while, since they're basically always together, but no one's ever seen them do anything that isn't really boring. With how many stalkers those two have, it can't not be true.\"</p><p>Junpei only nodded.</p><p>\"Well, do whatever you want with that information. Just don't get me involved. I gotta go take care of stuff for the archery club.\"</p><p>The two split ways, only to reunite in their classroom as first period began. Junpei managed to stay awake throughout the whole day, but he didn't absorb a single thing from any of the classes. There was something on his mind, and it wasn't classic literature or English.</p><p>It's not that he was looking forward to seeing Akihiko in action or anything. And he didn't have much interest in boxing, either. The boxing team's room just so happened to not be <em>too</em> far out of the way to the front gates, so he might as well drop by, right?</p><p>It wasn't to be, though. He made sure to arrive decently early - just because he had nothing better to do, of course - but a huge pack of girls had already assembled in front of the room. There was no way he was getting in there.</p><p>In this situation, all someone like him could do was sigh, shrug, and split. Why was he so interested in the first place? Whatever the reason, it was probably never worth the trouble to begin with. Chances are that upperclassman he looked up to for whatever reason already forgot his name, or that they even met.</p><p>With that mentality, Junpei Iori's first year of high school ended much like how it began. Going through the motions, impacting nothing and impacted by nothing.</p><p>It would also mark the end of his ordinary life for good.</p>\n  ","summary":""},"summary":"Junpei reflects on the past in order to understand and move on towards his future. Question is, will his future already be moving on without him? Why does his future have to be such a dumbass, anyway?","stats":{"language":"English","words":1,"hits":7,"chapters":{"released":1,"total":null}},"tags":{"warnings":[{"name":"No Archive Warnings Apply","url":"http://archiveofourown.org/tags/No%20Archive%20Warnings%20Apply/works"}],"relationships":[{"name":"Iori Junpei/Sanada Akihiko","url":"http://archiveofourown.org/tags/Iori%20Junpei*s*Sanada%20Akihiko/works"}],"characters":[{"name":"Iori Junpei","url":"http://archiveofourown.org/tags/Iori%20Junpei/works"},{"name":"Sanada Akihiko","url":"http://archiveofourown.org/tags/Sanada%20Akihiko/works"},{"name":"Kirijo Mitsuru","url":"http://archiveofourown.org/tags/Kirijo%20Mitsuru/works"},{"name":"Takeba Yukari","url":"http://archiveofourown.org/tags/Takeba%20Yukari/works"},{"name":"Yoshino Chidori","url":"http://archiveofourown.org/tags/Yoshino%20Chidori/works"},{"name":"Aigis","url":"http://archiveofourown.org/tags/Aigis/works"},{"name":"Male Protagonist (Persona 3)","url":"http://archiveofourown.org/tags/Male%20Protagonist%20(Persona%203)/works"}],"freeforms":[{"name":"Slow Build","url":"http://archiveofourown.org/tags/Slow%20Build/works"},{"name":"Developing Relationship","url":"http://archiveofourown.org/tags/Developing%20Relationship/works"},{"name":"Long-Distance Relationship","url":"http://archiveofourown.org/tags/Long-Distance%20Relationship/works"},{"name":"Awkwardness","url":"http://archiveofourown.org/tags/Awkwardness/works"},{"name":"Pre-Canon","url":"http://archiveofourown.org/tags/Pre-Canon/works"},{"name":"Post-Canon","url":"http://archiveofourown.org/tags/Post-Canon/works"},{"name":"Hurt/Comfort","url":"http://archiveofourown.org/tags/Hurt*s*Comfort/works"},{"name":"Comedy","url":"http://archiveofourown.org/tags/Comedy/works"}]}}