{"title":"ROMANCINTA","id":5704894,"url":"http://www.archiveofourown.com/works/5704894","author":"Leilani5","author_url":"http://archiveofourown.org/users/Leilani5/pseuds/Leilani5","date":"2016-01-18T05:00:00.000Z","fanfic":{"story":"\n      <h3 class=\"landmark heading\" id=\"work\">Chapter Text</h3>\n    <p>Castiel's heart was racing when he offered his handshake to Dean, Michael's boyfriend. Michael was Castiel's old friend from college. Dean gave him a warm smile and exchanged pleasantries. Castiel never believed in love at first sight till now. Dean's the most beautiful young man he has ever seen.</p><p>Castiel was caught in a trance. He didn't realize he held Dean's hand a tad too long. Michael abruptly cleared his throat and it brought Castiel out of his reverie. He quickly retreated his hand and muttered a soft apology. Dean gave him a small smile, shook his head slightly and told Castiel that it's okay. </p><p>Castiel didn't miss the pretty blush on that freckled face, it took his breath away. </p><p>Dinner went well otherwise though there were few things Castiel noticed. Michael had his arm casually draped around Dean's back most of the time since they sat so close. Dean didn't participate much in their conversations only answered politely the casual questions directed at him. He barely lifted his eyes off his lap and whenever he did, Castiel found himself staring into those beautiful lashed hazel green eyes. It's like he can't help himself when he knew better that this amazing creature belonged to his good friend, right there, sitting opposite him. </p><p>Dean's not faring any better. Castiel's stolen gazes flustered him. He wished he could taper off this intense emotion his having. He's insanely attracted to this gorgeous dark haired man that he can't think straight. He quietly willed the butterflies in his stomach to fade away. He has never felt this strongly for anyone before, not even Michael, his first love. He was so afraid Michael might notice these subtle exchanges between him and Castiel. He needed to get out of there. It's getting too hot in the restaurant. He whispered softly in his boyfriend's ear, telling him that he's ready to go home. </p><p>Michael looked at him for a moment as if to ask why but then agreed that they should leave. They've been there for almost 2 hours anyway. Before they bid their goodbyes, Michael made Castiel promise to get together again soon. He had his arm circled around Dean's waist possessively and walked away. Castiel sighed heavily and walked to his car. </p><p>Sleep didn't come easy for Castiel that night, images of Dean's beautiful face haunted him. Castiel never had a relationship before, sure he was attracted to other men before and had his fair share of admirers but he didn't care to take anyone seriously until tonight. So strong was his desire for Dean that he almost forgot that Dean belonged to Michael. </p><p>Fate must have a grudge against him. He rubbed his face tiredly, willed himself to soothe his hurting heart and forced himself to sleep. Exhaustion finally took over when dawn began to break.</p>\n  \n      <h3 class=\"landmark heading\" id=\"work\">Chapter Text</h3>\n    <p>Michael drove them home in silence. He's seething inside, he tried but failed to control his emotions. It's not easy especially of late, what with the stress at work, the uncertainty of his position in the company, the boss breathing down his neck and now that he just witnessed his good friend \"ogling\" his beautiful young lover. Castiel, without a doubt a very handsome man and Michael knew Dean wasn't immune to his friend's good looks either.</p>\n<p>He turned to look at Dean. His lover was especially quiet tonight. Michael always made the decision about everything so it was a surprise when Dean told him that he wanted to leave earlier. He knew why but he just needed to hear what Dean has to say, \"So..what happened in there?\".. he asked, voice dangerously low. Dean was startled but replied, \"What do you mean, I don't understand\"..he knew what Michael meant, he just hoped to brush it off. The last thing he wanted was to have an argument with Michael who's driving slightly drunk and Dean's emotionally exhausted. Michael never allowed Dean to drive when they're out together. Only when Dean needed to run errands alone. It's all about control with Michael. </p>\n<p>\"You know Exactly, what I'm talking about sweetheart, so Please don't play coy with me\", Michael retorted. Dean cringed at his remarks, spoke gently \"Can we talk when we get home, please..? I need you to drive safe..\" Michael gripped the steering wheel tighter and stepped on the gas ignoring Dean's plea. Dean silently prayed they're going to arrive safely because Michael had a couple glasses of red wine. </p>\n<p>Dean sat in the car with mad anticipation about what's going to happen when they got home. The ugly bruises on his face had just healed and he was glad that Castiel didn't get to witness it. God knows how many times friends and strangers alike had expressed concerns over his abused condition. He just hoped that Michael won't add a new one tonight, he really can't take the pain physically and emotionally anymore. </p>\n<p>What happened to the Michael he met 3 years ago? The 28 years old suave gentleman who swept him off his feet, who took him away from his troubled youth and gave him a job and everything that a 19-year-old boy could wish for? Michael doted on him even when Dean was out of his league. Michael's sophisticated, cultured, well educated and charming. Dean's poor, an orphan without a college education and socially awkward. But Michael chose to overlook Dean's shortcomings and gave him the best 2 years of his lives being loved.</p>\n<p>Things changed when Michael got that new job early this year. He proudly held that important position in that prestigious company. The first few months was good, Michael was happy with his very high-income salary, he showered Dean with expensive gifts that the latter didn't need though he won't tell Michael that because he didn't want to seem ungrateful. Dean quit his job at the cafe after relentless persuasion from his lover. They celebrated the high lives, went to fancy galas, operas, luxury cruises and while Michael radiated in his elements, Dean just stayed in his lover's shadow and he didn't mind one bit. Michael's happiness and love were all that mattered to Dean.</p>\n<p>It lasted 4 months. After that Dean seldom see Michael home early. His job in the office demanded most of his time even when he's at home. His superior will call about work as early as 7 am and as late as 10 pm!. Naturally Dean expressed his concern, Michael has lost some weight and he looked haggard. At first, he allowed Dean to \"mother\" him then things at work got more hectic that he came home as late as midnight. He was so tired that he resorted to consumed alcohol almost daily instead of the food that Dean prepared.</p>\n<p>They ceased having sex and this saddened Dean because he craved intimacy from Michael. He hoped that with lovemaking somewhat makes them both closer and calmed his raging man. In fact, Michael got more and more bitter, at first, he just shouted and hurled abusive words at Dean who took it patiently, knowing that it's Michael in his drunken state, unconscious of his own words. Verbal abuse escalated to physical abuse. Still Dean took it all even when he's hurting inside and out because like always, after Michael was sober, he will reduced to a blubbering mess, crying his heart out asking Dean for forgiveness and promised to get help and like always Dean believed and that he was forever indebted to Michael's love and kindness, stood by him, accepted his apologies and also his own fate. </p>\n<p>Dean's mind was brought to the present moment when the car stopped, the passenger door on his side opened suddenly and a furious Michael yanked him out. He pushed Dean into the house, grabbed his neck roughly and growled lowly in his ear, \"You'd better fucking tell me what's going on. If you Thinkkkk.... I missed all that disgusting flirting between you two, you got another think coming, you fucking slut!\" and with that he bit Dean's neck hard while his huge hand squeezed Dean's groin cruelly. </p>\n<p>Dean's pitiful agonizing cries echoed through the house.</p>\n  \n      <h3 class=\"landmark heading\" id=\"work\">Chapter Text</h3>\n    <p>It was late morning when Castiel woke up and Dean's face first thing on his mind. He only had 5 hours of sleep and he found he can't go back to sleep, not with that pretty face occupying his thoughts again. Frustrated, he rubbed his face roughly and pulled his hair with both hands letting out a groan. \"Gotta stop this. Enough. He isn't mine.\" he muttered angrily to himself. Pulling himself out of bed, he headed to the shower.</p>\n<p>Thank god it's Sunday, he can't imagine going to work in this state. He heard activities in the kitchen downstairs. Ellen Harvelle, his weekend housekeeper and a friend, already started her routine of making them breakfast and cleaned the house. She's like an older sister to Castiel, they've known each other for so long that he considered her his confidante when his own family fail to understand him and his chosen lifestyle dating men that is. He can smell the wonderful croissants baking in the oven, sizzling noise coming from the pan and the delicious coffee aroma wafting in the air. </p>\n<p>\"Morning Ell!\" he shouted from the top of the stairs. \"Mornin Cas!!!\" Ellen replied laughingly. Castiel shook his head in amusement. There's no need for formality when it comes to him. He liked when people are comfortable around him even at work. He decided to get a quick shower, refused to let his breakfast get cold. After putting on an old black t-shirt and grey sweatpants, he hurried down to meet Ellen who was waiting at the kitchen table and sat opposite her.</p>\n<p>\"Oh Cas! You should at least, dry your hair properly if you don't wanna comb em..you're gonna catch a cold..!\" Ellen fussed, got up and grab a clean bath towel in the laundry room. She was about to dry his hair when he snagged the towel from her hand jokingly \"Don't you dare!!\"..pointing at his friend with wide eyes.\"Suit yourself lil bro, your hair's a lost cause to me anyway..!\".. These foods better be delicious!!\" Castiel feigned annoyance, \"stabbing\" the scrambled eggs with the fork with a little smirk on his face. Ellen laughed harder. It's always the normal banter between them every time.</p>\n<p>\"How was dinner with Michael and his friend last night?\".. Ellen asked while pouring his coffee. Castiel stopped tearing at his hot croissant, frowning, he wished Ellen didn't bring that up because Dean's image clouding his mind again. \"You okay?..\" asked Ellen laced with concern. \"Yeah, I'm good. Dinner was good thanks. Michael said hello by the way\" Castiel rambled. Ellen didn't buy that for a second, she knew when Castiel's troubled. She cared so much for him, she's not letting it past \"Tell him hello for me too..... you sure you're okay Castiel, something happened last night?\".. </p>\n<p>Castiel just gave her a small smile. \"It's nothing Ell...I'm just tired, I might try to get a short nap after this. Thanks for asking..\" Ellen looked at him questioningly and decided to let it go this time. \"Well...if you wanna talk, you know where to find me.\" Ellen gave him a playful wink and took a big bite at the ham stuffed croissant. Castiel just shook his head and laughed at his friend's effort to lighten up the mood. He wished he could tell her about Dean. His friend wasn't easily fooled. She could see right through him. </p>\n<p>This yearning's overwhelmed him. He wanted so much to pick up the phone and call Michael, arrange for another lunch or dinner or whatever, the three of them again. He won't mind as long as he get to see Dean again or just talk to him, try to be his friend because that's all they will ever be. Maybe last night was just a fleeting moment between them.  Sudden strong attractions, nothing more. He tried to assure himself that's exactly what had happened. He was fooling himself and he knew it. He's pining for Dean and he wondered if Dean felt it too. He's fallen in love finally, ironically. It made him so happy yet so sad thinking about this. He can't betray Michael's friendship. He must keep this love he had for Dean to himself for the everyone's sake. He will confide in Ellen in due time, he needed to tell someone or he will go crazy.</p>\n<p>Forgoing that nap, he grabbed his running shoes and house keys instead and bid goodbye to Ellen, he began a resolute jog down the street. He's determined to take his mind off Dean for awhile even if it killed him.</p>\n  \n      <h3 class=\"landmark heading\" id=\"work\">Chapter Text</h3>\n    <p>Lying in bed alone, Dean stared blurry into the darkness as new tears threatened to form again. He tried to choke back his tears but he can't. Too distraught to do anything else but lay there and cried helplessly. His body quivered, the excruciating pain he suffered below after Michael brutally fucked him unprepared has dulled while the grief in his heart has just begun. He cried louder at the realization that he was raped and that Michael was gone, left him alone in his devastation.</p><p>Dean tried to forget but the harrowing incident kept replaying itself in his mind. Michael's loud abusive words still rang in his ears.<br>\n\"YOU FUCKING WHORE!!! YOU FUCKING SHAMELESS WORTHLESS WHORE!! I PICKED YOU UP FROM THE SLUMS GODDAMMIT!! AND THIS IS WHAT YOU GAVE TO ME??!!\" Michael slapped him hard across the face. Whimpering, Dean tried in vain to wriggle himself free from Michael's tight grip but his strength was no match against the older man. \"YOU WANNA FUCK MY FRIEND??!! YOU WANT HIS FUCKING COCK UP YOUR ASS??!! HUHHH?!! YOU FUCKING SLUT!! I WILL GIVE IT TO YOU GOOD YOU FUCKING BITCH!!!\" and with that he punched Dean hard on his stomach that he bowled over screaming in pain. \n\nMichael pushed Dean into their bedroom and onto the bed, yanked his jeans and boxers away quickly. He unzipped his own pants and freed his cock. He spat on his palm and rubbed his engorged cock hurriedly with his spit. He can't think seem to control his actions anymore. Turning Dean around on his knees, gripped his hips tightly, pulled his ass up high and forced fucked his hole with his rigid cock.\n\n The violent scream that Dean let out from the penetration faltered Michael's movement a little but he kept on going fucking into him hard and fast. Jealousy clouded his mind. Images of Castiel fucking his lover taunted his delusional mind. He has every right on Dean's life, he was Dean's savior when he was nothing. He owned Dean. Dean belonged to Michael not fucking Castiel. Dean loud agonizing cries fell on deaf ears.\n\nThe tightness of Dean's hole engulfed him, he growled as he shot his load inside. Letting go of Dean's hips, Dean collapsed into the bed. Michael's fingerprint bruises were all over his hips as he looked on in horror and slowly his conscience dictate. \"Oh god!! oh god!! What have I done??...WHAT HAVE I DONE??!!!\" Michael roared, hands on his head, shaking, his face crumpled in desolation and tears flowed freely as he looked at Dean's body trembled in bed. He can't believe what he just did and he was beside himself. He can't watch Dean like this, he can't rectify this horror he caused and dashed out of the house, into his car and disappeared into the night.</p>\n  \n      <h3 class=\"landmark heading\" id=\"work\">Chapter Text</h3>\n    <p>Michael drove aimlessly through the dark streets. Hot tears streaked down his face, he can't seem to stop them. He had raped Dean. Sobbing uncontrollably, he pulled the car to a stop and turned off the engine. His banged his head on the steering wheel and cried his heart out. \"Dean.....oh god Dean...\"..\"what have I done..what have I done??!!\"... Dean, the love of his life and he left him to suffer alone in his house and ran like the coward he was. He loathed himself so much that he can't even be there for Dean just now. He's the hopeless one, not Dean. Beautiful, kind, quiet and strong Dean. He will never be able to forgive himself for what he had done. He had always let his possessiveness, anger, jealousy and mistrust cloud his judgement and if Dean was in fact attracted to Castiel, he should have known he had it coming. He had been nothing but very abusive towards Dean this past year and his promises to change and get help never happened. And now the worst had happened. He had never deserved Dean's love in the first place. He stayed in his car for a few hours till he finally pulled himself together, he knew what he must do. He started his engine and drove away. </p>\n<p>Dean cried till there're no more tears left to shed. Still lying face up in bed, he felt nothing but yet he felt a million things. He thought he had died inside but then the anger, hatred, sadness, self loathe and all kinds of feelings came rushing through his mind and heart. It's like riding on a roller coaster, slow then fast, slow again and then fast. His body ached all over, he can't seem to lift his body up. Maybe he should just lie there, maybe he could sleep and pretend this never happened, maybe he would die in his sleep. Has anybody died of numbness? He knew some people died of heartbreak. He's not heartbroken though. He's numb. Numb. </p>\n<p>He's dreaming, he's floating in the air and he can feel someone breathing, or was it gasping?...against his forehead?..but it sounded like crying. Wake up now Dean, he told himself in his dream. Wake up...open your eyes. Slowly, his swollen eyes fluttered open and they widen in horror as he saw Michael's crumpled tear stained face looking down at him and he screamed so loud, hitting the man's chest hard repeatedly, prying himself away from that huge body and screamed some more. \"LET ME GO!!\" \"FUCKING LET ME GO!!\" he shouted. \"LET ME GO OR I WILL KILL YOU!!\" with that statement, Michael dropped immediately to his knees bringing Dean down with him. </p>\n<p>Dean scrambled away from his lap and with shaky voice ordered Michael to get out of his sight. Michael cried and begged, \"Please Dean, let me do this just one right thing by you, please.let me take you to the hospital.\" tears streamed down his face. \"THE FUCK!! YOU'VE RUINED ME, RUINED US YOU FUCKER!! I HATE YOU!! I CAN NEVER FORGIVE YOU. THE ONLY GOOD THING YOU CAN DO FOR ME IS TO GET THE FUCK OUT OF MY LIFE!!\" Dean screamed at the top of his lungs. It felt so good. All the pent up emotions out at last and then everything went black.</p>\n  \n      <h3 class=\"landmark heading\" id=\"work\">Chapter Text</h3>\n    <p>Castiel was turning his key of his front door when he heard his cell phone rang inside the house. He has left it at home when he rushed out to jog almost 2 hrs ago. It's almost 1 pm now and he's getting hungry, he thought of making himself some sandwich. He wondered who the caller was as he reached for his phone on the fireplace mantle. It was Michael.</p><p>\"Hey Mike..\" he answered. Silence.\"Mike...? Are you there?..\" Cas asked when Michael didn't say anything. Still silent on the other end but he can hear faint whimpers. Castiel's getting worried so he raised his voice higher...\"Mike, what's going on?\". \"Cas....\" he replied finally, voice breaking. \"Mike, are you alright??\" another seconds of silence, Castiel was about to ask again when Michael blurted \"Cas....it's..it..s Dean...\" he began to sob into the phone. Castiel heart thumped \"Dean?? What's wrong Mike? What's happened?\" he asked dread in his voice. \"He's in the hospital....\" sobbed Michael. \"Which hospital Michael??\" Castiel asked urgently. More sobbing and no reply. Castiel immediately regretted his panicky question that seemed to worsen Michael's state. \"Mike...please tell me which hospital..and are you there with him?\" Cas asked calmly over the phone. He has to, Michael sounded like he's on the verge of a nervous breakdown and he's getting there too if he's not gonna get any answer from his friend about Dean's whereabouts. It worked and with a trembling voice Michael said, \"yes...we're here..... at the Marion General Hospital... emergency..\" \"I'm coming over now\" Castiel ended the call before Michael had the chance to say anything. </p><p>Castiel's drove like a madman. He just hoped no cops on his tail. He needed to get to the hospital fast. He pondered worriedly what had happened to Dean. From the desperation in Michael's voice, it sounded serious. He prayed in his heart that wasn't the case. He prayed that Dean and his friend are going to be okay. He continued to pray to the almighty silently, something he hasn't done in a while. He arrived at hospital finally, find the nearest parking, dashed out of his car and ran to the emergency department. </p><p>Michael was there hunched in his seat with hands on his head. Castiel walked over to him slowly, careful not to alarm his already distraught friend. \"Mike...\" he spoke gently. Michael looked up and the sight of him startled Castiel. His eyes were so red-rimmed, his face so pale, he looked so different from the radiant man he had seen only last night. Castiel crouched down lower to his level and pulled Michael in a hug to offer solace and asked softly, \"....where is he now?\"...Michael pointed to a room where Dean was, three doors down the hallway. He didn't say a word. \"Please...tell me what happened..?\" Castiel asked again. He allowed Michael some time to compose himself and sat next to him. Finally, he began to speak.</p><p>Michael in tears, told him everything. Throughout the horrifying confession, Castiel took deep breaths as his heart palpated furiously, angry tears threatened to flood his eyes. He kept his mouth shut, resentment built rapidly inside of him. He stared at the man in front of him that he called his friend in utter contempt. He could hardly believe what he just heard. His fists clenched and unclenched on his sides. When Michael was almost done, Castiel was already pacing the floor agitatedly, he rubbed his face angrily, he wished he could scream at Michael's face or called the guards or police and have him arrested. </p><p>Michael stood there, deflated, motionless, waiting for Castiel's reactions. Castiel couldn't find words to say. He was beyond anger with Michael and heartbroken for Dean. He was connected to this aftermath, the reason why it happened. He wished he could turn back the time, refused Michael's dinner invitation and Dean will be okay. But then again, how could Michael do this to Dean. It's inhumane. Marching angrily towards Michael, he growled, dangerously low, \"I want you to listen to me. Get help right this instance.  For our friendship sake, I am not going to report you. Your fate lies with Dean now not me. Go fix yourself. I will talk to you later.\" Castiel turned around, dismissed Michael's woeful thank you and walked towards Dean's room.</p><p>Michael felt a heavy burden was relieved from his shoulder. He will get help. He will do this not just for himself but for Dean and Castiel. He has lost their trusts and he vowed to gain them back no matter how long it takes. Walking towards the desk information counter, he asked for the next available appointment for the psychiatrist office.</p>\n  \n      <h3 class=\"landmark heading\" id=\"work\">Chapter Text</h3>\n    <p>Castiel looked through the little transparent window on Dean's door. Dean was awake and staring into space. He was ready to turn the knob when a nurse called out to him and queried his intentions. He told her he was Dean's friend and when she said only family members allowed he quickly added that Dean has no family and that he's an orphan. He asked if Michael gets to see Dean earlier, the nurse just shook her head. She told him to talk to Dean's doctor and get his permission to visit. Castiel agreed to meet the doctor. He got the approval.</p>\n<p>Dean took a quick glance at the opened door and saw Castiel. He quickly averted his gaze away from the man and looked out the window. Castiel expected this. This encounter was far removed from the first time they met last night. How things can change so drastically, in such a short time, he thought sorrowly. Quietly he grabbed the plastic chair in the corner and placed it near Dean's bed.</p>\n<p>He sat down for a few moments looking at Dean who was still looking away. \"I'm sorry Dean...\" he said softly. \"Why are you here....please leave me alone. \" Dean said non-committal. \"I want to be here for you..\" Cas replied. \"I don't need your sympathy\" came his curt reply .\"I know...\" \"The hell you know?\" Dean retorted turned sharply into Castiel. His big beautiful bright green eyes flickered with anger and pain.</p>\n<p>Castiel was taken aback. It pained him to see Dean this way. He wished he could take away all the hurt and suffering Dean has endured. He wished he knew some magic words that could calm Dean's inner turmoil instantly. \"You're right Dean... I don't..\" \"Then leave me be...please.,.I wanna be alone..\" Dean implored, he's on the verge of tears. Castiel quickly got up from his chair, \"Dean....please...please.. don't cry ..I will... I will leave..this room but I will be outside if you needed someone to talk to alright?.\" he pleaded.</p>\n<p>Castiel left the room and he stayed right outside. He won't leave Dean, he can't, he doubted that he ever will. At the same time, Dean's doctor walked into his room to deliver his diagnosis. </p>\n<p>Dean thought it was Castiel coming back, he was ready to hurl harsh words at him, hasn't he suffered enough humiliation that Castiel thinks he has the right to come in here and tried to be his friend? and why was he remorseful about? that look on Castiel's face as, if he understood his pain?! he wasn't the one to cause this, why would he care for a used broken piece of trash like him?</p>\n<p>His doctor's voice interrupted his train of thoughts. He was told that the physical test done on him earlier was normal and there's no cause for alarm, he only prescribed some anti-inflammation medicine for him to take when needed. Dean nodded in understanding and sigh with relief. </p>\n<p>The doctor came closer to him and asked him gently. \"Mr Winchester, if you don't mind me ask you a few questions?\"...Dean slowly shook his head, \"No, sir I don't..\" \"Would you be able to explain to me what actually happened last night? I asked your companion, Michael but he only gave me few vague answers.\" Dean just stared down at his lap, clearly distressed with where this question's leading to. He's ready to close this horrible chapter in his life. </p>\n<p>\"We had a rough coupling last night, that's all doctor\" he reasoned. His doctor gave him a small smile and nodded, he didn't seem convinced with his explanation. Dean returned his smile hoping that the doctor won't pursue this conversation.</p>\n<p>\"Well then, I would advised you to stay at least 2 more days here and then you're good to go home alright?\" \"Yes, doc\". Castiel caught up with the doctor when he left the room asking about Dean's condition and the doctor repeated what he said to Dean that he has to stay a couple more days for observation. </p>\n<p>Castiel refrained himself from entering Dean's room again and only when he saw that Dean's asleep after his meal that he entered quietly and sat at the same white chair. He knew the moment Dean wakes up he's not going to be pleased to see Castiel there. He's willing to take that risk but he will not leave Dean alone. He will call work tomorrow and asked for few days emergency leave.</p>\n<p>Michael got his appointment in 2 weeks, apparently the psychiatrist office fully booked. He saw Castiel sat outside Dean's room just now. He wondered if he too wasn't allowed to visit Dean by the doctor. But why is he still there? Was he trying to give a friendly support to Dean or there's something more? a streak of jealousy went through Michael at that thought. He quickly brushed it off and walked out of the hospital. He really needed a drink.</p>\n  \n      <h3 class=\"landmark heading\" id=\"work\">Chapter Text</h3>\n    <p>Dean had a fitful sleep. He kept tossing and turning every minute. Castiel looked on helplessly, there's nothing he can do. Sometimes Dean whimpered and frowned but yet he looked so innocent and beguiling even in his restless state. His thick dark blonde lash fanned out prettily against his freckled cheeks and his beautiful soft mouth fell open a little. He looked so adorable that Castiel was mesmerized. How could Michael bear to hurt an angel such as this was beyond his comprehension. He can't seem to stop staring, just like last night at dinner. Dean was so shy, it was so endearing but Castiel didn't miss that subtle apprehensive vibe he gave out too. And now he knew why. If only Dean would let him help alleviate his trauma. He will do anything for him but Castiel can wait, however long it takes.</p>\n<p>Castiel wanted to know everything about Dean, his likes and dislikes, his favorite things to do, what makes him happy or sad or angry and if he has any dream that he will like to pursue in the near future. Castiel can see them together, growing old together. He was so preoccupied in his daydreams that he fell asleep with his head rested on his bent arm on Dean's bed. </p>\n<p>Dean woke up with a view of a head full of dark messy hair on the edge of his bed. He realized it was Castiel, in the white chair, sleeping with soft snores. He didn't have the heart to wake the man up. So he just let him sleep longer. His steel heart soften at the sight. Stubborn son of a bitch, he thought, smirking.  He had to put on a mask when Cas wakes up soon. He's not going to go easy with him even though he still felt that strong attraction towards the older man. He learned the hard way with Michael. No more faint hearted and meek Dean for anyone this time. He's going to learn to speak his mind. This incident with Michael has opened up his eyes and made him stronger. He still cannot believe the obscenities he spat on Michael last night. He felt really good but he was never like that before even when he grew up in that tough neighbourhood. Yes he was poor but he wasn't ill-mannered. Michael has brought out the worst in him. </p>\n<p>Castiel sudden loud snore startled him. He resisted the urge to laugh out loud. Biting his lower lip, he closed his eyes again and drifted to sleep almost immediately, peacefully, this time.</p>\n<p>Michael was on his eighth bottle of beer. He was sitting on the sofa in the living room in darkness. He decided to drown his sorrows at home instead of a bar. He couldn't be bothered with that Dont drink and drive shit. He was a pure mess, everywhere in this house reminded him of Dean. Old pictures of them everywhere, Dean's jackets hanging on the rack, his shoes beneath it, his collection of CDs on the shelves and his clothes in the wardrobe. It's driving Michael nuts thinking that he won't ever wanna come home to him again. He smashed the eighth bottle across the room and cried.</p>\n<p>Castiel woke up finally, he was appalled that he fell asleep on Dean's bed. Luckily Dean was still asleep. He looked at his watch, it's almost 6 pm and it was getting dark outside. Visiting hours almost over. He took another long look at Dean sleeping form, silent promise that he will be back tomorrow and went home.</p>\n  \n      <h3 class=\"landmark heading\" id=\"work\">Chapter Text</h3>\n    <p>Dean felt a slight twinge of disappointment when he woke up and not find Castiel there. He ran his hand lightly on the sheet where Cas had lain his head to sleep earlier. A small smile graced his lips, he wondered if he will come visit him again tomorrow. Dean hoped he will. </p>\n<p>He felt a little rueful at his behavior towards Castiel earlier but he can't let his guards down, not yet. He was still wary, Castiel has shown concern and patience, but it's still early to determine what kind of a man he really is. Just look at what happened to him and Michael. They used to be normal and happy. </p>\n<p>The orderly came in to bring his dinner in a tray. She's an older African American older lady. \"Good evenin...!! Glad ya awake! was waitin for ya to wake up boy! don wanna leave cold food while ya sleepin..it's passed ya dinner time!\" she said merrily. Dean smiled widely at her cheery remarks.</p>\n<p> \"Thank you ma'am...\" he replied. \"Ma pleasure boy...now if there's anything else ya need?\" she asked kindly. \"No ma'am, this is fine, thank you again\" he smiled again. \"Okay... Enjoy!!\" she waved and walked out. Dean looked at his dinner tray. He was hungry earlier but not anymore. Taking a deep breath, he started to dig in.</p>\n<p>Castiel reached home, exhausted but contented. At least, Dean's physically okay. He had been so worried. He can't wait to see him again tomorrow and it reminded him to call his co-worker to tell him of his leave request. </p>\n<p>He made that quick call, got undressed and showered. The hot water was marvellous against his skin. He wondered if Dean was awake and if he had his dinner. Hospital food can be nasty sometimes, Castiel made a mental note to bring him a nice nutritious lunch tomorrow. He hoped that Dean will welcome his presence. If not then, it's okay as long he gets to watch over him, even at a distance. </p>\n<p>He wondered what Michael had been up to if he even listened to his advice to get help. He was so enraged with him at the hospital and that he knew he can't just hit Michael without causing a chaos, no matter how much he wanted to. He will talk to him eventually but in the meantime Dean's his priority.</p>\n<p>Michael got into work late the next morning. Already his boss was unhappy about it and immediately got on his case, demanding the reports for the upcoming audit. He had just finished with the budgets and now this? he thought that he can finish his other works that was due before starting on audit. </p>\n<p>His team under him were hard workers but they were incompetent. Too many times he had to correct their mistakes before presenting the final result to his superior. He had busted his ass staying late at the office almost every night but his boss failed to see his dedication instead he kept looking for his mistakes. </p>\n<p>He didn't know why that old man detested him so much. Usually, he welcomed this challenges no matter how taxing but right now he lacked the motivation to push himself. He's exhausted, hungover, sad and hungry and worse of all he felt empty. He missed Dean so much, his heart's breaking. He pressed both hands  on his closed eyes hard to stop the tears from falling. </p>\n<p>He can't let his co workers see him like this plus he has tons of work to do. Pulling himself together he began his tasks monotonously.</p>\n  \n      <h3 class=\"landmark heading\" id=\"work\">Chapter Text</h3>\n    <p>Castiel stood there at the foot of Dean's bed with 2 big brown paper bags in his hand and a backpack slung in his arm. Dean's stare unnerved him but he kept himself calm.<br> \"Why are you here again, Cas?\" Castiel didn't miss that nickname Dean gave, it's a progress, however insignificant. \"I wanted to see if you're feeling better and.....that I brought us lunch, I made them just now\" Cas tread slowly. \"I just had breakfast\" Dean countered. </p>\n<p>It was a statement more than an explanation. Dean knew that he was being testy. He wanted to see how resilient and patient Cas can be. He's not going to take any chances this time. People are always nice and pleasant in the beginning but then later their true colors emerge.</p>\n<p>\"It's okay Dean, we can have this later. I can warm it up in the pantry when you're hungry\" Castiel said with a smile, unperturbed, turning towards the side table and placed the paper bags on top. <br>Castiel was actually hungry but he didn't let on. He hasn't had breakfast since he was busy preparing the 3-course lunch for them this morning but he don't mind waiting. Dean didn't return his smile but his green eyes followed Cas' movements.</p>\n<p> Cas has a beautiful dimpled smile and he looked so good in that cobalt blue button up shirt that truly sets off his eyes. His dark jeans hugged his strong thighs and legs really nice. His face was clean shaven and he smelled really good. Dean's traitorous heart skipped a beat. </p>\n<p>He quickly averted his gaze and pretend to flip through the magazine. \"Thank you but you don't have to be nice to me\" he muttered under his breath. \"No Dean, I don't have to. I wanted to. Do you want to take a walk in the gardens outside?\" Castiel offered gently. \"In this flimsy hospital gown? No way.\" Dean retorted though he was secretly happy that Cas even suggested. He was getting stir crazy in that room. </p>\n<p>Cas laughed lightly and said, \"I actually brought few things for your stay here, if you don't mind that is.\" he placed his backpack on the bed and start to remove the contents one by one. Dean looked on curiously.</p>\n<p> There was a nicely folded pair of t-shirt and sweatpants, a new pair of black with little yellow ducky printed boxers still in its plastic wrap, a blue bath towel with matching face towel, a small bottle of shower gel and shampoo, a new pack of travel toothbrush with toothpaste, floss and a facial wash?.</p>\n<p> He waited for Dean's response once he's done laying these things in front of Dean. </p>\n<p>Dean looked up and look at Castiel, his eyes wide. Is this guy for real? He barely knew Dean and he did all these things even when Dean treated him like shit. If he was flattered, he won't show it. <br>Grudgingly he got out of bed, grabbed the clothes and boxers saying \"Alright, alright...if you insist!\" and went to the bathroom to change. Castiel just smiled, he wasn't offended at all by Dean's behavior. He believed they were making progress towards friendship.</p>\n<p> One baby step at a time.</p>\n  \n      <h3 class=\"landmark heading\" id=\"work\">Chapter Text</h3>\n    <p>Michael worked through lunch, he's glad that his superior left him alone so that he can get more tasks done. Silas, his assistant offered to get him something to eat. He declined politely and went back to work. He was partly relieved for his immense workload now that made him momentarily forgot about Dean. He continued working hard through the night. </p><p>Dean and Castiel sat quietly on the stone bench in the small hospital garden. It wasn't awkward like they thought it would be. Just comfortable silence.</p><p> Castiel finally made the first move, talking about the hospital, the weather, the food he made and Dean listened, nodding and spoke once in a while. When Castiel's done talking, Dean turned to look at him. It went for a whole 20 seconds till he said, \"You took off from work for me?\" Castiel lowered his gaze from Dean and nod. \"How many days?\" he asked again. \"5 days.\" Cas answered softly. Dean was shocked but thanked him. He really didn't know what to say. He was gratified by Cas' kindness again. Cas just smiled. </p><p>\"I'm gonna look for a job.\" Dean said, changing the subject. His heart was beating a mile a minute. \"Where have you worked before?\" Castiel asked. \"I worked at the Cafe Fraicheur downtown as a barista for like 2 years. I quit in January this year.\" Dean replied.</p><p> \"Oh really?! I went there a few times to get my afternoon tea. My office was just 2 blocks away.\" Cas said excitedly. \"How come I've never seen you?\" he continued. \"Maybe because I made coffee in the mornings and you drank tea late afternoon.\" Dean supplied.</p><p>\"Do you plan to go back to the cafe to work?\" Cas asked again. \"Maybe?...I like the owner, he's french. Really cool and funny guy.\" Dean smiled at the memory. Castiel felt a tiny pang of envy coursed through him and quickly shake it off. Dean's opening up to him and he didn't want to spoil that.</p><p>\"That's good...maybe I will come in the morning instead to get my fix?\" asked Cas. \"Or maybe I will work day and night so you can have your fix round the clock!\" Dean added jokingly. \"That works for me too\" Castiel countered readily and as soon as the words came out they just realized that they've been unwittingly flirting with each other. </p><p>Dean quickly got up and said he was getting hungry for that lunch and Castiel hurriedly lead the way. He has 3-course food to warm up! </p><p>The lunch Castiel prepared were delicious. Dean was so glad he opted out the boring and tasteless hospital food for these. The pumpkin soup was creamy yet silky with a touch of spice and fresh creme. Main course was lightly seasoned grilled wild salmon fillet that was juicy and succulent accompanied by a melody of mixed red and green salad. And for dessert, they had moist carrot and walnut cake with a sliver of light cream cheese on top. Dean thought he had died and gone to heaven. </p><p>\"God Cas!! What time you start cooking this morning?!\" Dean asked in amazement. Cas laughed and said \"At around 10ish am. I made the cake first so... I had time to make the rest. Did you enjoy your lunch?\" \"You're fishing for compliment Cas!!\" Dean teased. \"NO!! It was a genuine question, I swear\" Cas laughed defending himself, he blushed furiously. </p><p>Dean wanted so much to grab that beautiful face and kiss him. He withhold his desire and smiled warmly at Cas. \"I enjoyed them very much Cas.Thank you for taking the time making it for us. They were truly delicious.</p><p>\"It's been a pleasure, Dean. Thank you too for being a great company.\" Castiel replied warmly.</p>\n  \n      <h3 class=\"landmark heading\" id=\"work\">Chapter Text</h3>\n    <p>That night before Castiel was ready to leave, Dean's phone beeped from a text message signal. He realized he has a missed call from Michael followed by a voice message. \"It's from Michael..\" Dean said faintly looking at Castiel, he continued \"He called earlier, I didn't notice. He left a voice message.\" \"Do you want to listen to it?\" Cas asked gently. Dean stared at his phone. \"I will wait outside if you need me okay?\" Castiel offered. Dean nodded. He had such a nice time today and now his spirit plummeted instantly when he listened to Michael's wretched voice.</p>\n<p>\"Dean...how you've been...? Are you resting? sorry if I disturbed you....I hoped you've healed\"... \" I'm so sorry Dean...so sorry..\"*sobs* \"I wish I could take away all the pain I caused you...\"I don't deserve you Deeeean\" \"God I missed you so.. so.. much...so much...baby..\"*sobs* \"I know you're not ready to see me but will you ever forgive me, Dean.?.? I can't...I just can't handle it if you don't.\" *sobs* \"You mean so much to me... so much....more than my own life..\" *sobs* \"please...please...Dean...please forgive me....\"I'm nothing without you....I love you..so so much...\"</p>\n<p>Images of the rape incident invaded his mind.</p>\n<p>Dean dropped the phone in his lap. His hands flew to his opened mouth. Unwarranted tears trickled down his face. He thought he has survived this. Immune from Michael's constant remorse at last. What's the matter with him??!! Why did he still let Michael have a hold on him?!! </p>\n<p>\"Cas!!!! Cassss!!!!!!\" He shouted in distress. \"Castiel!!!!\" Cas dashed into the room hurriedly, he saw a grief-stricken Dean, he quickly climbed onto the bed and pulled him into a strong protective hug. Dean cried and cried \"Fucking Michael Cas...!!!fucking Michael...!!\"....he wailed into Castiel's shoulder. Castiel rocked him in his lap and hushed him with soothing words. \"I'm here Dean...I'm here...I'm not leaving you....\" Castiel gently stroke Dean's hair. They stayed that way till Dean calmed down and his cries subdued. </p>\n<p>Castiel laid Dean's body down. Dean hasn't let go of the embrace. Castiel let him. He lay down close to him and wiped away Dean's tears. He wondered what Michael had said to upset Dean so much. He leaned forward and kissed the top of Dean's head. \"Sleep Dean.... I won't leave you\"... ever, he added to himself.</p>\n  \n      <h3 class=\"landmark heading\" id=\"work\">Chapter Text</h3>\n    <p>Michael sat alone in the darkness of his office with the only source of light coming from his computer screen. He has stopped working hours ago before he left that voice message in Dean's phone. He didn't get any reply or call back from Dean.  He suspected Castiel was there with him. His own friend who was smitten with his lover. Michael can't afford to let that happen because he will lose Dean totally if Castiel managed to win his heart. Maybe he already did. Michael was done crying, it's time to take actions.</p>\n<p>Dean's heart bloomed when Castiel kissed his head. Swiftly, he turned his whole body on top of Castiel and gazed down at him. His eyes searched Castiel's face all over. \"Dean...\" Cas gasped. He was caught by surprise with Dean's sudden movement. \"Cas.....\" Dean whispered breathily. Their clothed bodies pressed together pleasurably. It felt so right. He lowered his eyes slowly to stare longingly at Cas' mouth and then back to his blue eyes as if asking for permission. Cas knew what Dean want but he won't give it to him because Dean's still overwrought. Dean's not in his full capacity of his actions. His resolved almost faltered when Dean's beautiful gaze lowered to his lips again. It took Cas an enormous amount of self-control to stop his mouth from chasing Dean's plump lips. </p>\n<p>Quickly, he grabbed Dean's face with both hands, fingers stroking his cheeks and whispered gently, \"No Dean....we can't...not like this....\" Dean's eyes welled rapidly with angry tears at the subtle rejection. He jerked his body away from Castiel and turned away from him. Castiel was jolted a second time. Dean has misunderstood his concern for rejection. \"Dean.....please, please hear me out...\" Cas pleaded, his hand pulling Dean's body to face him. Dean pulled away from Cas' grasp and muttered lowly, \"Please Cas...just go home\" \"No! Not until you hear me out Dean...! please come on..just listen to me..\" Cas left with no choice but to turn and trapped Dean's body with his weight. He grabbed Dean's face again with his hands, his fingers wiping away at his tears. \"Listen....\" he spoke softly looking deep into Dean's teary eyes. \"I cared so much about you and I wanted nothing more than to kiss you senseless...but I wanted us to do it without Michael's after effect. Do you understand?..\" Dean nodded understandingly. His mouth tugged slowly at the corners and then it turned to a full smile and then a boisterous laughter. \"What's so funny?.!!!.\" Cas demanded but he can't help but laugh along. \"That's a totally strange kind of observation Cas!! After effect??!! really?..\" Dean taunted playfully and with that Cas tickled and wrestled him mercilessly. Dean screamed in agony that might wake up the entire ward. Cas quickly clamped his hand over Dean's mouth. Giggling at Dean's muffled protest, he said, \"we have to stop Dean and get some sleep alright?...it's late. I don't want the nurses to kick my ass out..\" Dean smiled and nod in agreement and Cas let go of his hand slowly from his mouth. He tilted his head and kissed Dean's forehead.</p>\n<p>Turning them around, Cas pulled Dean's back towards him and hugged him close from behind. He's the bigger spoon, he smiled contentedly. This by far the happiest day of his life and he hoped that it's Dean's too. They fell asleep immediately.</p>\n  \n      <h3 class=\"landmark heading\" id=\"work\">Chapter Text</h3>\n    <p>Castiel's sleep was interrupted by the incessant vibration of his phone in the back pocket of his jeans. He took it out and squinted at the bright light from the phone wondering who's the caller. It was past midnight and it was Michael. </p>\n<p>He got up and walked quietly to the bathroom, took a quick glance at Dean and was relieved that he's fast asleep. Closing the door, he answered the phone. \"Yes, Michael?\" his low gruffed voice echoed in the tiny bathroom.\"Look Cas, I know you're with Dean right now and I'm glad that he has someone to talk to..\" Michael said straight off. Castiel did a double take at his comments. Michael okay with him being here with Dean? He closed his thoughts and said \"He was very upset just now. He didn't tell me actually what has happened. All I know was that he was hysterical after listening to your voicemail. What happened Michael? What did you say to upset him like that?\" Michael simmered listening to Castiel's accusations but he fought to keep his temper down promptly. He has no choice but to play into Cas' hands for awhile in order to achieve his goals later. It loathed him immensely.</p>\n<p>\"I was asking him for forgiveness.\" and that's the truth, ROMEO!!, added Michael to himself, sneering, even though Castiel couldn't see his face. \"Are you telling the truth?\" asked Cas unconvinced. Michael expected that. \"Why don't you ask him?\". Cas was quiet for a bit. \"I will when he wakes up later.\" They must be sleeping together then, Michael thought bitterly. \"By the way, why did you call?\" Cas queried. To confirm my suspicion ROMEO. He wished he spat at his friend/rival but instead, \"I just needed to talk to you but I can see it's inconvenient now. Maybe if you're free tomorrow evening, we could meet? I really need to talk to you, you're my closest friend Cas, if you're willing and I did set an appointment with the doctor but it's 2 weeks away. I don't know who to turn to in the meantime.\" he said solemnly hoping that Castiel believed him.</p>\n<p>After a moment of hesitation, Cas agreed but he said he needed to settle Dean's discharge from the hospital tomorrow. \"Is he coming back with you?\" Michael asked curiously. \"I will ask Dean and let him decide for himself, Michael.\" Cas supplied. Michael already knew his lover's decision and his heart hurt at that realisation. He has to be optimistic. Dean's not his ex yet in his mind so there's still hope. </p>\n<p>\"Where are you by the way?\" Cas asked. \"Still at the office, I've been working.\" and plotting revenge. \"Go home Michael, get some rest. I will see you tomorrow. Let's meet at our usual place at 8 pm? Alright with you?\" \"Yeah, sure Cas. See you.\" Michael ended the call first. It's only starting and it grated on him.</p>\n<p> He didn't know how long he's gonna play along in this charade. Patience has never been his virtue. That was Castiel's. Hoped the bugger waited long enough for Dean that he can make his move fast!!. He's tired of being without Dean in his life. It's unnatural for him.</p>\n  \n      <h3 class=\"landmark heading\" id=\"work\">Chapter Text</h3>\n    <p>Castiel was surprised to see Dean sitting up in bed. He strides quickly to the small bed and pulled Dean into his arms. \"Are you okay?\" he asked. \"I thought you left.\"  Dean said anxiously against Cas' shoulder. \"No ...no...,\" Cas said softly pulled Dean's body gently away to face him. \"I told you I would stay...remember?..\" he smiled assuredly at Dean. \"I was using the bathroom.\" he can't tell Dean about Michael's call in case he gets upset again. Dean held Cas' close again. \"Okay...\" he said softly. </p>\n<p>\"Dean....?\"... I need to ask you something. Promise me you won't get upset okay?\"...Cas asked slowly. Dean pulled away this time and looked at Cas. \"What is it Cas? I promise I won't..\" \"You sure?\" Cas asked again. \"Yeah...I'm feeling much better now...maybe cause you're near me.?..I don't know how to explain it...it's like you just exude peace and tranquility or something.\" he smiled shyly. Cas' heart skipped a beat at the adoration in Dean's face. \"Thank you, Dean...I felt the same way too...being near you made me very happy...\" Cas replied warmly and smiled.</p>\n<p>\"Your question....Cas..?\" Dean reminded him softly when Cas kept his gaze and not said anything. \"I'm sorry...that's rude of me, staring I mean...\" Cas blushed furiously at his behavior. \"You're not rude Cas...I know it's hard not to stare at this face sometimes...\" Dean said jokingly so that Castiel won't feel too awkward. \"That so huh?\" Cas countered, smiling. \"Come on Cas...what's the question?!!!\" Dean asked impatiently. \"Be patient, beautiful one..\" Cas chided, caressing Dean's cheek with his thumb. He took a deep breath and continued gently \"Are you going to press charges against him?\" Dean shook his head and said no. Cas didn't press further. \"Okay...and I guess you're not going back to his place either then?.\" Again, Dean shook his head and then looked at Cas forlornly and said, \"Can I stay with you for awhile Cas? I will find a job and pay you rent and then find my own place as soon as I've enough money. I promise!\" Cas looked at him with big, gummy smile on his face. \"I was about to asked you if you'd like to stay with me too Dean! I have a guest bedroom. Nevermind the rent, I want you to stay as long as you want!\" or forever...he added to himself. \"Of course, I'm going to pay you the rent Cas, no questions about it.\" Dean pulled Cas into an embrace and whispered thank you in his ear. Cas shivered slightly at the contact. </p>\n<p>Dean was so relieved after the discharged, he missed the air outside so much and after Cas asked if there are any of his belongings he needed to get from Michael's place, he said no. Cas suggested they went clothes shopping for Dean. He told Cas okay but it has to be a loan. Cas vehemently refused but Dean was more stubborn. He threatened to not take up on Cas' offer to stay in his house if Cas' won't accept his payment later. At last, Cas relented. They had such a wonderful time, clothes shopping, having lunch, grocery shopping and it's so domestic but Cas felt so comfortable in it. He wondered why he waited so long but then he knew he won't feel like this if it wasn't with Dean. </p>\n<p>They got to Cas house at around 6 pm. Cas quickly get the guest bedroom ready for Dean while Dean went to the laundry to wash his new clothes. While he was straightening the bedsheet, Michael called him. Shit. He just remembered their meeting later on. He procrastinated to tell Dean about it. He thought he'd better of Dean won't trust him ever. He was so caught up with his thoughts that he didn't realized that Dean was standing there at the door looking at him. A deep frown on his face.</p>\n  \n      <h3 class=\"landmark heading\" id=\"work\">Chapter Text</h3>\n    <p>Cas froze. The phone in his hand kept ringing. Dean was looking at him expectantly and when he realised Cas still not moving he asked the man. \"Are you going to answer that?\" Cas knew he had to or Michael will keep on calling. He knew how persistent his friend can be. \"Yeah, I am. I will be with you in a few okay?\" Cas replied. \"Okay, I'll go take a shower first then. \" Dean said, knowing that his presence not needed there and walked away down the hall to the bathroom. He wondered who was that calling Castiel? and why he seemed secretive? It made Dean curious. Was that call important? If yes, why didn't Cas answer immediately? Cas looked lost just now. Was that someone special? If yes, then why is Dean here? Won't it cause problems? But how can Castiel already has someone special when he made Dean feel very special in just 4 days? </p>\n<p>Maybe Castiel practice polyamory. Few of Michael's friends did. </p>\n<p>He stopped himself from speculating. It's not his place to judge Castiel. This is his house, he's free to do whatever he wishes and he was kind enough to let Dean stay there for awhile. Dean tried to pacify his restless heart burdened with jealousy and insecurity. He quickly turned on the shower and washed his body furiously. </p>\n<p>In the other room Castiel was talking softly into the phone, Michael told him to. He told Castiel not to tell Dean that he called. \"I won't wanna lie to him, Michael.\" Cas said. \"Come on Castiel. He won't like it if he knew that you're going to meet me!\" Michael reasoned. \"But he won't like it more if he was lied to!\" Cas replied harshly. \"Look Cas, you don't know him as well as I do. Dean won't interfere in other people business and if you said you're meeting someone he won't ask you who because he's classy like that.\" explained Michael exasperatedly. \"Why are you so afraid if he knew we're still talking, Michael?...he's the victim here, not you..\" Cas bit his tongue. He knew that was harsh. Michael clearly needed his help and if he can do just this small thing why not? He will face the consequences later when Dean finds out. Michael cringed at Castiel's remark but he has to remain focus and decided to change his tactics.</p>\n<p>\"You know what Castiel, it's okay and you're right. Dean needs you more than I do. I will help myself the only way I knew.\" Michael ended the call. SHIT. Castiel dialled Michael's number and he answered at the first ring. \"Meet me there now Michael and don't be late!\" he hung up before Michael could reply.</p>\n<p>Castiel left a note for Dean saying that he has to meet a troubled friend for a bit. Promised to be back soon with food and that Dean to make himself at home.</p>\n<p>Dean came out of the shower to an empty house. He saw the note, read it and threw it away. He didn't feel good about this. He wished that Castiel could at least be casual about it and tell him who and where his going so that Dean don't feel like shit. He's not gonna ask till Cas tell him first. He knew that this good thing going on between them is too good to be true. His heart sank. He's at Castiel's mercy, he has nowhere else to go. He has no money to speak of. He has no choice but to swallow his pride whatever's left of it. He's determined to get his life in order and get out of Castiel's for good.</p>\n<p>He went in the guest bedroom that Castiel prepared and forced himself to sleep with a lump in his throat.</p>\n  \n      <h3 class=\"landmark heading\" id=\"work\">Chapter Text</h3>\n    <p>Michael saw Cas' black Audi left the house. It has started to drizzle. He has been waiting for Cas' departure at a considerable distance, out of Cas' view. He has been contemplating whether to go through with this new plan. He had done a quick research on how to carry out this scenario. His initial plan was to win both their trust and Dean's love back like any normal boring person would do. But he has no patience nor faith in that game plan. The more Cas' in Dean's life, the slimmer his chances will be in attaining his lover back. No, he has to do this, he's Michael, and he gets what he wants. His possessiveness now outweighed his remorse for what he had done to Dean. He waited for a few minutes and then drove his car to the front of the house. He got out and leave the passenger door opened. Pulling his hoodie lower over his face, he walked towards the door in long strides. He opted to ring the doorbell instead of breaking in. Castiel might have the alarm set.</p>\n<p>Dean heard the door bell rang, he thought it was Castiel coming back for something because he heard his car pulled up.  He went downstairs and opened the door and found out too late that it was Michael. Everything was happening so fast. He was slamming the door, Michael caught it and pushed it back in. Michael pounced on him till they both landed on the floor in a thud, Dean trapped beneath the bigger man. He's determined to fight back this time but just when he thought he had the chance, Michael hurriedly covered his mouth with a chloroformed soaked rag, clamped it harder when Dean gave a muffled groan. He waited for a good 5 minutes to render Dean unconscious before removing the cloth. Calming his nerves, he quickly propped Dean's head up with the a small cushion from the couch, checking his mouth to make sure that his tongue didn't obstruct the airway. He was relieved that there's no neighbor opposite or near Castiel's home to witness this incident. He got up and locked the door, he's not taking chances as the rain has begun to pour. </p>\n<p>Michael then looked for Dean's phone and wallet. He found them on the side table in the bedroom upstairs and went back down. Satisfied that Dean's still comatose, he took his own handphone and texted Cas' saying that he's running late because of the heavy rain and traffic and most probably be there in an hour. Okay, drive carefully, Cas replied. Next he grabbed Dean's shoes and jacket on the stand and stuffed them in his backpack. He unlocked the door opening it wide. Carefully, he carried Dean in his arms, making sure his head rested on his shoulder and walked out towards his. slowly he sat Dean in the passenger seat making sure that his body upright and his head rested on the window.</p>\n<p>Michael went back inside the house, making sure the place was in order. He went upstairs to straightened the bedsheet that Dean slept on, this detail's crucial to Michael. Satisfied that everything seemed to be normal, no visible shoeprint on the floor, he took a sanitized napkin and wiped off his fingerprints on the doorknob. So much for research, he has forgotten to put on the gloves!</p>\n<p>He then shut the door behind him, rushed to his car and drove fast towards the remote side of town.</p>\n  \n      <h3 class=\"landmark heading\" id=\"work\">Chapter Text</h3>\n    <p>Castiel sighed tiredly, the rain was getting heavier and the traffic was getting slower. He hoped both Michael and himself get there early so that he can go home earlier to Dean. Castiel missed him so much, the doubt on Dean's face earlier left him disturbed. He wanted to give him a call but Castiel was afraid he might ask him who he's seeing and he can't answer that. He's so screwed. Darn Michael. Cas looked at his watch, he's been driving for almost 30 minutes now and still halfway to his destination. </p>\n<p>Resting his left elbow at the edge of the window with his hand in his head, he berated himself for not saying no to Michael and stayed home with Dean instead. They were looking forward to spending time together watching movies and eating dinner at home till Michael called to remind him. </p>\n<p>Frustrated, he smacked the wheel hard with both hands.</p>\n<p>Michael arrived at the secluded motel in less than half an hour as there's not much traffic and that he drove like lightning. He needed to settle Dean before he regains consciousness which pretty soon and get to Castiel as soon as possible. Driving past the motel's office, he saw that the manager was busy watching tv. Most of the rooms were empty and that to Michael a good thing because no nosy neighbors. He parked his car right in front of his room and quickly got out and ran to the door. He opened it wide enough and ran back to the car to get Dean in the unrelenting rain.</p>\n<p>Once inside, he set Dean in the middle of the bed. Michael then tied a thick and long piece of cloth around his head to gag his mouth. He took two similar cloth and tied up both of Dean's wrists tightly at the back and then his ankles. He then propped Dean's upper body upright against the headboard with his legs stretched out. Sitting on his heels, he looked at Dean and his heart ached. </p>\n<p>He held Dean's face in his hands, kissed his forehead and whispered sadly \"I'm so sorry Deannn...I have to do this, there's no other way, I can't lose you to him, I can't....\" shaking his head while tears falling down his face, he continued, \"I will be back soon my love, I promise.\"</p>\n<p>Castiel arrived at the bar finally and the rain still hasn't let up. He went inside and saw Joe the owner behind the counter who greeted him cheerily. \"Hey Joe!..\" Cas greeted him back with a smile back while walking towards the bar. \"Man....I've not seen you in a long while...!! How are ya?\" Joe asked while pulling a draft of beer into a glass for the customer next to Castiel. </p>\n<p>Cas smiled. \"Yeah it's been awhile and I'm doing okay thank you. You? How's business?\" The pub was quite busy. It's been years since he last frequent the place with Michael. They've been going there since their college years and Joe's uncle ran it at that time. </p>\n<p>\"You really wanna hear about that business shit.??!!.haha..Kidding...we're doing okay kid thanks!....Where's your twin by the way?!!\" asked Joe laughing. Cas just shook his head smiling in amusement. <br>Many people thought that he and Michael were brothers. They shared the same built, dark hair, fair skin and blue eyes though Cas has electric blue and Michael's sapphire. </p>\n<p>\"Mike's on the way here, got caught up in traffic and the weather\" Cas replied sighing. He really wished that Michael will arrive soon. His body may be there but his heart and mind at home with Dean.<br>\"Yeah the heavy rain's unexpected today, kind of like an omen, ya think?\" Joe asked curiously. Castiel heart stilled at his words and his blood froze momentarily.</p>\n<p>\"You okay buddy?\" Joe asked with concern. Castiel quickly said yes and asked for a beer. Joe turned and got him his usual. \"I'm going to get more beer and ice at the back if ya need anything just ask Reese. Hey Reese!!\" Joe shouted at his staff at the other end of the bar. \"Keep the tab open for Cas here and his friend Mike. The bill's on me!\" Cas thanked him graciously and find a seat at the table. </p>\n<p>He really, REALLY wished that Michael turns up soon.</p>\n  \n      <h3 class=\"landmark heading\" id=\"work\">Chapter Text</h3>\n    <p>Michael drove as fast as he can, his tears were still running down his face. He hated himself for what he's done to Dean but it's the only way to get him from Castiel fast. Wiping away his tears, he stepped on the accelerator harder. He needed to get there fast and come back for Dean faster. Little did he know that Castiel was wishing for the same thing.</p>\n<p>Castiel tapped his fingers impatiently against his beer mug. He looked at his watch, it's almost 8.45pm. Where the fucking hell is he? he thought. Patience running low within Castiel. He was surprised by his sudden lack of tolerance. He gulped his beer in one go and was about to call out the waiter for another when Michael paced rapidly towards his table. He was totally drenched and Cas wondered what has happened to him. Surely that short walk from the parking lot to the pub couldn't have done that? Plus the rain has subsided the last time he checked. </p>\n<p>\"You're soaking wet!\" Cas exclaimed. \"Well, yeah, it was raining heavily so..\" Michael tried to reason. \"It stopped Michael. Whatever.\" waving his hand in dismissal, Cas continued,\"Come on let's get you a drink so we can start\" \"Geez Cas, why are you in such a hurry?\" he could've asked himself the same thing. He couldn't wait to get back to Dean and..... Cas? go back to nothing. Satisfaction spread within him and immediately the nervousness he felt earlier dissipated with this epiphany. He smiled discreetly and took a seat opposite his rival. </p>\n<p>\"Sorry, I was just worried about Dean alone at home and that he didn't know our meeting. It made me feel worse\" Cas confessed. Well, you don't have to worry about that anymore. If only I could skip this stupid fake meeting and get back to my beloved, thought Michael. Putting his mask back on he said, \"It's alright, I would've felt the same but you do understand the need for this secrecy right? I mean, really, what would Dean think if he knew you're still okay with our friendship??\" \"I AM NOT OKAY with our friendship now Michael, I'm doing this because you needed to talk to someone and I was your closest friend\" Cas gritted. \"WAS Castiel?\" asked Michael in a low voice. </p>\n<p>\"Shit, I'm sorry. Let's start over. How have you been these past days Michael?\" Cas asked nicely. \"Geez ...!! you sounded like a psychiatrist. You should charge me by the hour.\" Michael said mockingly. Castiel lost it. He grabbed Michael's front hoodie with both hands and yanked him forward till his face was mere inches away. Cas bared his teeth and started lashing at Michael. \"IS THIS FUNNY TO YOU??!! YOU FUCKING THINK THAT YOU'RE FUNNY???!! DO YOU THINK I ENJOY SITTING HERE WITH YOU KNOWING WHAT YOU'VE DONE TO DEAN???!! YOU FUCKING PIECE OF SHIT!!??!!  I RESTRAINED MYSELF FROM PUNCHING YOUR FACE AT THE HOSPITAL BUT WE'RE NOT THERE NOW ARE WE??!! OR SHALL I REMIND YOU ABOUT THE  LAST TIME I KICKED YOUR ASS???!!!! Michael was visibly shaken at the memory. They will always remember that incident during their first year in college. They weren't friends then. Castiel went berserk when Michael thought it was funny to spike his drink with ecstasy. Luckily for Cas, he was forewarned by his friend. He threw the spiked drink on Michael's face and beat him to a pulp. It took a few guys to restrain Castiel. Michael thought he could've died that night if they failed to stop the unassuming quiet man. Soon after he apologized profusely to Castiel and promised to change his way and be nicer. Castiel accepted and they became close friends ever since.</p>\n<p>The loud voices around them grew silent till the sound of hard rock music can be heard clearly in the background. They had both attracted unwanted audience into their show. </p>\n<p>Castiel let go of his grip on Michael with force when he saw Michael paled at his threats. \"I'm leaving. You think about what you've done and do something about it. I'm done being your friend.\"</p>\n<p>Castiel walked out to his car while calming his anger. Any longer with Michael in there will only result in mayhem. He cannot wait to get home to Dean and hold him in his arms.</p>\n<p>Michael sat there speechless. He didn't know how to make out this feeling inside of him. Castiel, his close friend for eleven years and rival for 4 days had given up on him. He thought he should be happy now that he's guilt-free without Cas constant kindness in his face but instead he felt empty, so empty. He quickly shook it off. He has no time to shed a tear. He still has his plan to carry out. He couldn't fail.</p>\n  \n      <h3 class=\"landmark heading\" id=\"work\">Chapter Text</h3>\n    <p>A few minutes after Michael left the motel room, Dean slowly regained consciousness. His head and eyelids felt so heavy as if he's been sleeping for days. He tried moving his legs but numbness, followed by sharp tinglings crept through his lower extremities. His mouth twisted in agony at the painful sensations. Suddenly, his eyes shot up in terror with the realization that he was bound and gagged. Recollection of what had happened at Castiel's house came rushing through his head. Michael has attacked him again and left him tied up unconscious and alone in this pitched darkness. With increasing fear, he screamed violently through the cloth gag, hot tears began to well his eyes. Panicked, he jerked wildly to be set free from the restraints. It was a futile attempt. The cloth that bind his hands and feet were unyielding. He kept on struggling relentlessly till his body weaken with exhaustion. Dean wailed in agony and in his despondent, he welcomes death to this endless suffering.</p>\n  \n      <h3 class=\"landmark heading\" id=\"work\">Chapter Text</h3>\n    <p>Joe asked Michael what the hell happened. Michael ignored the other guy and walked out after Castiel. He watched as Cas drove away and then pulled out Dean's phone and texted Castiel. This has got to be the hardest task for Michael to pull through. The loathness came back ten times fold leaving a bad taste in his mouth.</p>\n<p>Dear Cas, it's me Dean. I have been thinking about starting a new life on my own. Thank you so much for everything. Words cannot express my heartfelt gratitude towards your unwavering kindness and generosity. I will always treasure our friendship but I can't impose on you more than I already did. I'm leaving Castiel, please don't try to look for me okay? I will be fine. Your front door wasn't lock as I can't find the keys, sorry. Please take good care of yourself Castiel. Bye.</p>\n<p>There. That should do it, it sounded real enough. Good riddance Castiel, thought Michael. Putting back Dean's phone in his pocket, he drove quickly back to the motel. He has a boyfriend to attend to. </p>\n<p>The rain has finally stopped, leaving the air outside nice and cool. Castiel wind down his windows, cherished the air in his face. Wondering what Dean's up to and reached for his phone in his jacket on the passenger seat. He decided to call home and tell him about his meeting with Michael, something he should've done earlier. He hated secrets as much as he hated men like Michael. Looking at his phone, he saw a message from an Unknown number. He opened up the little envelope and read. Castiel's world came crashing down. </p>\n<p>It's been an hour since Dean's emotional outburst. Half of those time spent on lamenting on his fate and the other planning an escape. Michael left long enough for him to pull himself together, pun not intended. Michael plans didn't break him. This sequel he created has strengthend Dean's resolved. He's going to escape  or he'll die trying. His beloved Castiel was constantly on his mind too. Will Cas wonder where he was? Will he worry and ran to look for him? Will he missed him? Sadness overcame him again when he remembered that Cas was out meeting someone and he perhaps could not have known or could care less. Dean hoped that he's wrong and that Castiel truly cared enough about him to search for him. Dean missed and needed him so much now that his tears threatened to fall again. </p>\n<p>Suddenly, he heard a car pulled up outside, it's lights illuminated the room through the flimsy curtains at the window. He could make out a few things in his surroundings. He saw his jacket on the chair and also his sneakers underneath. A big backpack on ground near the door. He braced himself for Michael's appearance. The door opened, Michael came in and saw Dean's eyes staring at him. \"You're up..\" Michael said gently. Dean just stared at him. I wasn't asleep, I was knocked out, you monster, Dean's mind spite back. \"I'm glad you're alright Dean.\" Sure you do. A dead body will be a hell lot of inconvenience to your evil scheme, his mind added. \"I can't untie you yet my love until we have an understanding, alright?\" How romantic, he thought. Disdain filled his heart when he heard Michael's voice. He wished he could stop talking and removed his gag at least. His mouth dried horribly from being left opened for so long.</p>\n  \n      <h3 class=\"landmark heading\" id=\"work\">Chapter Text</h3>\n    <p>No..no..no...no!!! This can't be happening!! His heart felt constricted suddenly and his breathing jagged. Pulling his hair, Castiel looked at the time it was sent. It's only like 5 minutes ago. If Dean just left he might catch him on the streets in his neighbourhood. </p>\n<p>He quickly dialled Dean's number but it was turned off. Castiel left him a panicky voice message and his heartbeat drummed loudly in his ears. <br>\"Dean!...Where are you??!! Please come back to the house!! Please!! I went to meet Michael, Dean!! I'm so sorry if I didn't tell you earlier, he told me not too!! Please, Dean!! Please call me back!!\" He stepped on the pedal and raced home, his mind whirled like crazy as he blamed himself for Dean's departure. </p>\n<p>His eyes combed the streets left and right hoping to find Dean anywhere. He can't lose Dean, he needed him like he needed air. I love you, Dean! I need you!! Please don't walk away!! please, please, please come back...please..oh God please..please Dean come back!! he repeated over and over again to himself.</p>\n<p>His car barely stopped when he jumped out of it, leaving his car door open and dashed into his house. He needed to find Dean, he must find Dean. He prayed he's still in the house. </p>\n<p>He cried out Dean's name aloud, his emotions running high with expectations but Dean's still nowhere to be found. He's not upstairs, nor in the untouched guest bedroom. Castiel dashed downstairs, almost trip on his couch, to his kitchen and backyard and he wasn't there neither. Castiel ran back inside the house. He shouted Dean's name in agony with his hands in his head and tears in his eyes.</p>\n<p>He noticed that Deans' jacket and shoes are missing and he ran back to his car and drove away. He dialled Dean's number again and it went straight to voice message again. Groaning in frustration, he left him a heart-wrenching messages. Cas felt like losing his mind as he circled most of the streets in tears searching for Dean.</p>\n<p>Meanwhile at the motel, Michael fed Dean water using a straw. At first, Dean refused but he's almost dehydrated and Michael forced him to drink giving the same reason. It's not easy to do so with the gag in his mouth but he managed to finish it up. \"That's my good boy..\" Michael praised. Dean rolled his eyes. </p>\n<p>Michael found this new development in Dean interesting. Dean was starting to get feisty and it turned Michael on. He went to get his backpack on the ground and took out a gun and placed it on the desk.</p>\n<p>Dean's eyes widen in horror at the revolver and quickly scrambled backwards to the far end of the bed away from Michael. </p>\n<p>Michael saw Dean's stunned expression and laughed lowly, \"Oh sweetheart, I'm not going to hurt you. Just for safeguard, you will never know when you need it\" he gave a knowing wink at Dean. </p>\n<p>\"I'm going to take a shower now okay sweetheart and then....we talk...ahhhh... I wished you could join me, baby. It's been so long...\" Dean shot a sharp gaze at Michael. Has he forgotten about the rape already? </p>\n<p>And with a sinking realisation, Dean knew that Michael will use the gun against him for his own satisfaction. The bile rises in his throat but he can't make himself puke without choking on it again due to the gag. </p>\n<p>Closing his eyes tight, Dean prayed for Castiel to rescue him.</p>\n  \n      <h3 class=\"landmark heading\" id=\"work\">Chapter Text</h3>\n    <p>It was almost dawn that Castiel finally gave up the search for Dean and went home. Too overwhelmed with sadness, he wept inconsolably at the kitchen table. This was his first heartbreak and it felt like the world has just ended. Why did Dean have to leave....? Why can't he tell him in person? Were Castiel's feelings for him not worthy of consideration? He thought they were happy, Castiel was willing to give him everything especially his unparalleled devotion. There's nothing in this world he won't do for Dean but Dean don't want to have anything to do with Castiel anymore. He was told not to look for him and it stabbed Castiel right through his heart. The pain that Dean caused him will forever etch in his mind. He got up and start destroying things around in the kitchen, lashing out his anger and frustrations. If he knew heartbreak would feel like this, he won't allow himself to fall in love so hard for Dean.</p><p>Michael came out of the shower stark naked. Dean turned to look the other way but it's too late. Michael approached him with his lubed hard cock in his hand and climbed onto the bed sitting on his heels facing Dean. Dean's heart was beating erratically, his eyes were wide opened in fear. Is Michael going to rape him again???!! He jolted when Michael reached for his jeans and boxers in one go down to his ankle. Dean screamed in protest, shaking his head fiercely saying No...no!! please!!!! but his pitiful pleas for mercy fell on deaf ears. \"I was stroking myself hard in the shower but I can't get off baby...I think my cock missed being buried inside your tight hole, Dean..\" said Michael lewdly stroking his rigid cock, rolling it's foreskin over it's head over and over again till it oozed pre cum.</p><p>Dean watched Michael with trepidation. He's afraid of what will come next. It's going to be another force fuck by the look of it and he groaned again in anguished. \"shhh....shhh.my love... I'm not going to repeat ....uhh the same mistake again......unghh..... Now that you're mine again...ahhhh...we have all the time in the world baby\" Michael moaned in ecstasy.  He then pushed Dean forward against the headboard. Dean squirmed as his body almost folded into half when Michael pulled up his tied legs up and pushed them towards Dean's face so that his puckering hole came in view. \"Oh God..Dean...how I missed your fucking tight hole baby....\" Michael croaked as he start masturbating using his right hand and the left pushing Dean's legs forward to it's owner.</p><p>Dean's upper body almost slid down when Michael pushed Dean's legs forward further while tugging at his own cock furiously. His mouth slackened moaning..\"FUCK!!! FUCK Dean!! Fuck GOD YES!!!! GONNA FUCK YOU GOOD BABY....!!!\" bringing his angry cock closer to Dean's hole as he began to ejaculate. His cum was all over Dean's tilted ass that left him feeling much dirtier than the rape. Dean knew it's just a matter of time till Michael lose his restraint and rape him again.</p>\n  ","summary":""},"summary":"Castiel and Dean fell in love at first sight but Dean was already in an abusive relationship with Michael, Castiel's old friend. Dean had been trying to save their crumbling relationship, believing that Michael will change in time. Will Dean be able to salvage his first love or will he let himself fall for the ever patient,loving and kind Castiel?","stats":{"language":"English","words":13,"hits":1241,"chapters":{"released":23,"total":null}},"tags":{"warnings":[{"name":"Creator Chose Not To Use Archive Warnings","url":"http://archiveofourown.org/tags/Choose%20Not%20To%20Use%20Archive%20Warnings/works"}],"relationships":[{"name":"Castiel/Dean Winchester","url":"http://archiveofourown.org/tags/Castiel*s*Dean%20Winchester/works"},{"name":"Michael/Dean Winchester","url":"http://archiveofourown.org/tags/Michael*s*Dean%20Winchester/works"}],"characters":[{"name":"Castiel","url":"http://archiveofourown.org/tags/Castiel/works"},{"name":"Dean Winchester","url":"http://archiveofourown.org/tags/Dean%20Winchester/works"},{"name":"Michael (Supernatural)","url":"http://archiveofourown.org/tags/Michael%20(Supernatural)/works"},{"name":"Ellen Harvelle","url":"http://archiveofourown.org/tags/Ellen%20Harvelle/works"}],"freeforms":[{"name":"Abusive Relationships","url":"http://archiveofourown.org/tags/Abusive%20Relationships/works"},{"name":"Self-Sacrificing Dean","url":"http://archiveofourown.org/tags/Self-Sacrificing%20Dean/works"},{"name":"Protective Castiel","url":"http://archiveofourown.org/tags/Protective%20Castiel/works"},{"name":"Pining Castiel","url":"http://archiveofourown.org/tags/Pining%20Castiel/works"},{"name":"Possessive Michael","url":"http://archiveofourown.org/tags/Possessive%20Michael/works"},{"name":"Insecure Michael","url":"http://archiveofourown.org/tags/Insecure%20Michael/works"},{"name":"Top Castiel","url":"http://archiveofourown.org/tags/Top%20Castiel/works"},{"name":"Top Michael","url":"http://archiveofourown.org/tags/Top%20Michael/works"},{"name":"Bottom Dean","url":"http://archiveofourown.org/tags/Bottom%20Dean/works"}]}}