{"title":"Emperor's New Clothes","id":5734798,"url":"http://www.archiveofourown.com/works/5734798","author":"sunsetmog","author_url":"http://archiveofourown.org/users/sunsetmog/pseuds/sunsetmog","date":"2016-01-18T05:00:00.000Z","fanfic":{"story":["\n      <h3 class=\"landmark heading\" id=\"work\">Chapter Text</h3>\n    <p>“Humph?” Louis called, letting himself into his flat. He rattled his carrier bag a bit; that usually managed to coax Humphrey out of whichever fluff-covered corner he’d secreted himself in whilst Louis was at work. “Humph, it’s dinner time.”</p><p>There was what Louis hoped was a cat-related crash from the living room, and then Humph padded out into the hall, a ball of Persian grey and white fluff wearing the same silently judging frown he always wore, even when he was purring in Louis’s lap. He wove his way around Louis’s ankles as Louis stumbled out of his jacket and into the little kitchen-living room, and grabbed a clean cat bowl from the side by the sink.</p><p>Louis was one hundred per cent shit at looking after himself, but he was pretty good at making sure Humph was okay, even if <i>okay</i> meant Asda Tiger cat food and not the expensive shit they’d had when Humph had been a kitten and everything had been different.</p><p>“Good day, huh?” Louis asked, putting down Humph’s bowl on the mat by the door. “Been busy taking over the world?”</p><p>Humph ignored him. Louis took that as a <i>yes</i>.</p><p>“Only want me for my food, don’t you, Kit?” He stroked the top of Humphrey’s head, and then dumped his rucksack on the floor and flopped down onto the sofa. His phone was almost out of charge, but he couldn’t be bothered to go and find his charger. 4% was definitely enough to reply to his texts from Niall and Liam; Niall wanted them all to go over to his on Saturday and have a barbecue, and Liam was inviting them both out for a pint after work tomorrow. He texted them both back a resounding <i>yes</i> as he put the telly on, flicking through Freeview to find something to watch. His signal was shit.</p><p>Old episodes of <i>Top Gear</i> on Dave it was, then.</p><p>There was a Smartprice chicken curry and rice microwave meal for one in his bag, but that involved standing up again and putting it in the microwave, and frankly, Louis had had enough of today. Margaret had gone off on one at him about getting back from lunch five minutes late, he’d had some shit customer on the phone having a go about the fucking subject line of a fucking email he’d sent out yesterday not being concise enough – as if that mattered – and to make matters worse, Lisa who sat next to him had the world’s worst headphones, and Louis had spent the whole fucking day having to listen to Harry Styles’ new album on tinny repeat without even being able to have any kind of choice in the matter.</p><p>Louis did not, as an absolute, desperate, never to be broken rule, listen to Harry fucking Styles if he could ever fucking help it.</p><p>“Humph,” he said, as if that would make his grumpy cat do anything he didn’t want to. “Humphrey. Sir Humphrey Fluffles.” Louis had not picked Humphrey’s name, and not one of Louis’s current friends would ever know that Humph’s name was anything other than Humph, but Louis’s cat was snooty at the best of times. “Sir Humphrey Fluffles Kittington. Get your arse over here and purr, all right?”</p><p>Louis’s cat had probably cost more than the combined cost of all of the rest of Louis’s possessions put together. The fact that Louis’s most precious belonging was a cat with a face like thunder and an uncanny ability to cover every single inch of Louis’s clothing with cat hair was something that Louis chose not to think about too much.</p><p>Sir Humphrey finished up his duck and chicken in gravy, licked his paws for a bit, and then came and sat on Louis’s stomach.</p><p>“Hi,” Louis said.</p><p>Humph looked at him.</p><p>“I know,” Louis said, scratching the back of Humphrey’s head. “I’m bored of shit food too.”</p><p>~*~</p><p>Friday afternoon was made a hundred times worse by Harry Styles hitting number one on both the singles and the album chart, and Lisa surreptitiously keeping Amanda who sat on the other side of Louis updated every time she came back from the loo with her phone.</p><p>“He’s on in a minute,” Lisa said, leaning over Louis’s desk to get Amanda’s attention. “Lou, lend Amanda your headphones so she can listen to the chart show.”</p><p>“Lend her yours,” Louis said, because Lisa’s computer background was Harry’s face and sometimes Louis let himself remember what Harry looked like when he came.</p><p>“Louis.”</p><p>“Fine,” Louis said, and passed his headphones over to Amanda. “Knock yourself out.”</p><p>It wasn’t that he hated Harry Styles, it was more that he just never wanted to think about him ever, ever again. Their relationship had exploded at the end, taking down Louis with it, and Louis had<br>\nslunk back up north with the meagre remains of his stuff and a kitten that might or might not hate him.</p><p>The Non-Disclosure Agreement he’d been made to sign two weeks later had been the fucking icing on the fucking cake, though.</p><p>~*~</p><p>Luckily Liam hated his job as much as Louis did. At least Louis’s job didn’t include <i>Helpdesk Monkey</i> as his almost official actual job title. Louis’s job description said <i>Administrative Assistant</i>, and if it wasn’t for the fact that he had a cat to keep in tinned meat in gravy, Louis would have given it up a long time ago. Louis had responsibilities, though. That meant keeping a job he hated. </p><p>“We need those shots,” Liam said, once they’d got a table in the corner of the pub, and Niall was heading over from the bar with a tray of drinks. “I said to her, have you switched it off and on again. She told me she had, but, like, she genuinely thought that turning your computer off meant switching the monitor off? She’s just left that thing running for, like, a year. It’s not surprising it’s stopped working. How thick do you have to be to not know how to turn your own computer off?”</p><p>“Pretty thick,” Louis agreed, taking the shots off the tray Niall was brandishing and lining them up next to the beers. With some judicious rearranging of meals this weekend, he could have two pints and a shot tonight with his last tenner, and still not have to go to the supermarket until Monday after work. There was cat food until Tuesday, so Sir Humphrey couldn’t complain. “What time do you want us round yours tomorrow, Nialler?”</p><p>“Whenever,” Niall said, plonking himself down next to Louis. “Lighting the barbecue about five, I think, so anytime after about three? If you can drag yourself away from your cat, that is.”</p><p>“He gets lonely by himself,” Louis said, a little sanctimoniously. He was broke, and he couldn’t afford to bring anything round to Niall’s for the barbecue. Normally he wouldn’t give a shit, he’d just turn up with a few cans of beer and a couple of bags of crisps, but he’d had his card refused trying to buy ten Pall Mall this morning, and his credit card was already at the limit. This tenner was his last until payday on Monday. If he skipped his second pint tonight, he could at least turn up tomorrow with some crisps.</p><p>Niall just laughed. “Bring Humph with you, and turn up whenever.”</p><p>Louis rolled his eyes, and grabbed his £1 shot. “Whatever,” he said. “Bottoms up, dickheads.”</p><p>~*~</p><p>The headline in <i>The Sun</i> in the morning said <i>Harry Styles’ gay sex scandal</i>, and the story continued onto pages four and five under the title <i>Harry’s secret gay shame</i>.<br>\nLouis saw it outside the petrol station as he walked over to Niall’s after lunch the following day. He saw it on the stand outside the newsagents, and a discarded one sticking out of the bin by the bus shelter, and then again when he went into the Tesco by Niall’s to look at their newspapers.</p><p>He didn’t see the picture of himself with Harry until he got outside of Tesco’s, until he unfolded the paper he'd just bought with his crisp money and glanced down at the pictures under <i>Harry’s secret gay shame</i>. Some guy had sold his story – getting it out there before the non disclosure agreement had been forced in his general direction, no doubt – and with his story he’d sold pictures too. The picture taking up most of page four was Harry asleep in between two naked guys. The quote on page five said, <i>Harry was an animal in bed. He wanted it every way. Said two of us wasn’t enough. He had a photoshoot in the morning but he didn’t care. He just wanted sex.</i></p><p>It didn’t sound like Harry. But then, maybe Louis hadn’t ever really known him all that well anyway.</p><p>The other, smaller pictures included one Louis remembered, one of Louis and Harry and Sir Humphrey when he was a tiny kitten, the three of them curled up on the bed with Harry holding the phone up over them to take a selfie, Harry kissing Louis’s temple. They’d only been topless but you couldn’t tell that from the picture.</p><p>Louis had done everything in his power to keep his relationship with Harry a secret from everything and everyone, and now there was a fucking picture in <i>the</i> fucking <i>Sun</i>, and it had all gone to fucking shit.</p><p>Fuck.</p>\n  ","\n      <h3 class=\"landmark heading\" id=\"work\">Chapter Text</h3>\n    <p>\"Brought you this,\" Louis said, shoving his copy of <i>The Sun</i> in Niall's general direction once he finally opened his front door. \"Is Liam here?\"</p><p>\"In the living room. Thought you were bringing crisps?\" Niall closed the door after Louis. \"I've been texting you about flavours.\"</p><p>\"Phone's out of charge.\" He popped his head around the living room door. Liam was sprawled out over Niall's sofa, flicking through the TV channels. \"All right, Liam. Niall, can I borrow a charger?\"</p><p>\"Course. Why'd you bring me a copy of <i>The Sun</i> instead of a packet of smoky bacon crisps? Bloody hell, is Harry Styles gay?\"</p><p>\"Looks like it.\" Louis fumbled around behind Niall's sofa for where kept his charger plugged in, mostly for Louis's benefit. He'd smashed the screen on his phone four months ago, and since then he'd been using an old Samsung which managed to hold its charge for a cracking five hours at a time. Being broke was the fucking worst. </p><p>\"Not just gay, but threesoming it up,\" Niall went on, flicking onto page four and waving the picture of Harry naked in bed with two guys in their general direction. Louis sat down carefully on the end of the sofa. Liam poked him in this thigh with his toes, a <i>hello</i> of sorts. \"Pretty shit, though, if you're banging two guys and the moment you fall asleep one of them's taking a selfie, though, and selling it to the papers. Hey, look at this one, this cat looks just like yours—\" Niall stopped. \"Louis.\"</p><p>\"Yes, Niall?\" Louis wrapped his hand around Liam's ankle. He didn't look at either Liam or Niall, even though Liam kept bumping his foot into Louis's thigh. </p><p>\"That is Humph, right? In the picture?\"</p><p>\"Yep,\" Louis said, still refusing to meet their eyes. </p><p>\"This picture where you're naked with Harry Styles and he's kissing you, that picture. That's your cat in that picture.\"</p><p>\"Yep,\" Louis said again, because once upon a time he'd loved that picture. The three of them together, him and Harry and their baby kitten. It had been a long time since he'd let himself think about it. </p><p>Liam had stopped kicking him. Louis kept a hold of his ankle even so. </p><p>\"Fucking hell, Lou,\" Liam said, as Niall showed him the picture. \"What the bloody hell are you doing naked with Harry Styles? Since when did you know him?\"</p><p>Louis shrugged. \"I can't talk about it,\" he said finally. </p><p>\"Don’t give me that crap,\" Liam said. \"Tell us everything, come on.\"</p><p>\"I can't,\" Louis said. \"I really can't.\" He'd wanted to talk about Harry for the last two years, for the whole time he'd been back up north and smarting over the fact his boyfriend had dumped him just before they were due to go away together in favour of spending two weeks in Miami with his rich friends. He'd wanted to talk about Harry when he'd gone round to pick up his stuff only to find the locks changed, and he'd wanted to talk about Harry when he'd seen him a month later holding hands with a terribly pretty actress from Sheffield who'd just made it big in America. He hadn't been smart enough when they'd first broken up to recognise that there'd be a non-disclosure agreement with his name on it on the horizon, and he'd left it too late to open his mouth. </p><p>They should never have kept it a secret in the first place, but they had, and Louis had spent the last two years and the year before that dealing with the fallout of keeping it secret.</p><p>Louis didn't have much left in this world, but what he did have, he wasn't willing to lose. They weren't taking anything from him, and they definitely weren't taking anything from his family. He was keeping his mouth firmly shut. </p><p>\"Don't be a spoilsport,\" Liam said. \"Come on.\"</p><p>Niall narrowed his eyes. \"You can't talk about it, or you won't talk about it?\"</p><p>Louis shrugged. \"Can't,\" he said, avoiding their eyes. He ran his thumb over Liam's ankle. \"Do you think it's easy to make out that it's me?\"</p><p>\"Kind of,\" Niall said, a little apologetically. \"Especially if they've met your cat.\" </p><p>Luckily not that many people got to meet Louis's cat. Humph was Louis's favourite thing, fluffy and grey and white and fierce and with a little squashed face like thunder, but with Humph came Louis's crap flat. Louis's crap flat with its damp bedroom wall and lack of cupboard doors in the kitchen, with the pink shower that worked better if you stood in the middle of the cubicle and didn’t look at the walls or floor, his crap flat with the saggy, tired furniture that Louis hated. It was cramped and weirdly shaped and not designed for parties. It was barely designed for living, but other than the dripping roof in the kitchen and the leak in the bathroom, it mostly did what it was supposed to, and kept a roof over Louis's head. </p><p>\"If they didn't know my cat,\" Louis persisted, thinking of everyone at work. \"What then?\"</p><p>\"Dunno. Maybe not. I mean, it looks like you, but no one's going to expect to see a picture of you naked in bed with Harry Styles in <i>The Sun</i>, right? It's not like your name's on it.\" Liam poked at the picture with his fingertip. \"Just pretend it's a lookalike.\"</p><p>\"Suppose,\" Louis said, sliding off the arm of the sofa and onto the seat next to Liam. \"Can we talk about something else?\"</p><p>Louis pretended he didn't see the look Niall and Liam exchanged over the top of his head. </p><p>~*~</p><p>He switched his phone on later, after they'd got the barbecue lit and Niall and Liam were outside with a couple of beers, poking the charcoal with a stick. Louis slipped back inside, trying to ignore the way his stomach was churning. Liam and Niall were being weird with him – hardly surprising, considering that Louis was in the fucking paper but couldn't tell them <i>why</i> – and what was weird was that Harry Styles probably hadn't thought about Louis in two fucking years, but today he had to have done. He'd have seen the article and he would have seen the pictures stolen from his phone, and even if it was just for a moment, he would have had to have thought about Louis. </p><p>They'd loved each other once, or so Louis had thought. Even if it hadn't ended up like that. They'd had feelings for each other once. </p><p>He flicked back through the paper, left folded up on the coffee table. There wasn't enough of a scandal in just being gay anymore; they had to make it dirty in whichever way they could. Harry's threesome, his work ethic – <i>he didn't care about his photoshoot, he just wanted sex</i> – his steamy, sordid, secret hook-ups, the distinct delineation between the Harry the world saw where he was polite and kind and a bit random and infinitely gentle, and this Harry of the photographs and the sold story where he wanted to fuck two guys at once and wanted it to be sordid and desperate and dirty. </p><p>Harry's management company and the label must be going properly mental. </p><p>Good. Louis hated them. </p><p>~*~</p><p>Louis's family hadn't ever read <i>The Sun</i>, and they'd never met Humph in the flesh, but that didn't necessarily mean they wouldn't see it. It didn't mean he wasn't hoping to God they never did. </p><p>They'd seen it. The first text message in his inbox that wasn't from Niall about smoky bacon crisps was one from his mum that just said, <i>I don't understand. Please call me. Please answer your phone. I love you xx</i></p><p>Louis hadn't called her in a month. It just seemed easier not to, a lot of the time. </p><p>Sometimes he missed her so much it hurt. </p><p>\"Everything all right?\" Niall asked. \"You've been in here ages.\"</p><p>\"My mum's seen the picture,\" Louis said. </p><p>\"They didn't know either?\"</p><p>Louis looked down. He didn't know what he could say and what he couldn't. When he'd signed the non-disclosure, they'd told him he couldn't say anything to anyone. Ever. He was so used to constantly checking everything he wanted to say. \"She hadn't seen the picture before either.\"</p><p>\"Lou—\"</p><p>\"Leave it,\" Louis said, as his phone started to ring. </p><p>He'd wanted to delete Harry's number, back in the day, but he'd decided against it out of pure spite. If Harry ever called, Louis wanted to be able to reject him knowingly. </p><p>His screen said <i>Harry</i>, and Louis never wanted to speak to him again.</p>\n  ","\n      <h3 class=\"landmark heading\" id=\"work\">Chapter Text</h3>\n    <p>\"You going to answer that?\" Niall asked, after it had rung four times. </p><p>\"Nope,\" Louis said, and pressed the red button. \"He can fuck right off.\"</p><p>Niall let out a breath. \"Lou—\"</p><p>Louis's phone started ringing again, Harry's name plastered across his screen. If he hadn't broken his old phone, Harry ringing him would have meant a picture of Harry pulling a stupid face and leering at him, along with whichever stupid ringtone Harry had programmed into his phone. </p><p>Louis's sim card had brought Harry's number with it, if none of the old settings. </p><p>He hung up on him again. </p><p>\"Don't you want to, I don't know, find out what's going on?\" Niall asked a little hesitantly. </p><p>\"Not particularly,\" Louis lied. \"He's not having my fucking cat.\"</p><p>\"Right,\" Niall said, as Louis's phone started ringing a third time. \"Do you maybe want to just tell him that? Make him stop ringing?\"</p><p>\"For fuck's sake,\" Louis said, and he pressed the green button. \"What the fuck do you want?\"</p><p>\"Louis?\"</p><p>\"Who else,\" Louis said, making a face at Niall in an effort to make him go the fuck away. Niall sat down on the end of the sofa and made a face right back. </p><p>\"Hi. Um. How are you?\" Hearing Harry again after two years of trying to ignore every mention of him in the media was weird. Harry sounded sort of thick and stuffed up; his voice sounded dull, like he'd been crying. </p><p>\"Had better days. Thanks, by the way. For the picture in the paper.\"</p><p>Harry made a soft sound down the phone. \"Sorry. I wanted to know if you'd seen it. And I really am sorry.\"</p><p>\"Not sure that makes it all right, Haz.\"</p><p>\"I know. And, look – I know you don't want to talk to me, and I shouldn't be ringing, but… it's been such a terrible couple of days, okay? And, like, I know you probably don't want to do me any favours after you're in the paper and it's my fault, but, like, if they figure out who you are, they're going to maybe come and ask you if you want to give your story, too, and, like…\" he trailed off. \"I was sort of hoping you wouldn't.\"</p><p>\"You were sort of hoping I wouldn't,\" Louis said carefully, refusing to meet Niall's gaze. \"That's why you're ringing.\"</p><p>\"Yes. I know I don't have any right, but I thought it couldn't hurt to ask, right? If you wouldn't, like, sell your story.\"</p><p>\"I'd quite like to sell my story,\" Louis said. \"I'm really fucking broke, and I'd like to keep my cat in the nice kind of cat food, and I'm pretty sure a few hundred quid would do my credit card fucking wonders. If I had the fucking option, I'd sell my story today, tell everyone what a giant fucking dickhead you are, but I can't, can I? And you know I fucking can't. So why are you ringing?\"</p><p>\"You'd get more than a few hundred quid,\" Harry said, then he stopped himself. \"What do you mean, you can't?\"</p><p>Louis laughed. He didn't mean it to sound quite so painful as it did. \"I wish I'd never met you,\" he said finally. \"I wish I'd never fucking fallen in love with you. I wish I'd had the sense to tell everyone everything before your fucking lawyers turned up on my doorstep, but I didn't, did I? So no, I'm not telling anyone anything, and you've got the paperwork to prove it. Is there anything else?\"</p><p>Harry didn't say anything to that. He didn't say anything at all. </p><p>\"I'm taking that as a <i>no</i>,\" Louis said, and hung up. </p><p>Niall looked at him. </p><p>\"I can't talk about it,\" Louis said, because Harry's lawyers had threatened him with losing everything if he ever even considered telling anyone he'd ever done more with Harry than just meet him. He'd come out in a cold sweat just because he'd admitted to having been in love with Harry with Niall in the room.</p><p>\"I know,\" Niall said. \"You said. But you said Harry's lawyers. You did, like, get your own lawyer to look at it, right? Whatever it is. That paperwork.\"</p><p>\"Where am I going to get the money to pay for a lawyer?\"</p><p>\"That's a no, then, right?\"</p><p>\"Niall. I'm well hungry, mate. What's happening with that barbecue?\"</p><p>\"Willie would do you mates rates,\" Niall persisted. \"He's a pretty good lawyer.\"</p><p>\"No,\" Louis said, because he couldn’t afford smoky bacon crisps, let alone any of Niall's cousin's legal fees. \"It's fine. Come on, let's just have some food, all right? Can't leave Payno to do the bangers, he'd tried to serve me a raw one last time. Black on the outside and well pink on the inside. He's fucking shit at sausages.\"</p><p>Niall waited a moment. \"Fine,\" he said. \"Let's have a beer, you distract Liam, and I'll do the sausages.\"</p><p>~*~</p><p>Later that night, a bit drunk but unable to sleep, Louis curled up under his bedclothes at home with Humph in his lap and texted Harry, <i>I'm still so fucking angry with you . it doesn’t go away even tho I want it to. Im not selling my story cos I'm not that much of a cunt so don’t call me again. </i></p><p>His phone didn't buzz with a reply even though he waited for it to. </p><p>It took him a long time to fall asleep. </p><p>~*~</p><p>He was hungover in the morning, and his phone was out of charge because he'd forgotten to plug it in before he fell asleep. He made tea, fed Humph, and sprawled on the sofa with the telly on, Humph taking up furry, grumpy residence across his knees. Louis had had his broadband cut off a few months ago, but Liam and Niall had clubbed together for his birthday to get him a pay as you go internet dongle, so as long as he didn't want to watch endless porn videos, he could get away with not having to top it up all that often. It was enough for checking his emails and faffing about, so long as he didn't try to do anything too exciting. </p><p>Not that he was going to get a chance to do anything other than check his email; his inbox was full of Facebook friend requests and Twitter notifications from people adding him as a friend. </p><p>Back when his photo hadn't been splashed all over <i>The Sun</i> and no one knew who he was, it was probably a good idea that his profile picture was him and Humph. He'd had about ten friends on Twitter; back when his phone hadn't been knackered, he'd mostly used it for talking about the football and snapping pictures of his cat for Liam and Niall to dutifully like. He hadn't used it in about six months. He didn't go on Facebook much either. Having his profile picture be him and Humph was slightly more problematic when it was practically the same shot as the one in <i>the</i> fucking <i>Sun</i>, except with 100% less Harry Styles. </p><p>This was probably going to go badly. </p><p>~*~</p><p>He switched his phone on after he'd made himself a cheese and chutney sandwich for lunch later on. Message after message after message beeped through; his fame was spreading. Only one of them was from Harry, though, and his was the only one he bothered to open. </p><p>\n  <i>I didn’t know about the non disclosure agreement. I never would have asked you to sign it. Ignore it and say whatever you want to about us. I never wanted to stifle your voice. I'm sorry I ever asked you not to tell your story. I didn't know you didn't think you could. </i>\n</p><p>Louis rolled his eyes. <i>It’s a fucking legal document you idiot . You think if I just ignore it your lawyers wont take me for everything just like they told me they would ?? stop being a dickhead.</i> He pressed send, then opened up another message, typing, <i>and your never having my cat so don’t think you can steal him back ok he never loved you anyway</i></p><p>For fuck's sake. </p><p>Harry wasn't having his cat. He wasn't having anything of Louis's anymore, but he definitely, definitely wasn't having his cat. </p><p>Louis shut down his computer, ignored the rest of the messages on his phone, and went to drown himself in the shower. </p><p>If he pretended that he wasn't outed as one of Harry Styles' shameful gay sex secrets, then maybe he'd be able to get on with his fucking life, and leave Harry Styles behind him. Maybe this time, he'd actually succeed at forgetting him. Maybe this time, he'd actually get to move on. </p><p>He hadn't grown up wanting his fifteen seconds of fame to be under a <i>shameful gay sex secret</i> headline. It hadn't gone like that in his head at all. </p><p>\"This isn't fair in the slightest,\" he told Sir Humphrey, who – as usual – was sitting in the sink and watching him shower. \"Your other daddy's a bastard.\"</p><p>Humph meowed at him, which Louis took as approval. </p><p>\"A bastard,\" Louis said again, even as soap ran down his face. \"A total fucking bastard.\"</p>\n  ","\n      <h3 class=\"landmark heading\" id=\"work\">Chapter Text</h3>\n    <p>Sundays were supposed to be spent down the pub, or eating a proper roast dinner, or watching the footie with his mates. Louis wasn't supposed to be spending his Sunday by himself, with no credit on his phone, no internet, no money to go out, and nothing to do but watch the telly and try and teach his cat to do tricks. </p>\n<p>Humph was having none of it. </p>\n<p>It was one of his bored days, where Humph wanted to be everywhere that Louis was, sitting on the TV remote and padding into Louis's lap the moment Louis lazily thought about reading one of the books he had lying about. Honestly, there wasn't much to do when there wasn't any fucking money to do anything with, and Louis was totally fucking broke. Credit card maxed, overdraft at its limit, and nothing to do but wait until midnight when his pay went into his bank. </p>\n<p>Being broke was the worst. Being bored was even worse than that. </p>\n<p>\"Why can't you play football, huh?\" Louis said, batting a scrumpled up ball of paper in Humph's general direction. Humph put out a lazy paw and poked it. \"We could take on the world and win, the two of us. We'd be fucking awesome.\"</p>\n<p>Humph meowed. </p>\n<p>\"That's right, we should have named you Fifa. You'd have made a nice Fifa, wouldn't you, babe?\" He leaned over to scratch him behind his ears. \"It was your stupid bastard daddy, wasn't it? Naming you something stupid.\" Humph leaned into his touch, closing his eyes as Louis gave him a good scritch. \"Fifa is way better than Fluffles.\" </p>\n<p>Louis had been a dog person his entire life, right up until the moment Harry had presented him with a tiny, fluffy puffball of a kitten, so little that he'd curled up into the crook of Louis's arm and squeaked helplessly at him before falling asleep. Louis had been a dog person right up until Harry had kissed him hello and told Louis he'd bought him a present. Humph, who'd been just old enough to be without his mum, who'd been tiny and grey and white and grumpy faced and who had followed Louis around from the moment Harry had presented him to him. Humph, who'd been the only saving grace of a break up that had torn Louis's heart to pieces and not quite managed to fix him back together right. </p>\n<p>\"Love you,\" Louis said, because no one else was around to hear him. \"Stupid cat. Why can't you play football, huh?\"</p>\n<p>Humph padded onto his lap and started kneading Louis's stomach. </p>\n<p>\"I know,\" Louis sniffed. \"You've got much more important things to do than pass a stupid ball back. You think you've got time to tell me what the fuck I should be doing about that fuckwit shagging around enough that it gets me in the paper?\"</p>\n<p>Humph meowed. </p>\n<p>\"Totally. I think we should go round there and kick Harry in the balls, too. Great idea, kit. You get your claws out, I'll put the boot in. Stupid bastard.\" He stopped, wiping his nose on the back of his hand. \"You won't tell anyone, will you, Humph? That I'm crying over that stupid fucking dickhead?\" He sniffed again. \"Course you won't, will you? Because you're the fucking best.\"</p>\n<p>Louis pulled his sleeves down over his hands and scrubbed at his eyes. </p>\n<p>\"I'm not crying,\" he said, because if you said something long enough and hard enough it had to start coming true, it <i>had to</i>. \"I'm not fucking crying over Harry fucking Styles.\" </p>\n<p>Humph curled up in his lap, dug his claws into Louis's thighs, and went the fuck to sleep. </p>\n<p>~*~</p>\n<p>He'd met Harry by accident, a weird confluence of events that had funnelled narrower and narrower until it was him and Harry side by side with no choice left to make but to talk to each other. Louis and his Donny mates going to London for a big weekend, putting in for tickets to X Factor on the off chance and getting the Sunday night results show instead of the Saturday night performances. A late one on Saturday and storming hangovers on Sunday, piss-awful weather, the rain coming down like nobody's business. A fight in the pub on Sunday afternoon over something fucking stupid and having it escalate. Louis going off in a sulk and getting rained on and heading over to the X Factor studios anyway because it was better than arguing in a pub in Kensal Green because some dickhead hadn't looked at a map when they'd booked the hostel. Louis being the single last person let into the studio, because no one else had come alone, being rushed in even after the show had started, a lady with a clipboard hurrying him round the back of the studio audience, security pushing him back against the wall as an entourage passed him by. Dancers, dancers, dancers, Harry fucking Styles, X Factor runner up from two years ago, a moment of eye contact and then gone. Louis taking an unoccupied seat in the friends and family section, labelled with the name of one of the contestants, dripping wet from the rain and having to disrobe even as Dermot O'Leary was talking to camera. </p>\n<p>Harry performing his new single, Louis's heart in his mouth, and then the rest of the show in a weird damp blur before being mistakenly ushered out with the rest of the friends and family audience members direct into the celebrity bar. Louis with nowhere to go other than back to his mates at the hostel, so buying a drink instead, a pint of Carling, leaning back against the wall and trying to take it all in. </p>\n<p>Ten minutes later, Harry showing up to buy a drink, jostling elbows with Louis by accident. </p>\n<p>Louis, taking his courage into his hands and trying to ignore the thump of his heart as he said <i>hi</i>, and <i>I voted for you to win</i>, and <i>your album's great</i>. </p>\n<p>Harry's soft, happy smile coinciding with the gentle fading of Louis's heterosexuality. </p>\n<p>Louis had gone home with him that night and had never really left. Famous straight pop star Harry Styles, the boy who'd broken Louis's heart so resolutely that even now he had to be careful to hold all the shards together. </p>\n<p>That stupid fucking boy who'd ruined Louis's fucking life. </p>\n<p>~*~</p>\n<p>Louis answered the phone when it rang later, the telly on in the background and Humph laid out over his lap like a stretched out fuzzball, his tummy all bared for Louis to rub. </p>\n<p>\"What the fuck are you calling for?\" he asked, in lieu of hello. </p>\n<p>Harry breathed at him down the phone. \"I'm sorry,\" he said, voice thick. \"I don't know where I went wrong. I'm sorry.\"</p>\n<p>\"Fucking two boys at once, I think. Should have confiscated their phones at the door, probably. Life lesson, that.\"</p>\n<p>\"I don't even know if I did,\" Harry said, voice catching. \"Think it was just one after the other. I thought I'd feel less lonely.\"</p>\n<p>Louis clenched his hand into a fist. \"I hate you. I hate that you're telling me this.\"</p>\n<p>\"Why'd you answer your phone?\" Harry sounded drunk. </p>\n<p>\"Because I've got no credit to call anyone, and I've not got any money for internet, either, and I'm broke until tomorrow, and I'm pissed off, and I get to be pissed off at you. It's either you or my cat, and Humph doesn't deserve it. You do, though. What the fuck were you thinking?\"</p>\n<p>\"I've got no idea,\" Harry said. \"I don't even know. Everyone's been worried. Nick cried on me last week.\"</p>\n<p>\"I don't care. I've got to go to fucking work tomorrow. What am I supposed to say to people that won't get your lawyers mad at me?\"</p>\n<p>\"I'll call them off. You can say what you want. I promise.\"</p>\n<p>\"Your promises don't mean shit,\" Louis said, because they didn't. Harry had promised to go away with him once, just the two of them, a holiday for their anniversary. Harry had gone to Miami instead. \"I wouldn't trust you if you paid me to.\"</p>\n<p>\"I don't know where it went wrong,\" Harry said, like Louis hadn't spoken. \"I don't know why I lost you. I loved you so much.\"</p>\n<p>\"You didn't,\" Louis said. \"Anyway, I loved you too much. That's what you said, isn't it? Creepily co-dependent, that's what you called it, wasn't it? I never gave you any fucking space to be yourself. Well, you got all the fucking space you wanted, and you're still ringing me.\" He was so angry it felt like his insides were on fire, his stomach twisting, hands hot. \"You didn't want to be out. You weren't. You didn’t want me. You got that. You got everything you wanted, and you've still ruined my life. What the fuck more do you want from me?\"</p>\n<p>\"I'm sorry,\" Harry said, and he was crying now, and that was supposed to make Louis feel something, but it just made him more angry. \"I'm so, so sorry. I messed it all up. I was scared and I was stupid and I got caught up in this whole—I don't know. I got caught up and I pushed and I pushed until you went away and I'm so sorry. I never should have said any of that stuff to you.\"</p>\n<p>Louis didn't say anything to that. He'd been alone in London apart from Harry, working a shit job making terrible coffees and giving people the wrong partially defrosted muffins in a shit Starbucks rip off. He'd been Harry's secret and it hadn't ever been like the films or the stories. He hadn't been swept up into this famous celebrity lifestyle, friends with DJs and models and actors and singers. He hadn't met any of them, he'd just gone round to Harry's when Harry had nothing else on and the two of them had had endless, amazing sex. For the longest time, how they were when they were alone together was enough, Harry desperately in love and Louis giving up everything to be with him. </p>\n<p>It hadn't been enough in the end, though. </p>\n<p>Harry hadn't been wrong when he'd said that Louis loved him too much. He'd been his whole fucking world. </p>\n<p>Louis always had been a total fucking idiot. </p>\n<p>\"I'll make it up to you,\" Harry said after a minute, his voice thick. \"I'll make it all up to you.\"</p>\n<p>\"I don't want you to,\" Louis said. \"You couldn't.\" </p>\n<p>\"I haven't got anyone,\" Harry said. \"I haven't got anyone and I don't know how to make any of it better. I don't know how to fix this. I don't know how to fix me.\"</p>\n<p>The thing was, that broke Louis's heart just as much as any of the rest of it. </p>\n<p>\"Don't,\" he said softly. \"Don't make me feel anything for you. I'm not sorry for you. You broke my fucking heart. It's not fair.\"</p>\n<p>\"I'm sorry. I'm so sorry.\"</p>\n<p>\"Please don't,\" Louis begged. \"Please, Harry.\"</p>\n<p>When Harry hung up, Louis buried his face in Humphrey's fur, and tried his best not to cry.</p>\n  "],"summary":[]},"summary":"The fact that Louis’s most precious belonging was a cat with a face like thunder and an uncanny ability to cover every single inch of Louis’s clothing with cat hair was something that Louis chose not to think about too much.","stats":{"language":"English","words":6,"hits":1733,"kudos":248,"bookmarks":50,"comments":20,"chapters":{"released":4,"total":null}},"tags":{"warnings":[{"name":"No Archive Warnings Apply","url":"http://archiveofourown.org/tags/No%20Archive%20Warnings%20Apply/works"}],"relationships":[{"name":"Harry Styles/Louis Tomlinson","url":"http://archiveofourown.org/tags/Harry%20Styles*s*Louis%20Tomlinson/works"}],"characters":[{"name":"Louis Tomlinson","url":"http://archiveofourown.org/tags/Louis%20Tomlinson/works"},{"name":"Liam Payne","url":"http://archiveofourown.org/tags/Liam%20Payne/works"},{"name":"Niall Horan","url":"http://archiveofourown.org/tags/Niall%20Horan/works"},{"name":"Harry Styles","url":"http://archiveofourown.org/tags/Harry%20Styles/works"}],"freeforms":[{"name":"Secret Relationship","url":"http://archiveofourown.org/tags/Secret%20Relationship/works"},{"name":"Pets","url":"http://archiveofourown.org/tags/Pets/works"},{"name":"Alternate Universe","url":"http://archiveofourown.org/tags/Alternate%20Universe/works"},{"name":"Famous Harry","url":"http://archiveofourown.org/tags/Famous%20Harry/works"},{"name":"Non-Famous Louis","url":"http://archiveofourown.org/tags/Non-Famous%20Louis/works"}]}}