{"title":"The Four Somethings","id":5745007,"url":"http://www.archiveofourown.com/works/5745007","author":"daymarket","author_url":"http://archiveofourown.org/users/daymarket/pseuds/daymarket","date":"2016-01-18T05:00:00.000Z","fanfic":{"story":["\n      <h3 class=\"landmark heading\" id=\"work\">Chapter Text</h3>\n    <p>Two weeks before the wedding, Henry's parents arrive from India.</p><p>Even if she knew nothing about the Indian Brotherhood, it's impossible to not know the name of Henry's father, Arbaaz Mir. Arbaaz has made a legend for himself in his storied career, enough that even Jacob knows the scattered rumors. (Although, to be fair, Jacob's assessment boils down to more: “That's the Indian bloke that Father was always going on about, wasn't he? Something something diamond something.”)</p><p>Henry's spoken about his parents a few times, of course. His mother, Princess Pyara Kaur, is warm and welcoming, supportive of his desire to avoid bloodshed in service to the Brotherhood. He's less effusive about his father, and when he does speak of Arbaaz, which is not often, she can sense the distance that gulfs father and son. She knows that Arbaaz wanted Henry to become a killer, and he was disappointed when that destiny was not realized. Beyond that, Henry has spoken little.</p><p>On one hand, she can sympathize. She's had a front ticket often enough to the battles between Jacob and their own father, and more than anyone she can understand the weight of expectations. On the other hand, she's heard the stories from Father. Now <em>those</em> paint a decidedly different picture from the stern parent of Henry's childhood. No, from Father's words, Arbaaz is a headstrong maverick, heady with love and determined to fight all who would stand in the way of his goal. He's spent years of his life searching for the fabled Koh-i-Noor diamond, more in pursuit of his true love, Pyara, and more still in dedication to the Indian Brotherhood and all that it stands for.</p><p>It's quite noble, really.</p><p>So she's not sure what to expect when she finally meets Henry's parents in person. Of the two, Arbaaz immediately captures the eye. He's not a tall man, but he is very strongly built. He's not bearing an Assassin gauntlet on his arm in their first meeting, but a keen eye can find the calluses where it normally rests. His voice isn't particularly deep, but it's calm and authoritative in a way that reminds her keenly of Father. Ethan Frye and Arbaaz Mir: the adventures they must have had! Oh, if only to be a fly on the wall…</p><p>(“Your mouth is open,” Jacob murmurs to her when Henry first introduces them. “Remember, he didn't <em>actually</em> chop off a dozen heads in a single blow.”)</p><p>When Arbaaz asks to meet with her in private, Evie's far more nervous than she logically should be. He's only going to be her father-in-law, after all, and if worst comes to worst, well, they'll just elope. Parental approval is such a thing of the past, and Assassins have never held much for those silly things anyway. Right? So no need to worry. She'll just straighten up her table a bit, make sure that every surface is spotless. Oh, and perhaps she'll change into a clean set of clothes, make sure that everything is perfectly presentable before she invites him into her compartment…</p><p>(“They're just his parents. You'd think that you were attending the Queen herself. No, you cared a lot less about the Queen, actually, I didn't see you sweeping the floor for <em>her</em>.”</p><p>“I'm not about to marry into the royals, thank you very much. Now go away. Wait. Could you toss out the garbage on your way out?”)</p><p>He's due to arrive at six in the evening, and there's a knock on the compartment door at that exact time. She swings the door open, and he stands now on the threshhold of her compartment, his hands open in front of him as if in a peace offering. She notes his appearance in a blink of an eye. He's dressed in the clothing of the Indian Brotherhood, his clothing embroidered with the Assassin crest. The gauntlet rests on his arm now, worn with the use of decades. It's a silent declaration of distance and formality, and she straightens, determined to treat the moment with the respect it deserves.</p><p>“May I come in?” he asks. His voice is quiet, but much like Father's, it has the power to capture a room.</p><p>She smiles at him. “Of course, sir,” she says. “Make yourself comfortable.”</p><p>He enters, his steps light and soundless. And why wouldn't they be? He's Arbaaz Mir, Master Assassin of the Indian Brotherhood, and he's been pledged to the Brotherhood for longer than she's even been alive. He doesn't overtly look around, but she's no doubt that he's catalogued every inch and item of their surroundings. His gaze rests on her face, and she tilts her chin up, meeting it with a level gaze of her own. No doubt he's performing his own assessment of her, and she wonders what he sees.</p><p>“Ethan showed me a photo of you and your brother a very long time ago,” he says at last. “You were much younger then, of course. I see now that all I needed to do is to recall his face. You remind me much of him.”</p><p>“I will take that as a compliment, sir,” she says. “Please, sit.”</p><p>He sits, accepting her offer of tea with a nod. She busies herself pouring it, handing a cup to him with hands that decidedly do not shake. He sips it perfunctorily before setting it aside. His eyes roam more freely across her compartment now, resting on the collection of posters that she's acquired. The corner of his lips nudge upward, and she takes it as an encouraging sign.</p><p>“When the news reached us that Starrick had been eliminated, I did not believe it at first,” he says, sounding thoughtful. “Ethan spent much of his life fighting the man from the shadows, and it seemed impossible that this would ever come to pass. Before he died, he wrote to me of his frustrations with the Council in Crawley and how they refused to act.”</p><p>He had? “Father never mentioned those frustrations to us,” she says carefully. “I know that he met with the Council often, but he abided by their decisions for the most part. They said that London was too dangerous, and so Father insisted that we stay away.”</p><p>“Hmm. And yet, here you are.”</p><p>His voice is perfectly neutral. “And yet, here we are,” she agrees, keeping her voice just as calm. “Jacob and I decided to come shortly after completing our first solo missions. We felt that we were ready.”</p><p>“And were you?” Arbaaz asks.</p><p>She considers the question carefully. Is it a test? Probably so, she thinks with just a hint of wryness, and the true question is as to which answer is the best to give. In the end, she settles for honesty. “No,” she says. “We came with a dream and not much of a plan. If not for Henry—Jayadeep's—guidance and contacts, we would have been very much lost and without a place to start.”</p><p>“And if Jayadeep had not been here, what would you have done? Would you have left? Or would you have stayed, even though it might mean your death?” he says.</p><p>She smiles involuntarily at the question, and more so to the easy, instictive answer. “We would have stayed,” she says, and she knows with absolute certainty that they would have. “It would have been a slower, more arduous path, and yes, we might have died. But death can come at any time. We would have stayed.”</p><p>His expression is unreadable. Does he consider her reckless? Perhaps he thinks her suicidal worst, far too stubborn at best. She braces herself for his response, raising her chin to meet his eyes.&nbsp;It's with equinamity that he blinks, breaking the held gaze, and it doesn't feel like a concession like it would have with any other person. “I see,” he says, and she wonders what exactly he sees. “And you have killed, of course, in the service of your city.”</p><p>She frowns a little, confused at the unspoken question. “Yes,” she says cautiously. “I am an Assassin. I do what I must.”</p><p>“As do we all,” he murmurs, and there's something considering in his gaze now. “I spoke at length with my son yesterday. He told me some about how you uprooted Starrick from the city. You began with the gangs, correct?”</p><p>“Yes,” she says. “Well, one gang. The Blighters were the main Templar-controlled gang when we arrived, and the Clinkers were the last patch of resistance. It was Jacob's idea to take them in, train them, and grow them into the Rooks. They've proven to be very useful when it comes to freeing the districts.”</p><p>“That is one approach that Ethan did not consider,” he says. “He preferred to keep his work secret, as is the nature of the Brotherhood. Assassins work in the dark, after all, and it is an unspoken rule to keep as many in the light as we can. But now you and your brother are leaders of the largest criminal stronghold in London. Not quite what your father proposed.”</p><p>It's hard to tell if he approves or disapproves of their methods. His expression still gives nothing away, and his voice is free of judgment either for or against. The words, though, carry a subtle condemnation. And it's true that they could have been more subtle. If she'd been alone, certainly she would've been more subtle. But then again, if she'd been alone, she likely would never have come to London in the first place. She would have obeyed the Council and simmered with frustration all the while, but obedience nonetheless. Irritated though she's been with him, Jacob was the driving factor in both those life-changing decisions.</p><p>Interesting.</p><p>Arbaaz is watching her still, and she realizes that it's been quite a few minutes since he last spoke. Enough with the games, she decides suddenly. If he approves, all the better. If he doesn't, well, welcome to the London Brotherhood, and this is how things are done here. This is who she and Jacob are, and she won't apologize for that.</p><p>The ferocity of the thought surprises her just a little.</p><p>“We are indeed the leaders of the Rooks,” she says as calmly as she can. “And it's the culmination of quite a lot of hard work. We made mistakes along the way, certainly, and perhaps advice from an elder could have steered us away from the most obvious. But given a chance to do it again, I would say yes in a heartbeat. This is <em>our</em> city, Mr. Mir, and we have fought and bled for every last inch of it.”</p><p>Unexpectedly, Arbaaz laughs. It's a deep, full sound, and she blinks in surprise. “Very much like your father,” he says, and the stone mask is cracked. “It is the mark, it seems, of all young Assassins to aspire to lofty, impossible goals. 'Experience is both aid and shackle.' I remember he wrote that to me, many years after we parted. It seems the destiny of the young to charge headfirst into where the old have failed.”</p><p>He settles back into his chair, and for the first time, she realizes just how rigidly he's held himself all this while. So, then. Has she passed the test? Was there a test to begin with? More importantly, would the outcome have mattered either way? “Yes,” she says, and she's not entirely sure what she's saying yes to. “We did what we could, and eventually the pieces fell into place.” She hesitates, and then adds quietly, “I would like to think that we have honored Father's memory, doing what we did.”</p><p>She's aware of his eyes on her, his gaze somber. “I was sorry to hear about Ethan's passing. We had our disagreements, but he was a true friend and a good Assassin.” A pause. “London was a dream for Ethan. He had his greatest battles in his city, and I am sorry to say, his greatest failures. To see it now liberated from Templar hands—yes. I am certain that he would be proud.”</p><p>She swallows. The words, spoken in his quiet, authoritative voice, seem to almost be an echo from beyond the grave. She looks down, flexing her hands in her lap as the words scramble in her mind. Arbaaz seems to understand, and a moment trickles by in silence. Strangely, it's not uncomfortable.</p><p>“Did he ever tell you how he and I met?” he asks at last, breaking the silence.</p><p>She takes a breath, casting her memory back over the stories: how Arbaaz stole the Koh-i-Noor, how he fought Alexander Burnes in single combat, how the two of them fought together against the East India Company. But how they met? “I don't think so,” she says slowly. “Much else, but not that.”</p><p>“He did not have his Council's approval to leave, either,” Arbaaz says, and there's a hint of rueful amusement in his voice now. “But he wanted to see India, and so from what I am told he simply strolled onto a boat and stowed away for the journey with none the wiser. But—as you may have discovered—dreaming of a land is far different from actually being there, and the man was nearly overwhelmed on his first day. But Ethan was stubborn, and he persisted instead of turning tail and fleeing for home. He found work as a clerk for a trading company. They eventually sent him, amongst a delegation of others, to Amritsar, where the heart of the Indian Brotherhood lies. There, I was assigned to assassinate his master.”</p><p>The words paint a picture in her head as the story unfolds. Ethan, young and indignant; Arbaaz, equally young and hot-headed. As it turned out, Ethan already had had his suspicions about said master, but there was a fiery disagreement about timing (“I need the full ledgers! You can't kill him yet!”) and jurisdiction (“Who <em>are </em>you, Englishman? Why are you even here?”), which ended in both of them nearly getting caught and a hasty escape necessary. After extricating themselves from a pile of trash and manure, they decided to put aside their differences just long enough to compromise on the kill, and then for many missions thereafter…</p><p>She's known that Father was an Assassin with a career and legacy of his own, but just like Henry's image of Arbaaz, it's always been filtered through the lens of fatherhood. As Ethan's done for Arbaaz, though, so now his old friend repays the favor, telling the stories that make him human. Jacob might even find these interesting, she thinks, and she resolves to share them later.</p><p>But for now—she listens, she laughs, she asks, and&nbsp;the stories unfold.</p>\n  ","\n      <h3 class=\"landmark heading\" id=\"work\">Chapter Text</h3>\n    <p>Every other Saturday, Evie takes afternoon tea with Clara and her children, known sometimes informally as the Raggedy Court. The Saturday before her wedding, she gets into a fistfight. To be fair, the two are only coincidentally related.</p><p>It begins innocently enough. Clara and the other children have set up their headquarters in an abandoned factory in Lambeth. It's surprisingly homey given its seedy origins, and Evie's become rather fond of its cramped but lively aesthetic. Day or night, it's guaranteed to always be busy as children run in and out. She certainly wouldn't want to live there all the time, but for a bi-weekly afternoon tea—well, it's a lovely change of pace.</p><p>As it turns out, Clara's interests range far beyond the freeing of children. There's all sorts of things to keep track of: the rounds of the flower and paper sellers, the lodging and reinstatement of newly-found children, and most importantly, the careful maintenance of the information flow of the city. It turns out to be very much like a business, and as with any good business, the key to harmony is communication. So the tea isn't all social; it's to coordinate the Rooks with whatever missions that Clara may have in mind. Evie's found the little girl to be quite astute, enough that the descriptor “little” seems rather out of place.</p><p>This particular Saturday, though, the topic at hand is Evie's impending wedding. Which is really all everyone's been talking about lately, so she's not particularly surprised. “You don't seem very excited,” Clara says as she pours them each a cup of tea. “Do you not like Mr. Henry?”</p><p>Evie laughs. “Clara, if I didn't love Mr. Henry, I wouldn't be marrying him,” she says.</p><p>“Plenty of people don't marry for love,” Clara points out. “Esmeralda Bushkin married that shopkeeper down the street because he's rich and owns land in the country. So he says, anyway, but I don't believe it.”</p><p>“Well, I'm not Esmeralda Bushkin,” Evie says dryly. “And besides, Assassins have never had to marry for position or money. We don't really do aristocracy, you know.”</p><p>“Oh. But you're both aristocrats now, anyway, so I suppose it doesn't matter,” Clara says reflectively. “And running missions for the Queen herself, too! I'd shake to my boots if I ever met old Victoria.”</p><p>“She's really quite a nice person,” Evie says. “Well. A little old-fashioned, but I suppose that must be expected with the monarchy. But not at all as frightening as one might think.”</p><p>“Huh. Is <em>she</em> going to be at your wedding?”</p><p>The very idea of Queen Victoria in the mere presence of criminal Assassins and gangsters! Perish the thought. “I don't think it's quite her style,” Evie says tactfully, trying not to smile at the thought. “But again, you and the others are quite welcome. Just try not to scandalize my parents-in-law. I'm trying not to make a terrible impression on them.”</p><p>“Won't say a single swear, promise,” Clara says, eyes earnest. “And I'll be the best flower girl you've ever seen.”</p><p>Wait, what? “You're going to be my flower girl?” Evie asks bemusedly. “I didn't even know I was going to have flower girls. Did I decide this?”</p><p>“You are now. <em>And</em> we'll have a carriage waiting and ready, just in case you change your mind,” Clara says with no little satisfaction. “So if you want to run away at the last second, we've got you covered. Burney's getting better at steering the horses all the time. And Angelica's already nicked a set of your clothes, so you can change in the carriage and hop away with no one the wiser.”</p><p>Evie blinks. “I can? Wait. <em>Am</em> I planning to run away at the altar?”</p><p>Clara shrugs. “We'll get everything ready just in case. And if you don't, then we can use the horses anyway for the McAllister job in the afternoon.” She pauses, and then adds brightly, “We're sure that you won't run 'cos Mr. Henry's a good man, but we shan't say no if you need us.”</p><p>There's nothing but sincerity in Clara's expression, and Evie has to work hard to keep a straight face. “Well, I don't have any plans to run away, but I will certainly keep it in mind,” she says gravely. “And seeing as I now have a flower girl, I will also be prepared for that. Do I bring the flowers or will you supply your own?”</p><p>“Oh, don't worry about those. Rouser got his hands on lots from the job last week, and they're still mostly fresh. It'll stop him from eating them, anyway, if I tell him they're for your wedding,” she adds almost as a philosophical afterthought, and Evie can't stop a laugh from bursting out. “And then we can—”</p><p>And that's when the scream rings through the factory. Evie's on her feet in an instant, Clara following suit in the next heartbeat. Leaning over the railing, Evie can see that there's quite a commotion on the factory floor, the center of which appears to be a rather out-of-breath girl, half-hysterical by the sounds of it. “Oh, dear,” Clara says as she takes it in. It's not really an exclamation of surprise, more one of resignation. “That's Missy. I thought this might happen.”</p><p>\"You did?\"</p><p>\"Unfortunately, yeah. Hold on.\"</p><p>Clara&nbsp;rushes down the stairs. The crowd around Missy parts to give her&nbsp;room as she approaches, and Evie follows in her wake. Missy looks to be about ten, and her appearance is a disheveled mess even for an urchin on the streets. The sleeve of her dress is torn, and her pigtails are half-undone. “Calm down,” Clara's saying as Evie approaches. “Missy, one word at a time. What happened at the Dogsbody? Is Jasper all right?”</p><p>“No,” Missy whimpers. “They've got him. The bully boys found him in the alleyway and he couldn't get out. Please, we have to stop them, else we'll be fishing him out of the Thames tomorrow!”</p><p>Clara turns, an unspoken question in her eyes. Evie doesn't know the situation: who Jasper is, who he might have angered, or really, anything of what is going on. But Clara's asking a favor, and Evie won't sit by and let a child be killed, no matter his crime. “Of course,” she says immediately. “Call the Rooks on Clapham Street, too.”</p><p>And then they're off. There are always a number of carriages parked near the factory, and Evie commandeers one now, following Clara's directions down a series of winding streets. They stop near a ramshackle set of townhouses, and Clara looks around, clearly anxious. “This is where Missy last saw him,” she informs Evie. “But they could be anywhere by now...”</p><p>A problem for anyone else, perhaps, but not an Assassin. Evie takes a breath and switches to the second sight, willing the eagle to sho her the way.&nbsp;The grey blooms to life around her, and there are bright gold tracks on the ground now, directing her to her prey. “Here,\" Evie says. \"This way.”</p><p>Clara doesn't question her, biting her lip and giving a resolute nod as they continue to move throughout the streets. It doesn't take long before they hear a young boy's cries, punctuated by the angry shouts of older men. Evie takes a breath, sliding from the seat of the carriage. “Stay here,” she directs Clara. “Point the Rooks towards me if they arrive, but stay out of trouble. Run away if you have to, do you understand? This is too dangerous for you.”</p><p>She&nbsp;nods, eyes wide. Evie turns back towards the sounds of what can only be Jasper receiving a thorough beating, and she feels the calm of the hunt settle into her bones as she makes her way through the street. True, she doesn't know what the unfortunate Jasper may have done to incite their wrath, and for all she knows there may be a very good reason. Not justifiable enough to warrant this, though, and certainly not going to stop her from stopping them.</p><p>And so, she strikes.</p><p>Banter is for those who wish to throw away a perfectly good advantage. Evie attacks&nbsp;from above, silent and swift. There are three men, and she catches one in the drop, cracking his shoulder hard into the ground. He won't die—her intention here isn't to kill—but his arm is broken and he's down for the count. She whirls around to face the other two, and it's an easy job to slam one into the other, using the wall to knock them both out. It's over in less than a minute, with all three bully boys flat on the ground. A simple job, really, for a trained Assassin. Much less so for a young child.</p><p>Jasper is curled up and barely conscious, but he still tries to scrabble away as she approaches. “Hey,” she says as gently as she can. “It's all right. My name is Evie Frye, and I'm a friend of Clara's. She sent me to find you. You're safe now, I promise.”</p><p>The boy is a bloody mess, and she wishes grimly that the descriptor was a mere curse word. She holds out her hands, sliding them as slowly as she can under Jasper's knees and head. Picking him up is going to hurt him no matter how gentle she is, and the best she can do is to get it over with as soon as possible. She tightens her grip on him. “All right, ready? On the count of three, I'm going to pick you up. One, two—”</p><p>There's a split-second of warning, triggered by the second sense honed with years of experience. She loosens her hold on Jasper and rolls away, but not quick enough. Something slams&nbsp;hard into the side of her head, and Evie gasps involuntarily&nbsp;as pain blossoms, sharp and vicious. She staggers back, clawing at the wall for a grip. The world is spinning, but through the bright spots of vision she can see one of the men approaching. Which one, it doesn't matter, but clearly they're not as unconscious as they're supposed to be. Stupid, stupid,&nbsp;<em>stupid!</em></p><p>He rushes at her. She's not coordinated enough to dodge it, but she can bring her arm up and use his own momentum to spear the hidden blade through his shoulder. He howls, and she pulls her blade out, backhanding him hard across the face with all of her strength. As he takes an involuntary step back, she grabs his head by the hair, twisting hard and driving it into the wall. He crumples without further ado.</p><p>She stands for a moment, breathing hard. There's something sticky running down the side of her face, and a touch of her finger reveals that it's blood. Hers or the man's, she's not sure, but she's willing to bet that it's her own if the throbbing pain is any judge. Sloppy, she thinks, more angry at herself then at them. She should've made sure that they were unconscious. An amateur mistake, and now she's paying the price, and none of it should have happened in the first place—</p><p>Stop, she thinks. Berating yourself won't help matters. “All right,” she says, and her voice sounds very distant to her own ears. “One step at a time. You can do this, Evie.”</p><p>Lifting Jasper feels like a herculean task, and each step thereafter seems to set the world spinning anew. She's never been more grateful to find that Clara has ignored her compunction to stay put, the girl rushing forward as they round the corner to the carriage. “Miss Evie!” Clara&nbsp;cries, the words coming out in a rush. “Oh, bloody hell.&nbsp;Jasper! What did they do? Riley, help me get him into the carriage. Miss Evie, you should sit in there too, you look right done in. Martha, run to the station and check the schedule, and send the runners to find Jacob Frye. Oh, and Mr. Green too!\"</p><p>“Jacob's&nbsp;not far, he's at the Thames,” Evie murmurs as she drops heavily onto the carriage seat. “Won't be back until supper, if at all. Some to-do with Ned, I don't know what exactly. Henry's with his parents. Whitechapel? I don't know. I can't remember...”</p><p>“All right, Miss Evie, we'll handle it. You just sit and stay put. Burney!” Clara calls, and Evie flinches away&nbsp;at the shout. “Take us to the asylum. Miss Nightingale will know what to do. Come on, then!”</p><p>And then it all turns into a rather achy, bumpy blur. Evie knows vaguely that she's got a concussion of some sort, no doubt, and staying awake is very important. It's such a chore, though, and if not for Clara shaking her constantly, no doubt she would have drifted off. As it is, she's only distantly aware of their surroundings as they usher in through some doors and probably around some corridors. Miss Nightingale is there, she knows, and Evie obediently answers the questions as they're posed.</p><p>After that, the world gets very quiet and a little strange for a while, and that's really just fine by her.</p><hr><p>It's some time later. There's grey, filtered light coming from the window, but the drapes are drawn, which is nice. There's someone else in the room, which is probably nice, but it depends rather on who those people are. She shifts on the bed as she peers blurrily into the half-light. “Clara?” she says. Her head feels somewhat like it's been stuffed with cotton balls, but at least it doesn't hurt anymore.</p><p>“No,” a very familiar voice says, and every muscle in her body relaxes at the sound. “Just me. Disappointed?”</p><p>“Jacob,” she says, the word more a sigh than a proper word. She flings an arm out, and she feels him take it, his hand warm and solid. “You're here.”</p><p>“Of course I'm here. Someone told me that my dearest darling sister was swooning on the steps of Lambeth, and I couldn't pass up an opportunity like that, now could I?” The words are sarcastic, but his hand is gentle as it rubs circles just above the pulse point in her wrist. “What happened?”</p><p>Thinking is hard, but Evie does her best to recall the events. “Got stupid,” she says finally. “Inna fight. Didn't make sure he was out.”</p><p>“Should've just killed them.”</p><p>“Didn't wanna. Not 'nough info.”</p><p>“Well, that's just silly of you,” he says, the words softly chiding.</p><p>It's too much effort to make a proper face at him, so she settles for the slightest wrinkle of her nose. Even that hurts, though, and she groans softly with pain. “Ow.”</p><p>“Right, don't do that. You're going to have a lovely bruise on your wedding day,” he says. “The photographs will be ghastly. The guests are going to think you're a hooligan from the slums.”</p><p>“M'not from the slums. <em>You're</em> from the slums.”</p><p>“Well, I can't argue that,” he says. She has the slightest notion that he's just humoring her, though, and she gives him the most suspicious glare she can under the circumstances. It probably turns out to be slightly more of a squint, but if his grin is any indication, he understands the sentiment behind it. “Would I lie to you?”</p><p>“Of course,” she says, but there's no real heat behind it. She takes a breath, the thoughts moving slow as molasses through her head. “Where's Henry? An' Clara. And the boy?”</p><p>“We've got children looking for Greenie. He's probably in Whitechapel, so they'll find him soon. I got the news first, so here I am. O'Dea is back at her court or whatever it's called, but she does have one of her little minions here. As to the boy, I've no idea. What boy, etcetera.”</p><p>Boy. Right. What boy? “Jasper,” she says after a bleary moment. “He was in trouble.”</p><p>“And so you decided to jump into the fray,” Jacob says, sounding wry. “You hero, you.”</p><p>“Was stupid,” she mumbles.</p><p>“Oh, I've no doubt. Heroics <em>are</em> stupid. But you saved someone's life, or so I am told. Strange how that keeps happening.”</p><p>“I try,” she yawns. “Mm. Gotta piss.”</p><p>“And there we are. Any illusion of heroism I've ever had about you goes down the drain,” he says, and there's definitely a smile in his voice. “Fortunately for you, you're in the deluxe suite here in our good asylum. There's a connecting bathroom. Do you need me to help?”</p><p>She considers it for a moment. It's not really a matter of pride, but more a matter of...well...something that she can't articulate right now, but it's definitely not pride. She knows that. “Maybe?” she ventures finally. “Room's a bit wobbly.”</p><p>There's a grunt from Jacob as he straightens up in his chair. “Come on, then, old lady,” he says. “Here. Hold onto me.”</p><p>He slides an arm behind her head, the other hand bracing the small of her back. It's vaguely reminiscent of the way she'd held Jasper earlier (hours ago? She doesn't know how long it's been), and she tries not to let the irony bite too deeply. Jacob is a solid bulk against her, though, and he doesn't complain as she drags against his arm for support when the swaying threatens to overwhelm her.</p><p>At a snail's pace, they make their way across the floor and into the bathroom.&nbsp;The only light is the pale half-light from the window in the adjacent room, and it really doesn't do anything for the dark of the bathroom. Tiredly, she blinks, changing her sight to the silver-grey world of eagle vision. There. Better. She doesn't even want to think about how painful the lightbulb would be right now.</p><p>Jacob's face is a cool, reassuring green, the color of an ally. His eyes fix unerringly on hers in the dark, and she can see his mouth quirk wryly as he deduces what she's doing. “No light, then,” he says, his voice low. “Do you need me to…?”</p><p>She tries to shake her head and ends up more twitching it instead as the room lurches&nbsp;around her. “I'll be fine,” she tells him. “Go tell Clara I'm 'live.”</p><p>“Hmph. Fine. If I hear something hitting the floor, though, I'm charging in, your delicate modesty be damned,” he warns her. She swats him on the hip, seeing as that's the closest part of him that she can reach. But he does leave, and she leans against the wall of the bathroom as she begins the aching process of actually using the damn toilet.</p><p>Jacob returns long before she's done, and she can hear him puttering around the room outside. He's there when she finally manages to get the door open, and there's a glass of water in his hand when she settles back into the bed. She sips at it gratefully before leaning back into the pillows with a sigh. Finally, a place where the room isn't whirling in a horribly nauseous matter. “Thanks,” she mumbles, pressing the cool glass against her forehead.</p><p>He reaches over, extricating the glass from her hands and setting it to safety on the bedside table. “You're welcome,” he says, and then he probably follows it up with some sarcastic comment or the other.&nbsp;She smiles drowsily and pats the air in the general direction of his arm, humoring whatever he's saying. It doesn't really matter, though, because she's drifting off, the world&nbsp;a&nbsp;haze once more.</p><hr><p>&nbsp;The next thing she's aware of, there's sunlight filtering through the window. It's the bright, clear light of day, and best of all,&nbsp;it doesn't threaten to stab her in the eyes. She blinks at the light in childlike pleasure for a moment before raising a hand to touch her temple. The skin there is tender to the touch, and she can feel the bruise across the top half of her cheekbone. There's some sort of ointment slathered on her face, slick to the touch.</p><p>“Miss Nightingale said not to touch it,” a voice says, high and anxious. “I'm so sorry, Miss Evie, I didn't think this would happen!”</p><p>She turns her head to look at Clara, a quiet part of her marveling at how the room stays perfectly still. A thing that many people take for granted, evidently, including herself. The girl&nbsp;is perched on the edge of her chair, looking as if she's ready to fly off at any moment. Her hair is in wild disarray, and she looks as if she's been awake all night. Her fingers are twisted together, almost bloodlessly white. Evie reaches out to place her own hand over them.</p><p>“Clara,” she says, and she winces a little at how raspy her voice is. “It's quite all right.”</p><p>“But you were hurt!” Clara bursts out. “And it's all because I asked you to help!&nbsp;We wouldn't have even called you if you hadn't been there. It really wasn't your problem at all, but you helped anyway and now you're all bruised! And you're going to get married in four days! But&nbsp;last night you couldn't even stand up and what if you—”</p><p>Evie tightens her hands on Clara's,&nbsp;stilling the flood of words. The girl sounds like she's about to cry, and it's strange to remember that she's still only thirteen. A child still, no matter what authority she may wield over her peers. “Clara,” she says gently. “This isn't your fault. I wanted to help.”</p><p>“You wouldn't have come if I hadn't asked!” Clara cries. \"I shouldn't have asked you—\"</p><p>“Clara. You didn't need to ask,” Evie says firmly. “I wouldn't have stood by and watched it happen, and believe me, you would've had a job on your hands trying to stop me. I wouldn't have been able to call myself an Assassin in good conscience if I had just waited.”</p><p>“But now—what about the wedding?” Clara says, sounding miserable. “You can't get married looking like that. The bruise is huge!”</p><p>Evie laughs, and she winces at the movement stretches&nbsp;the bruised muscles of her face. “I can and I will,” she tells Clara. “Henry will love me, bruise or no, and I won't regret what caused it.” Well, except her own stupidity, but she leaves that bit out.</p><p>Clara sniffs. “I don't know,” she begins, still sounding wretchedly unhappy. “But don't you have to take photographs or something? People do that at weddings, I know.”</p><p>“We can always put those off,” Evie says, shaking her head. “Photographs are tedious to do anyway. Perhaps we won't have them at all. Henry won't care, I know.”</p><p>The sound that comes from Clara can be most accurately described as a yelp. “You can't do that!” she&nbsp;says. “You need to have photographs!”</p><p>Evie stifles her smile at the sheer horror in Clara's voice. “All right,” she says. “Then we shall have them, but it doesn't have to be the day of the wedding itself. I'm not worried about them, Clara. Not the same way I would have been worried about your friends.”</p><p>“But—”</p><p>“But nothing,” Evie says firmly. “The wedding will go on. I promise.\" She shifts in the bed, turning towards the younger girl.&nbsp;\"And Clara, you are still invited.\"</p><p>\"I don't think I should,\" Clara begins, and Evie shakes her head. \"But I—\"</p><p>\"No. I need my flower girl there, remember?\" She waits a beat and then adds, \"Not to mention my elopement carriage, remember? I shall hold you to that promise.\"</p><p>She smiles as her words are enough to startle a laugh out of Clara. It's a watery sound, but it's encouraging nonetheless. “That would be a fair mess,” Clara&nbsp;says,, scrubbing a hand across her nose. “Hopefully Mr. Henry didn't hear that. He just stepped out to get some water. He should be back soon.”</p><p>“Well, he has very good timing. Although, if he did know,&nbsp;I think he'd just be amused that I'm so prepared,” Evie says absently. She looks at the door and switches to her eagle vision, letting the presence of others announce themselves in green and gold blurs. And yes, there's Henry, rounding the corner with the requisite jug of water in hand. “And speak of the devil,” she says softly.</p><p>“You really shouldn't be calling your fiance a devil,” Clara says, and she sounds surprisingly prim. Evie turns her attention away from the door and raises an eyebrow at her, and Clara flashes her a cheeky grin. Evie returns it, feeling much better. Good. Clara's back to her old spirit, then, which was the point of the whole exercise.</p><p>Guilt is too exhausting for anyone to bear, much less a young girl.</p><p>“I'll go, then,” Clara says, standing up. “I'll come by the train tonight, is that all right?”</p><p>“Yes,” Evie says. \"I'll see you there.\"</p><p>She gives Clara a wave goodbye as the girl lets herself out. With a smile, Evie&nbsp;leans back into the pillows, waiting for Henry to arrive.&nbsp;</p>\n  "],"summary":[]},"summary":"\"Something old, something new, something borrowed, something blue, and a silver sixpence in her shoe.\"","stats":{"language":"English","words":6,"hits":104,"kudos":8,"bookmarks":0,"comments":1,"chapters":{"released":2,"total":4}},"tags":{"warnings":[{"name":"No Archive Warnings Apply","url":"http://archiveofourown.org/tags/No%20Archive%20Warnings%20Apply/works"}],"characters":[{"name":"Arbaaz Mir","url":"http://archiveofourown.org/tags/Arbaaz%20Mir/works"},{"name":"Evie Frye","url":"http://archiveofourown.org/tags/Evie%20Frye/works"},{"name":"Clara O'Dea","url":"http://archiveofourown.org/tags/Clara%20O'Dea/works"},{"name":"Jacob Frye","url":"http://archiveofourown.org/tags/Jacob%20Frye/works"}],"freeforms":[{"name":"Family","url":"http://archiveofourown.org/tags/Family/works"},{"name":"Relationship(s)","url":"http://archiveofourown.org/tags/Relationship(s)/works"},{"name":"Marriage","url":"http://archiveofourown.org/tags/Marriage/works"},{"name":"Sibling Love","url":"http://archiveofourown.org/tags/Sibling%20Love/works"},{"name":"Friendship","url":"http://archiveofourown.org/tags/Friendship/works"}]}}