{"title":"Memories You Can't Erase","id":5752834,"url":"http://www.archiveofourown.com/works/5752834","author":"bxrnes_rxgers","author_url":"http://archiveofourown.org/users/bxrnes_rxgers/pseuds/bxrnes_rxgers","date":"2016-01-18T05:00:00.000Z","fanfic":{"story":[],"summary":[]},"summary":"Steve didn’t even hear the door open as he felt someone press against him. He smirked as he said, “Is that a gun in your pocket or are you just happy to see me?” ","stats":{"language":"English","words":2,"hits":3,"kudos":0,"bookmarks":0,"comments":0,"chapters":{"released":1,"total":1}},"tags":{"warnings":[{"name":"Creator Chose Not To Use Archive Warnings","url":"http://archiveofourown.org/tags/Choose%20Not%20To%20Use%20Archive%20Warnings/works"}],"relationships":[{"name":"James \"Bucky\" Barnes/Steve Rogers","url":"http://archiveofourown.org/tags/James%20%22Bucky%22%20Barnes*s*Steve%20Rogers/works"},{"name":"Steve Rogers/Brock Rumlow (brief)","url":"http://archiveofourown.org/tags/Steve%20Rogers*s*Brock%20Rumlow%20(brief)/works"},{"name":"Clint Barton/Natasha Romanov","url":"http://archiveofourown.org/tags/Clint%20Barton*s*Natasha%20Romanov/works"}],"characters":[{"name":"Steve Rogers","url":"http://archiveofourown.org/tags/Steve%20Rogers/works"},{"name":"James \"Bucky\" Barnes","url":"http://archiveofourown.org/tags/James%20%22Bucky%22%20Barnes/works"},{"name":"Tony Stark","url":"http://archiveofourown.org/tags/Tony%20Stark/works"},{"name":"Natasha Romanov","url":"http://archiveofourown.org/tags/Natasha%20Romanov/works"},{"name":"Brock Rumlow","url":"http://archiveofourown.org/tags/Brock%20Rumlow/works"},{"name":"Nick Fury","url":"http://archiveofourown.org/tags/Nick%20Fury/works"}],"freeforms":[{"name":"Canon Divergence - Captain America: The Winter Soldier","url":"http://archiveofourown.org/tags/Canon%20Divergence%20-%20Captain%20America:%20The%20Winter%20Soldier/works"},{"name":"I wanted this to be a light fic but somehow it came out angsty ???","url":"http://archiveofourown.org/tags/I%20wanted%20this%20to%20be%20a%20light%20fic%20but%20somehow%20it%20came%20out%20angsty%20*q**q**q*/works"},{"name":"Angst","url":"http://archiveofourown.org/tags/Angst/works"},{"name":"Bucky Barnes Needs a Hug","url":"http://archiveofourown.org/tags/Bucky%20Barnes%20Needs%20a%20Hug/works"},{"name":"Past Bucky Barnes/Steve Rogers","url":"http://archiveofourown.org/tags/Past%20Bucky%20Barnes*s*Steve%20Rogers/works"},{"name":"Eventual Smut","url":"http://archiveofourown.org/tags/Eventual%20Smut/works"},{"name":"Eventual Relationships","url":"http://archiveofourown.org/tags/Eventual%20Relationships/works"},{"name":"Bucky Barnes Recovering","url":"http://archiveofourown.org/tags/Bucky%20Barnes%20Recovering/works"},{"name":"Русский | Russian","url":"http://archiveofourown.org/tags/%D0%A0%D1%83%D1%81%D1%81%D0%BA%D0%B8%D0%B9%20%7C%20Russian/works"},{"name":"My First Fanfic","url":"http://archiveofourown.org/tags/My%20First%20Fanfic/works"},{"name":"Canon-Typical Violence","url":"http://archiveofourown.org/tags/Canon-Typical%20Violence/works"}]}}