{"title":"Not so Ninja","id":5754766,"url":"http://www.archiveofourown.com/works/5754766","author":"dustbunnies27","author_url":"http://archiveofourown.org/users/dustbunnies27/pseuds/dustbunnies27","date":"2016-01-18T05:00:00.000Z","fanfic":{"story":"","summary":"\n      <p>Based of a Meet-Ugly prompt I could not ignore because it sounds like the shit these two would get into:</p>\n<p>\"You're the bastard who keeps parking right in front of my house so I retaliated by keying your car and you caught me\"</p>\n    "},"summary":"Based of a Meet-Ugly prompt I could not ignore because it sounds like the shit these two would get into:","stats":{"language":"English","words":902,"hits":47,"chapters":{"released":1,"total":null}},"tags":{"warnings":[{"name":"No Archive Warnings Apply","url":"http://archiveofourown.org/tags/No%20Archive%20Warnings%20Apply/works"}],"relationships":[{"name":"Castiel/Dean Winchester","url":"http://archiveofourown.org/tags/Castiel*s*Dean%20Winchester/works"},{"name":"Charlie Bradbury/Gilda","url":"http://archiveofourown.org/tags/Charlie%20Bradbury*s*Gilda/works"}],"characters":[{"name":"Dean Winchester","url":"http://archiveofourown.org/tags/Dean%20Winchester/works"},{"name":"Castiel","url":"http://archiveofourown.org/tags/Castiel/works"},{"name":"Charlie Bradbury","url":"http://archiveofourown.org/tags/Charlie%20Bradbury/works"},{"name":"Sam Winchester","url":"http://archiveofourown.org/tags/Sam%20Winchester/works"},{"name":"Gabriel (Supernatural)","url":"http://archiveofourown.org/tags/Gabriel%20(Supernatural)/works"}],"freeforms":[{"name":"Nerd Dean","url":"http://archiveofourown.org/tags/Nerd%20Dean/works"},{"name":"Punk Castiel","url":"http://archiveofourown.org/tags/Punk%20Castiel/works"},{"name":"Charlie Ships It","url":"http://archiveofourown.org/tags/Charlie%20Ships%20It/works"},{"name":"Meet-Ugly","url":"http://archiveofourown.org/tags/Meet-Ugly/works"},{"name":"Because prompts are fun","url":"http://archiveofourown.org/tags/Because%20prompts%20are%20fun/works"},{"name":"Dean is such a dork","url":"http://archiveofourown.org/tags/Dean%20is%20such%20a%20dork/works"},{"name":"Cas is BAMF","url":"http://archiveofourown.org/tags/Cas%20is%20BAMF/works"},{"name":"stretching my writing muscles","url":"http://archiveofourown.org/tags/stretching%20my%20writing%20muscles/works"},{"name":"Smut will happen in later chapters","url":"http://archiveofourown.org/tags/Smut%20will%20happen%20in%20later%20chapters/works"},{"name":"will change rating to Explicit","url":"http://archiveofourown.org/tags/will%20change%20rating%20to%20Explicit/works"},{"name":"but for now just a lot of swearing","url":"http://archiveofourown.org/tags/but%20for%20now%20just%20a%20lot%20of%20swearing/works"}]}}