{"title":"it'd be an honour","id":5755081,"url":"http://www.archiveofourown.com/works/5755081","author":"starrkeys","author_url":"http://archiveofourown.org/users/starrkeys/pseuds/starrkeys","date":"2016-01-18T05:00:00.000Z","fanfic":{"story":"","summary":""},"summary":"There are some people that are just so wonderful and perfect for you that the good times are worth the bad. It’s just so unbelievable that you have gotten to know them that even if they break your heart, it would be worth it. For Troye, Connor was one of those people.","stats":{"language":"English","words":803,"hits":61,"chapters":{"released":1,"total":1}},"tags":{"warnings":[{"name":"No Archive Warnings Apply","url":"http://archiveofourown.org/tags/No%20Archive%20Warnings%20Apply/works"}],"relationships":[{"name":"Connor Franta/Troye Sivan","url":"http://archiveofourown.org/tags/Connor%20Franta*s*Troye%20Sivan/works"}],"characters":[{"name":"Connor Franta","url":"http://archiveofourown.org/tags/Connor%20Franta/works"},{"name":"Troye Sivan","url":"http://archiveofourown.org/tags/Troye%20Sivan/works"}],"freeforms":[{"name":"Long-Distance Relationship","url":"http://archiveofourown.org/tags/Long-Distance%20Relationship/works"},{"name":"A bit sad","url":"http://archiveofourown.org/tags/A%20bit%20sad/works"},{"name":"Happy Ending","url":"http://archiveofourown.org/tags/Happy%20Ending/works"},{"name":"Bittersweet","url":"http://archiveofourown.org/tags/Bittersweet/works"}]}}