{"title":"The Emotional Maturity of a Blueberry Scone","id":5755435,"url":"http://www.archiveofourown.com/works/5755435","author":"Chash","author_url":"http://archiveofourown.org/users/Chash/pseuds/Chash","date":"2016-01-18T05:00:00.000Z","fanfic":{"story":"","summary":""},"summary":"Clarke starts having casual sex with Lincoln. Bellamy deals with this spectacularly well, obviously.","stats":{"language":"English","words":3,"hits":452,"chapters":{"released":1,"total":1}},"tags":{"warnings":[{"name":"No Archive Warnings Apply","url":"http://archiveofourown.org/tags/No%20Archive%20Warnings%20Apply/works"}],"relationships":[{"name":"Bellamy Blake/Clarke Griffin","url":"http://archiveofourown.org/tags/Bellamy%20Blake*s*Clarke%20Griffin/works"}],"characters":[{"name":"Bellamy Blake","url":"http://archiveofourown.org/tags/Bellamy%20Blake/works"},{"name":"Clarke Griffin","url":"http://archiveofourown.org/tags/Clarke%20Griffin/works"}],"freeforms":[{"name":"Alternate Universe - Modern Setting","url":"http://archiveofourown.org/tags/Alternate%20Universe%20-%20Modern%20Setting/works"},{"name":"Friends With Benefits","url":"http://archiveofourown.org/tags/Friends%20With%20Benefits/works"}]}}