{"title":"Forgive Me Father, But Are You Sinning","id":5755387,"url":"http://www.archiveofourown.com/works/5755387","author":"kestra_troi","author_url":"http://archiveofourown.org/users/kestra_troi/pseuds/kestra_troi","date":"2016-01-18T05:00:00.000Z","fanfic":{"story":"","summary":""},"summary":"Jackson knows his priest has got the hots for him, so he takes advantage of the situation.","stats":{"language":"English","words":1,"hits":39,"chapters":{"released":1,"total":1}},"tags":{"warnings":[{"name":"No Archive Warnings Apply","url":"http://archiveofourown.org/tags/No%20Archive%20Warnings%20Apply/works"}],"relationships":[{"name":"Scott McCall/Jackson Whittemore","url":"http://archiveofourown.org/tags/Scott%20McCall*s*Jackson%20Whittemore/works"}],"characters":[{"name":"Jackson Whittemore","url":"http://archiveofourown.org/tags/Jackson%20Whittemore/works"},{"name":"Scott McCall","url":"http://archiveofourown.org/tags/Scott%20McCall/works"}],"freeforms":[{"name":"Plot What Plot/Porn Without Plot","url":"http://archiveofourown.org/tags/Plot%20What%20Plot*s*Porn%20Without%20Plot/works"},{"name":"One Shot","url":"http://archiveofourown.org/tags/One%20Shot/works"},{"name":"Alternate Universe- No Supernatural","url":"http://archiveofourown.org/tags/Alternate%20Universe-%20No%20Supernatural/works"},{"name":"Not Canon Compliant","url":"http://archiveofourown.org/tags/Not%20Canon%20Compliant/works"},{"name":"Not Beta Read","url":"http://archiveofourown.org/tags/Not%20Beta%20Read/works"},{"name":"Older Man/Younger Man","url":"http://archiveofourown.org/tags/Older%20Man*s*Younger%20Man/works"},{"name":"Adult Scott","url":"http://archiveofourown.org/tags/Adult%20Scott/works"},{"name":"Not Underage","url":"http://archiveofourown.org/tags/Not%20Underage/works"},{"name":"Teen Jackson","url":"http://archiveofourown.org/tags/Teen%20Jackson/works"},{"name":"Oral Sex","url":"http://archiveofourown.org/tags/Oral%20Sex/works"},{"name":"Blow Jobs","url":"http://archiveofourown.org/tags/Blow%20Jobs/works"},{"name":"Power Dynamics","url":"http://archiveofourown.org/tags/Power%20Dynamics/works"},{"name":"Power Imbalance","url":"http://archiveofourown.org/tags/Power%20Imbalance/works"},{"name":"Top Jackson Whittemore","url":"http://archiveofourown.org/tags/Top%20Jackson%20Whittemore/works"},{"name":"Top Jackson","url":"http://archiveofourown.org/tags/Top%20Jackson/works"},{"name":"Bottom Scott McCall","url":"http://archiveofourown.org/tags/Bottom%20Scott%20McCall/works"},{"name":"Bottom Scott","url":"http://archiveofourown.org/tags/Bottom%20Scott/works"},{"name":"Overuse of Religious Imagery","url":"http://archiveofourown.org/tags/Overuse%20of%20Religious%20Imagery/works"},{"name":"Slight Scent Kink","url":"http://archiveofourown.org/tags/Slight%20Scent%20Kink/works"},{"name":"based on a manip","url":"http://archiveofourown.org/tags/based%20on%20a%20manip/works"},{"name":"Manipulation","url":"http://archiveofourown.org/tags/Manipulation/works"},{"name":"Secret Relationship","url":"http://archiveofourown.org/tags/Secret%20Relationship/works"},{"name":"Priest Scott","url":"http://archiveofourown.org/tags/Priest%20Scott/works"},{"name":"Seduction","url":"http://archiveofourown.org/tags/Seduction/works"},{"name":"Confessional Sex","url":"http://archiveofourown.org/tags/Confessional%20Sex/works"},{"name":"Coming In Pants","url":"http://archiveofourown.org/tags/Coming%20In%20Pants/works"},{"name":"Gay Scott McCall","url":"http://archiveofourown.org/tags/Gay%20Scott%20McCall/works"}]}}