{"title":"Reform","id":5755291,"url":"http://www.archiveofourown.com/works/5755291","author":"bibiliojess","author_url":"http://archiveofourown.org/users/bibiliojess/pseuds/bibiliojess","date":"2016-01-18T05:00:00.000Z","fanfic":{"story":"","summary":"\n      <p>The road from recovery to reformation is never an easy one to take. Steve doesn't want to take it anymore but Bucky doesn't have a choice. Together, the Avengers ban together to resolve what is and what should have never been.</p>\n    "},"summary":"The road from recovery to reformation is never an easy one to take. Steve doesn't want to take it anymore but Bucky doesn't have a choice. Together, the Avengers ban together to resolve what is and what should have never been.","stats":{"language":"English","words":1,"hits":15,"chapters":{"released":1,"total":null}},"tags":{"warnings":[{"name":"Graphic Depictions Of Violence","url":"http://archiveofourown.org/tags/Graphic%20Depictions%20Of%20Violence/works"}],"relationships":[{"name":"James \"Bucky\" Barnes/Steve Rogers","url":"http://archiveofourown.org/tags/James%20%22Bucky%22%20Barnes*s*Steve%20Rogers/works"},{"name":"Jane Foster/Thor","url":"http://archiveofourown.org/tags/Jane%20Foster*s*Thor/works"},{"name":"mentions of previous","url":"http://archiveofourown.org/tags/mentions%20of%20previous/works"},{"name":"Peggy Carter/Steve Rogers","url":"http://archiveofourown.org/tags/Peggy%20Carter*s*Steve%20Rogers/works"},{"name":"Bruce Banner/Betty Ross","url":"http://archiveofourown.org/tags/Bruce%20Banner*s*Betty%20Ross/works"},{"name":"Pepper Potts/Tony Stark","url":"http://archiveofourown.org/tags/Pepper%20Potts*s*Tony%20Stark/works"},{"name":"Clint Barton/Laura Barton/Natasha Romanov","url":"http://archiveofourown.org/tags/Clint%20Barton*s*Laura%20Barton*s*Natasha%20Romanov/works"},{"name":"Riley/Sam Wilson","url":"http://archiveofourown.org/tags/Riley*s*Sam%20Wilson/works"},{"name":"James \"Bucky\" Barnes &amp; Steve Rogers","url":"http://archiveofourown.org/tags/James%20%22Bucky%22%20Barnes%20*a*%20Steve%20Rogers/works"},{"name":"Steve Rogers &amp; Sam Wilson","url":"http://archiveofourown.org/tags/Steve%20Rogers%20*a*%20Sam%20Wilson/works"},{"name":"Peggy Carter &amp; Steve Rogers","url":"http://archiveofourown.org/tags/Peggy%20Carter%20*a*%20Steve%20Rogers/works"},{"name":"James \"Bucky\" Barnes &amp; Sam Wilson","url":"http://archiveofourown.org/tags/James%20%22Bucky%22%20Barnes%20*a*%20Sam%20Wilson/works"},{"name":"James \"Bucky\" Barnes &amp; Jane Foster","url":"http://archiveofourown.org/tags/James%20%22Bucky%22%20Barnes%20*a*%20Jane%20Foster/works"},{"name":"Steve Rogers &amp; Thor","url":"http://archiveofourown.org/tags/Steve%20Rogers%20*a*%20Thor/works"},{"name":"Bruce Banner &amp; Tony Stark","url":"http://archiveofourown.org/tags/Bruce%20Banner%20*a*%20Tony%20Stark/works"},{"name":"Natasha Romanov &amp; Tony Stark","url":"http://archiveofourown.org/tags/Natasha%20Romanov%20*a*%20Tony%20Stark/works"}],"characters":[{"name":"Steve Rogers","url":"http://archiveofourown.org/tags/Steve%20Rogers/works"},{"name":"James \"Bucky\" Barnes","url":"http://archiveofourown.org/tags/James%20%22Bucky%22%20Barnes/works"},{"name":"Sam Wilson (Marvel)","url":"http://archiveofourown.org/tags/Sam%20Wilson%20(Marvel)/works"},{"name":"Thor (Marvel)","url":"http://archiveofourown.org/tags/Thor%20(Marvel)/works"},{"name":"Bruce Banner","url":"http://archiveofourown.org/tags/Bruce%20Banner/works"},{"name":"Tony Stark","url":"http://archiveofourown.org/tags/Tony%20Stark/works"},{"name":"Jane Foster (Marvel)","url":"http://archiveofourown.org/tags/Jane%20Foster%20(Marvel)/works"},{"name":"Infinity Stones - Character","url":"http://archiveofourown.org/tags/Infinity%20Stones%20-%20Character/works"},{"name":"Ultron (Marvel)","url":"http://archiveofourown.org/tags/Ultron%20(Marvel)/works"},{"name":"General Doppelganger","url":"http://archiveofourown.org/tags/General%20Doppelganger/works"},{"name":"Original Characters","url":"http://archiveofourown.org/tags/Original%20Characters/works"}],"freeforms":[{"name":"part 3 of 3","url":"http://archiveofourown.org/tags/part%203%20of%203/works"},{"name":"Alternate Universe - Canon Divergence","url":"http://archiveofourown.org/tags/Alternate%20Universe%20-%20Canon%20Divergence/works"},{"name":"Not Avengers: Age of Ultron (Movie) Compliant","url":"http://archiveofourown.org/tags/Not%20Avengers:%20Age%20of%20Ultron%20(Movie)%20Compliant/works"},{"name":"Alternate Universe - Time Travel","url":"http://archiveofourown.org/tags/Alternate%20Universe%20-%20Time%20Travel/works"},{"name":"Post-Apocalypse","url":"http://archiveofourown.org/tags/Post-Apocalypse/works"},{"name":"Computer Viruses","url":"http://archiveofourown.org/tags/Computer%20Viruses/works"},{"name":"Biological Warfare","url":"http://archiveofourown.org/tags/Biological%20Warfare/works"},{"name":"Super Soldier Serum","url":"http://archiveofourown.org/tags/Super%20Soldier%20Serum/works"},{"name":"Nietzsche","url":"http://archiveofourown.org/tags/Nietzsche/works"},{"name":"string theory","url":"http://archiveofourown.org/tags/string%20theory/works"},{"name":"Science","url":"http://archiveofourown.org/tags/Science/works"},{"name":"Philosophy","url":"http://archiveofourown.org/tags/Philosophy/works"},{"name":"Cryogenics","url":"http://archiveofourown.org/tags/Cryogenics/works"},{"name":"War","url":"http://archiveofourown.org/tags/War/works"},{"name":"Time Travel","url":"http://archiveofourown.org/tags/Time%20Travel/works"},{"name":"Secrets","url":"http://archiveofourown.org/tags/Secrets/works"},{"name":"Mutual Pining","url":"http://archiveofourown.org/tags/Mutual%20Pining/works"},{"name":"Flashbacks","url":"http://archiveofourown.org/tags/Flashbacks/works"},{"name":"Angst","url":"http://archiveofourown.org/tags/Angst/works"},{"name":"Heavy Angst","url":"http://archiveofourown.org/tags/Heavy%20Angst/works"},{"name":"Angst with a Happy Ending","url":"http://archiveofourown.org/tags/Angst%20with%20a%20Happy%20Ending/works"},{"name":"Emotional Hurt/Comfort","url":"http://archiveofourown.org/tags/Emotional%20Hurt*s*Comfort/works"},{"name":"Hurt/Comfort","url":"http://archiveofourown.org/tags/Hurt*s*Comfort/works"},{"name":"Family Dynamics","url":"http://archiveofourown.org/tags/Family%20Dynamics/works"},{"name":"Dysfunctional Family","url":"http://archiveofourown.org/tags/Dysfunctional%20Family/works"},{"name":"Infinity Gems","url":"http://archiveofourown.org/tags/Infinity%20Gems/works"},{"name":"Drowning","url":"http://archiveofourown.org/tags/Drowning/works"},{"name":"Aftermath of Torture","url":"http://archiveofourown.org/tags/Aftermath%20of%20Torture/works"},{"name":"Protective Bucky Barnes","url":"http://archiveofourown.org/tags/Protective%20Bucky%20Barnes/works"},{"name":"competent bucky barnes","url":"http://archiveofourown.org/tags/competent%20bucky%20barnes/works"},{"name":"Steve Rogers Has Issues","url":"http://archiveofourown.org/tags/Steve%20Rogers%20Has%20Issues/works"},{"name":"Protective Steve Rogers","url":"http://archiveofourown.org/tags/Protective%20Steve%20Rogers/works"},{"name":"Sam Wilson Is a Good Bro","url":"http://archiveofourown.org/tags/Sam%20Wilson%20Is%20a%20Good%20Bro/works"},{"name":"Bucky Barnes Is a Good Bro","url":"http://archiveofourown.org/tags/Bucky%20Barnes%20Is%20a%20Good%20Bro/works"},{"name":"Thor Is Not Stupid","url":"http://archiveofourown.org/tags/Thor%20Is%20Not%20Stupid/works"},{"name":"Alternate Identities","url":"http://archiveofourown.org/tags/Alternate%20Identities/works"},{"name":"Alternate Timelines","url":"http://archiveofourown.org/tags/Alternate%20Timelines/works"},{"name":"Bisexual Steve Rogers","url":"http://archiveofourown.org/tags/Bisexual%20Steve%20Rogers/works"},{"name":"Gay Bucky Barnes","url":"http://archiveofourown.org/tags/Gay%20Bucky%20Barnes/works"},{"name":"Aromantic Natasha Romanov","url":"http://archiveofourown.org/tags/Aromantic%20Natasha%20Romanov/works"},{"name":"Background Poly","url":"http://archiveofourown.org/tags/Background%20Poly/works"},{"name":"Past Character Death","url":"http://archiveofourown.org/tags/Past%20Character%20Death/works"},{"name":"Original Character Death(s)","url":"http://archiveofourown.org/tags/Original%20Character%20Death(s)/works"},{"name":"deserumed steve rogers","url":"http://archiveofourown.org/tags/deserumed%20steve%20rogers/works"},{"name":"Big Gay Love Story","url":"http://archiveofourown.org/tags/Big%20Gay%20Love%20Story/works"}]}}