{"title":"The King of the Forest","id":5755243,"url":"http://www.archiveofourown.com/works/5755243","author":"bucketmouse","author_url":"http://archiveofourown.org/users/bucketmouse/pseuds/bucketmouse","date":"2016-01-18T05:00:00.000Z","fanfic":{"story":"","summary":""},"summary":"\n  <i>This was Ronan’s dream, and in Ronan’s dream he was a god. If he wanted to fix the damn deer then he could. </i>\n","stats":{"language":"English","words":1,"hits":32,"chapters":{"released":1,"total":1}},"tags":{"warnings":[{"name":"No Archive Warnings Apply","url":"http://archiveofourown.org/tags/No%20Archive%20Warnings%20Apply/works"}],"relationships":[{"name":"Ronan Lynch/Adam Parrish","url":"http://archiveofourown.org/tags/Ronan%20Lynch*s*Adam%20Parrish/works"}],"characters":[{"name":"Ronan Lynch","url":"http://archiveofourown.org/tags/Ronan%20Lynch/works"},{"name":"Adam Parrish","url":"http://archiveofourown.org/tags/Adam%20Parrish/works"},{"name":"Richard Gansey III","url":"http://archiveofourown.org/tags/Richard%20Gansey%20III/works"},{"name":"Orphan Girl (Raven Cycle)","url":"http://archiveofourown.org/tags/Orphan%20Girl%20(Raven%20Cycle)/works"}],"freeforms":[{"name":"Dreams","url":"http://archiveofourown.org/tags/Dreams/works"},{"name":"Pre-Slash","url":"http://archiveofourown.org/tags/Pre-Slash/works"},{"name":"Symbolism","url":"http://archiveofourown.org/tags/Symbolism/works"},{"name":"Canon Compliant","url":"http://archiveofourown.org/tags/Canon%20Compliant/works"}]}}