{"title":"Escape Nicolas x Mute!Fem!Reader x Worick","id":5756683,"url":"http://www.archiveofourown.com/works/5756683","author":"ItzDaKitKatLife","author_url":"http://archiveofourown.org/users/ItzDaKitKatLife/pseuds/ItzDaKitKatLife","date":"2016-01-18T05:00:00.000Z","fanfic":{"story":["\n      <h3 class=\"landmark heading\" id=\"work\">Chapter Text</h3>\n    <p>Yells. Curses. Screams. Lies. Hiding. Submitting...</p><p><br>\nIt was never enough. never for him at least...</p><p><br>\nYou had to get out of this hell hole...</p><p><br>\nWhat day was it? Wednesday. That's right... Tomorrow, tomorrow was a good day, that way he could be gone for even a couple minutes so you could sneak out the back door with the money you knew he stashed in his bottom drawer. Maybe then you can get out of town, maybe the state... Yeah... that sounds nice.<br>\nYou drawl on the thought before your worst nightmare slams the door open, cooing your name out from your new hiding space within his house.<br>\nYou were under all the dirty clothes in the closet, thankfully you were small so you wouldn't make it too obvious that you were there.<br>\nYou could almost <em>FEEL</em> him stalking the room as you hear a loud <strong>BAM</strong> in a door opening only for the floor boards under the carpet to creak from him moving, seeing as he didn't find you wherever he opened.</p><p><br>\n\"[Y/N]~... Come on out of hiding little birdy~... I'm not gonna hurt you this time, I promise.\" His voice soothing, but you knew this trick too well, he's done it many times and just the sound of it makes your skin crawl, \"I'm sorry baby... Get out here... please?...\" His voice seemed to drift off as he went into another room.</p><p><br>\nYou release the breath you didn't even know you were holding...</p><p><br>\n<strong>CRASH</strong>\n</p><p><br>\n\"GET THE FUCK OUT HERE NOW BEFORE WE START HAVIN' A PROBLEM BITCH!!!\"</p><p><br>\nYou're breath hitches as you hear more banging and crashing. You close your eyes and pray to God he doesn't find you. All alarms in your head starts to go off as his stomping roared to the closet of where you where. You try as you might to sink closer to the ground under the pile of clothes, <strong>BAM</strong>! The door of the closet opens. Its eerily and nerve wracking quiet as you bite your lip.</p><p><br>\nHe starts knocking over the vacuum, the extra blankets on the top shelf, behind the shoe holder thingy that holds all the shoes but to your happiness he doesn't find you yet.</p><p><br>\nMore strangle curses and muffled sentences course out of his mouth and you hear his stomping to the living room, the jingle of keys and the front door open and slam.</p><p><br>\nBut this is also not new to you, you still stay there, waiting.... Waiting for the sound of his car to turn on but it doesn't come. so you stay there.<br>\nHe's waiting for your move...<br>\nAnd you don't move a muscle.</p><p>&nbsp;</p><p>You hear him holler and scream obscenities, but it wasn't outside, actually inside.</p><p><br>\nYou feel victorious.</p><p><br>\nYou finally heard the clank and slam of the front door and the car turn on and tire squeal to the sudden movement of the gas being throttled and go down the street.</p><p><br>\n<em>YES! YES!! YES!!!</em>\n</p><p><br>\nYou practically jump from glee when you get out of the safety of the clothes and run to the drawer, You open the top drawer grab the key inside and go the the bottom drawer and unlock it, you grab all the loot, a pocket knife, your old pepper spray that he took from you a year ago, the ziplock bag of all his stashed money (5 Grand) and grab your sweater that was NOW on the floor instead of the jacket rack by the door... that was also on the ground with all his jackets...</p><p><br>\n<em>damn...</em>\n</p><p><br>\nYou quickly step over it and go into the kitchen, going into another drawer where you knew where there was a lot of keys. You grab the 6 keys and go to the back door, ONE of the keys HAD to work. You try and try until you get to the 4th one, and...</p><p><br>\n<em>click</em>\n</p><p><br>\nYou hear your heart racing faster than ever before, excitement crawling up your soul.</p><p>&nbsp;</p><p>Freedom, <strong>FINALLY</strong>!</p><p><br>\nYou hop over the fence and go to the coffee shop LITERALLY down the street and ask to use their phone to book you a flight out of the country.</p>\n  ","\n      <h3 class=\"landmark heading\" id=\"work\">Chapter Text</h3>\n    <p>You ended up ditching the knife before reaching the airport, telling yourself it was for the best that it was left behind, but kept your pepper spray just in case, only putting it in your back pack and letting security know that you had it.</p>\n<p><br>You now sat on a plane, tapping a song to yourself happily on the seat. <br>Its been hours and no one signs of him, and there's never going to be anymore.<br>A sigh in exasperation escapes your lips along with a small smile.</p>\n<p><br>Someone sits next to you uncerimoniously and you flinch before looking up at them, he wore a white dress blazer with a pink shirt underneath, brown slickback hair, age wrinkled at his eyes and mouth but you could say that it complemented him. A man with blonde hair sat on the other side of the asile. He tilted his body to look at you before taking a breather and settling down.</p>\n<p><br>The older man spoke up, \"Excuse my friend, he is rather protective of me.\"</p>\n<p><br>You blush as your eyes meet and you nod and look down at your shoes.</p>\n<p><br>\"Are you visiting someone in Ergastulum?\" He watches carefully of your face, this man you picked up was definitely more than what he put on...<br>You shake your head casually.</p>\n<p><br>\"Moving then?\" He smiled in anticipation.</p>\n<p><br>You nod and his lips curve into a large smile, \"Good to hear! We need more beautiful women living around there anyways!\" He left out a hearty laugh and you couldn't help but smile in return.</p>\n<p><br>\"You don't talk much do you?\" He smirked casually.</p>\n<p><br>You put your hands up to your throat and shook your head.</p>\n<p><br>His eyes opened in surprise, \"Were you born that way?\" <br>When you were about to answer you hear a ping and the light to put the seatbelts on lit and you sat back, reaching and clicking in. When you looked over to him, he was already clicked in and patiently awaiting your answer as he watching you musingly.<br>You blushed again but shook your head in an answer to him finally.</p>\n<p><br>\"I'm sorry to hear that... Do you know sign language at least?\" <br><em>That WAS on the schedule...</em></p>\n<p><br>He hummed as he took you putting you head down as a 'no'.</p>\n<p><br>\"Hmmm... I think I might know someone who could help you.\"<br>Your face lit up at this and you beamed at him, a gracious smile all over your face.</p>\n<p><br>At this he chuckled, \"Yes, he's a well known guy and I'm sure he could help you. Once you get the hang of things I'm sure his partner could help you on a more advanced level. To correct things, more or less.\"</p>\n<p><br>You nodded appriciatively to him, mouthing thank you at least once or twice.<br>\"Could I ask how you lost your voice?\" His eyes watched carefully as you felt the plane take off, the question throwing you off as well as the nervousness from the plane lifting hitting you like a double whammy. Once the initial take off was established you calmed and detacted your nails from the seat.<br>You faced him again... Figuring out a way of how to tell him, you were always pretty good at charades.<br>You place both your hands on your neck gently, he watched you and the curiosity that was on his face was then placed with horror.</p>\n<p><br>\"Someone strangled you?\" <br>You nod slowly and look away, your eyes spotting a pencil and newspaper. You grab them and place the table down, writing down on the newspaper.<br><em>I can barely speak, but its very soft and hurts my throat. It tends to fade in and out of audibility.</em><br>He read the writing and nodded his head slowly, \"Ahhh, okay. I understand now. Good thinking with the pen and paper there.\"</p>\n<p><br>You gleam to his praise, gosh its been too long since you've talked to someone, let alone someone new!</p>\n<p><br>\\\\// \\\\// After hours of chatting and exchanging information... \\\\// \\\\//</p>\n<p><br>Finally the plane lands and the sun was just reaching the mountains in sunrise.<br>\"Do you have soewhere to be right now, Miss [Y/N]?\" You turn to the man who you came to know as Daniel.</p>\n<p><br>You turn to face him and his partner and shake your head, his partners eyes watching the premises with a keen eye.<br>\"Good to hear! Why not join me for breakfast and we could talk about the arrangements here and how it works around here?\"<br>You nod your head happily and he leads the way as we meet up with more men in black suits, they seemed happy to see Daniel as he walked through the airport doors.</p>\n<p><br>\"Hey Delico, call up the Benriya, tell them I have a job for them and to meet me in an hour at the house.\"<br>\"Yes sir.\" and he did just that taking out his cell phone, making the call as we kept our pace of speed.</p>\n<p><br>\"If its anyone that could help, it's them.\"<br>You nod to him and soon he led you to a building, he opened the door and you were met with a classy club house like place.<br>\"Angie get her and I some water, also a pen and paper, will ya doll?\" Daniel said and led you to a table with a couple other chairs surrounding it.<br>\"Right away sir.\" She winked at him and went to the back, where you assumed was a kitchen.</p>\n<p><br>He pulled out a chair and you sat in it, nodding you head to him in thanks.<br>He sat across from you with an amused smile and the woman set down two glasses of water with the pen and paper and smiled at us both before going behind the counter again.</p>\n<p><br>He slid the pen and paper to me, \"Tell me what kind of place you're looking for, and the good traits or previous job experiences you had.\"<br>You think upon the question for a place you want, you finally scribble down,<em> Affordable.</em> and right under it you put your job experiences.</p>\n<p><br>You slid the parchment back to him and he scoffed, \"Affordable is going to get you killed.\" He scratched his chin for a good minute and soon the doors of where we went through opened and two figures came in, \"Worrick! Nicolas! You're early!\" Daniel rose from his seat to greet them a couple steps away from the table.</p>\n<p><br>One was a very tall and quite the handsome man, white button down shirt with a few buttons unceremoniously unbuttoned with black dress pants. Long blonde hair with half of it pulled into a ponytail and a intimidating black eye patch on his left eye. His right eye the color of a striking blue as it left Daniel and over to you briefly before settling back on Daniel.</p>\n<p><br>The other next to him, to your surprise you met eyes with him as he was staring at you this whole time you were sizing up his friend and blush in embarrassment. He was a lot shorter than the other man, probably a couple inches taller than you even. He had black messy hair and tanner skin than his friends' pale complexion. Brown eyes seeming to bore into you, a smile going across his face slightly and then broken away as his friend waved a hand in front of his face.</p>\n<p><br>He hummed in response and you saw the two sign together, <em>So these were the guys who're supposed to help me...?</em></p>\n<p><br>The taller one turned to you in smile and took a seat across from you, \"So, you're wanting to learn sign language huh?\"<br>You nod in agreement and the tall one's friend sits next to him.</p>\n<p><br>\"Well, my name is Worick, this is Nicolas.\" He presses his hands to his chest as he introduced himself and pointed a thumb to his friend.<br>You wave at the two of them, feeling awkward already.</p>\n<p><br>Daniel sits down with us and puts down a piece of paper with an address written on it, \"Consider it a gift. It's close to the small store and a pretty safe street so you don't have to worry too much. Just pay $230 a month and you'll be fine.\"</p>\n<p><br>Worrick glances at the paper and looks up at Daniel, \"Well I'm glad I kicked those hooligans out then if she's going to live there.\" <br>Daniel seemed to make an 'irk' sound and look in Woricks direction with a half hearted steaming look.</p>\n<p><br>Worick sweat dropped with a small chuckle and looked back to you, \"Alright. So here's the deal. Since you're just moving in, we could show you around and teach you a few things, let alone you aren't very far from our place so it won't be a problem if you ever need our help with anything. I work on weekends Friday to Sunday and randomly on the weekdays. Depends on what kind of handiwork you're looking for.~\"</p>\n<p><br>You slowly processed his words and blushed to figuring is words, then scribbled on you and Daniel's previous piece of paper, <em>What are the things I need to worry about here? And it's okay! I'm not really looking for THAT kind of handiwork, thanks anyways.</em></p>\n<p>He read the small handwriting and chuckled, \"Well, when Nicolas or I are around, you don't really have much to worry about. Other than that its just small things like a thug, or prostitute. Nothing too bad.\"<br>You nod breifly as you try to keep as much eye contact with him, you then try to think of any other question, finally after a minute of thinking under the eyes of the men around you, you scribble on the paper and shove it to Daniel <em>Is the place furnished?</em></p>\n<p><br>\"Uhhhh, not that I know of.\" He responds and you let out a huff through your nose in a mock sigh.</p>\n<p><br>\"We could lend you a spare mattress down in the basement if you want. I mean that's all we can really work with for now.\" Worick offers as he glimpses your note and scratches the back of his head.<br>You nod to Worick and write a <em>thank you</em> with a happy face.</p>\n<p>\\\\// \\\\// Half an hour later... \\\\// \\\\//</p>\n<p>Soon your meeting with the three of them ended, agreeing to yourself that you need to go get some furniture once you get a job, but for now the bed that Worick said he would give you seemed like a good plan for now.</p>\n<p><br>You ended up leaving with Worick and Nicolas, Worick leading the way and Nicolas behind you, \"It's really funny that you decided to come at this time...\" Worick says, probably trying to strike up conversation, he kinda glanced back, where you could see his eye patch and a big goofy grin but only for it to falter and for him to sweat drop, \"That's right, your voice is gone... Hmmm.\" He faced ahead again, thinking and then shrugged.<br>Honestly I don't know to who, but I'm sure to himself...</p>\n<p><br>\"These streets, be sure to walk either in the public of people or at least with some self defense.\" <br>You take off the backpack and rummage through your items and finally you grasp you pepper spray and jog up next to him, Nicolas caught your wrist instead before you could get close to him and you look back to the shorter man with a questioning look as Nicolas seemed to growl at you and both you stop.<br>Worick looked back and stopped as well once he noticed you two stopped, Nicolas signed quickly to Worick and Worick sighed in response and signed back to him.</p>\n<p><br>You look to Worick and sheepishly held up the pepper spray shaking it slightly.</p>\n<p><br>\"Ahhhh, so you came prepared! Good to know.\" Worick winked, \"Were you going to show me that you had that?\"<br>You nod, putting it away and blush noticing Nicolas's hand is still on your wrist and pull away, but he doesn't let go and your eyes meet when you pouted at him, puffing out your cheeks.</p>\n<p><br>What surprised you is when he grinned and seemed to chuckle, his hand lets go of yours but goes up to your nose and pinches it firmly on the bridge.<br>You make a disgruntled, surprised cry that made your throat hurt and even Worick turn around with surprise and place your hands on his single hand as your backpack slid down to your elbow.</p>\n<p><br>Worick chuckles seeing you weren't really hurt and Nicolas frees your now abused nose with what you knew as a chuckle now, you rub it squinting your eyes at him as he walked ahead with Worick,<em> I just keep getting myself into trouble...</em> You huff out your nose and followed them closely.</p>\n  "],"summary":[]},"summary":"\"Are you sure this is something you want?\" Woricks eyes watched your face, anything to probably give away to the nervousness bubbling in your tummy.<br>But you nodded either way with newly set determination in your eyes.<br>Nicolas smirked and handed you your weapon.<br>This is the beginning to the end.","stats":{"language":"English","words":2,"hits":1,"kudos":0,"bookmarks":0,"comments":0,"chapters":{"released":2,"total":null}},"tags":{"warnings":[{"name":"Graphic Depictions Of Violence","url":"http://archiveofourown.org/tags/Graphic%20Depictions%20Of%20Violence/works"},{"name":"Major Character Death","url":"http://archiveofourown.org/tags/Major%20Character%20Death/works"}],"relationships":[{"name":"Nicolas Brown/Reader","url":"http://archiveofourown.org/tags/Nicolas%20Brown*s*Reader/works"},{"name":"Worick Arcangelo/Reader","url":"http://archiveofourown.org/tags/Worick%20Arcangelo*s*Reader/works"}],"characters":[{"name":"Reader","url":"http://archiveofourown.org/tags/Reader/works"},{"name":"Nicolas Brown","url":"http://archiveofourown.org/tags/Nicolas%20Brown/works"},{"name":"Worick Arcangelo","url":"http://archiveofourown.org/tags/Worick%20Arcangelo/works"},{"name":"Daniel Monroe (Gangsta.)","url":"http://archiveofourown.org/tags/Daniel%20Monroe%20(Gangsta*d*)/works"},{"name":"Nina (Gangsta.)","url":"http://archiveofourown.org/tags/Nina%20(Gangsta*d*)/works"},{"name":"Theo (Gangsta.)","url":"http://archiveofourown.org/tags/Theo%20(Gangsta*d*)/works"},{"name":"Delico (Gangsta.)","url":"http://archiveofourown.org/tags/Delico%20(Gangsta*d*)/works"}],"freeforms":[{"name":"Reader-Insert","url":"http://archiveofourown.org/tags/Reader-Insert/works"},{"name":"Smutt","url":"http://archiveofourown.org/tags/Smutt/works"},{"name":"Eventual Smut","url":"http://archiveofourown.org/tags/Eventual%20Smut/works"},{"name":"Eventual Relationships","url":"http://archiveofourown.org/tags/Eventual%20Relationships/works"},{"name":"Fluff","url":"http://archiveofourown.org/tags/Fluff/works"},{"name":"Teasing","url":"http://archiveofourown.org/tags/Teasing/works"},{"name":"Crime Fighting","url":"http://archiveofourown.org/tags/Crime%20Fighting/works"}]}}