{"title":"Slow Motion","id":5756239,"url":"http://www.archiveofourown.com/works/5756239","author":"Aelilim (as_a_cloud)","author_url":"http://archiveofourown.org/users/as_a_cloud/pseuds/Aelilim","date":"2016-01-18T05:00:00.000Z","fanfic":{"story":[],"summary":[]},"summary":"La falta de privacidad puede afectar a toda relación. Sabiendo esto, Jimin, con ayuda de Taehyung, planea la noche perfecta para Suga y él.","stats":{"language":"Español","words":9,"hits":25,"kudos":1,"bookmarks":0,"comments":0,"chapters":{"released":1,"total":1}},"tags":{"warnings":[{"name":"Creator Chose Not To Use Archive Warnings","url":"http://archiveofourown.org/tags/Choose%20Not%20To%20Use%20Archive%20Warnings/works"}],"relationships":[{"name":"Min Yoongi | Suga/Park Jimin","url":"http://archiveofourown.org/tags/Min%20Yoongi%20%7C%20Suga*s*Park%20Jimin/works"}],"characters":[{"name":"Min Yoongi | Suga","url":"http://archiveofourown.org/tags/Min%20Yoongi%20%7C%20Suga/works"},{"name":"Park Jimin (BTS)","url":"http://archiveofourown.org/tags/Park%20Jimin%20(BTS)/works"}],"freeforms":[{"name":"Alternate Universe - Canon","url":"http://archiveofourown.org/tags/Alternate%20Universe%20-%20Canon/works"},{"name":"Established Relationship","url":"http://archiveofourown.org/tags/Established%20Relationship/works"},{"name":"Porn with Feelings","url":"http://archiveofourown.org/tags/Porn%20with%20Feelings/works"}]}}