{"title":"Our World","id":5756686,"url":"http://www.archiveofourown.com/works/5756686","author":"FunkyinFishnet","author_url":"http://archiveofourown.org/users/FunkyinFishnet/pseuds/FunkyinFishnet","date":"2016-01-18T05:00:00.000Z","fanfic":{"story":[],"summary":[]},"summary":"Valtteri Bottas is a unique Were – he can sometimes stand his family’s touch but no one else’s. He has never wanted a mate. Then one day, when he’s working at the ice rink, he meets Kevin Magnussen.","stats":{"language":"English","words":2,"hits":7,"kudos":0,"bookmarks":0,"comments":0,"chapters":{"released":1,"total":1}},"tags":{"warnings":[{"name":"No Archive Warnings Apply","url":"http://archiveofourown.org/tags/No%20Archive%20Warnings%20Apply/works"}],"relationships":[{"name":"Valtteri Bottas/Kevin Magnussen","url":"http://archiveofourown.org/tags/Valtteri%20Bottas*s*Kevin%20Magnussen/works"}],"characters":[{"name":"Valtteri Bottas","url":"http://archiveofourown.org/tags/Valtteri%20Bottas/works"},{"name":"Kevin Magnussen","url":"http://archiveofourown.org/tags/Kevin%20Magnussen/works"}],"freeforms":[{"name":"Alternate Universe - Werewolf","url":"http://archiveofourown.org/tags/Alternate%20Universe%20-%20Werewolf/works"},{"name":"Family","url":"http://archiveofourown.org/tags/Family/works"},{"name":"Relationship(s)","url":"http://archiveofourown.org/tags/Relationship(s)/works"},{"name":"Werewolf Mates","url":"http://archiveofourown.org/tags/Werewolf%20Mates/works"},{"name":"Asexual Character","url":"http://archiveofourown.org/tags/Asexual%20Character/works"}]}}