{"title":"Wet Work","id":5756617,"url":"http://www.archiveofourown.com/works/5756617","author":"akamww3","author_url":"http://archiveofourown.org/users/akamww3/pseuds/akamww3","date":"2016-01-18T05:00:00.000Z","fanfic":{"story":[],"summary":[]},"summary":"It had been ages since a brewing situation called for Mycroft Holmes to do wet work - not since those long ago days when having an aptitude for legwork had been crucial to prove oneself worthy of a position with the nation’s security service.  But sometimes taking on a bit of wet work was still the most optimal course of action for the situation at hand - depending, of course, on how one defines the term …","stats":{"language":"English","words":5,"hits":7,"kudos":0,"bookmarks":0,"comments":0,"chapters":{"released":1,"total":1}},"tags":{"warnings":[{"name":"No Archive Warnings Apply","url":"http://archiveofourown.org/tags/No%20Archive%20Warnings%20Apply/works"}],"relationships":[{"name":"Mycroft Holmes/Molly Hooper","url":"http://archiveofourown.org/tags/Mycroft%20Holmes*s*Molly%20Hooper/works"}],"characters":[{"name":"Mycroft Holmes","url":"http://archiveofourown.org/tags/Mycroft%20Holmes/works"},{"name":"Molly Hooper","url":"http://archiveofourown.org/tags/Molly%20Hooper/works"},{"name":"Anthea (Sherlock)","url":"http://archiveofourown.org/tags/Anthea%20(Sherlock)/works"},{"name":"Original Characters","url":"http://archiveofourown.org/tags/Original%20Characters/works"}],"freeforms":[{"name":"Mollcroft","url":"http://archiveofourown.org/tags/Mollcroft/works"},{"name":"Pre-Relationship","url":"http://archiveofourown.org/tags/Pre-Relationship/works"},{"name":"Sex (Mature/Explicit?)","url":"http://archiveofourown.org/tags/Sex%20(Mature*s*Explicit*q*)/works"},{"name":"Oral Sex","url":"http://archiveofourown.org/tags/Oral%20Sex/works"},{"name":"Brief Swearing by Mycroft and Molly","url":"http://archiveofourown.org/tags/Brief%20Swearing%20by%20Mycroft%20and%20Molly/works"}]}}