{"title":"Cats in Tokyo","id":5756305,"url":"http://www.archiveofourown.com/works/5756305","author":"My_Black_Crimson_Rose6","author_url":"http://archiveofourown.org/users/My_Black_Crimson_Rose6/pseuds/My_Black_Crimson_Rose6","date":"2016-01-18T05:00:00.000Z","fanfic":{"story":[],"summary":[]},"summary":"The University student spared a glance around the area, deeming it fit enough before gathering his love into his arms in a firm embrace. “Bokuto’s been in a love-y mood for the last few days,” he whispered, pecking the blond’s jaw quickly before pulling away.<br>“I wasn’t expecting it,” is all Tsukishima could say, now far more used to Bokuto’s moods than he was the year prior. It helped that he spent most of his free time over at the apartment, watching how all three of them reacted and slowly being eased into the fold.","stats":{"language":"English","words":2,"hits":23,"kudos":2,"bookmarks":0,"comments":0,"chapters":{"released":1,"total":1}},"tags":{"warnings":[{"name":"No Archive Warnings Apply","url":"http://archiveofourown.org/tags/No%20Archive%20Warnings%20Apply/works"}],"relationships":[{"name":"Kuroo Tetsurou/Tsukishima Kei","url":"http://archiveofourown.org/tags/Kuroo%20Tetsurou*s*Tsukishima%20Kei/works"}],"characters":[{"name":"Kuroo Tetsurou","url":"http://archiveofourown.org/tags/Kuroo%20Tetsurou/works"},{"name":"Tsukishima Kei","url":"http://archiveofourown.org/tags/Tsukishima%20Kei/works"},{"name":"Bokuto Koutarou","url":"http://archiveofourown.org/tags/Bokuto%20Koutarou/works"},{"name":"Tanaka Ryuunosuke","url":"http://archiveofourown.org/tags/Tanaka%20Ryuunosuke/works"},{"name":"Nishinoya Yuu","url":"http://archiveofourown.org/tags/Nishinoya%20Yuu/works"},{"name":"Yamaguchi Tadashi","url":"http://archiveofourown.org/tags/Yamaguchi%20Tadashi/works"},{"name":"Hinata Shouyou","url":"http://archiveofourown.org/tags/Hinata%20Shouyou/works"},{"name":"Kozume Kenma","url":"http://archiveofourown.org/tags/Kozume%20Kenma/works"},{"name":"Both Nekoma and Karasuno Volleyball teams","url":"http://archiveofourown.org/tags/Both%20Nekoma%20and%20Karasuno%20Volleyball%20teams/works"}],"freeforms":[{"name":"Kittens","url":"http://archiveofourown.org/tags/Kittens/works"},{"name":"Volleyball","url":"http://archiveofourown.org/tags/Volleyball/works"},{"name":"Nerds the lot of them","url":"http://archiveofourown.org/tags/Nerds%20the%20lot%20of%20them/works"},{"name":"mentions of! Asanoya and Bokaashi","url":"http://archiveofourown.org/tags/mentions%20of!%20Asanoya%20and%20Bokaashi/works"},{"name":"The kittens are now their babies","url":"http://archiveofourown.org/tags/The%20kittens%20are%20now%20their%20babies/works"},{"name":"its offical","url":"http://archiveofourown.org/tags/its%20offical/works"},{"name":"Kuroo and Tsukishima are cat daddies","url":"http://archiveofourown.org/tags/Kuroo%20and%20Tsukishima%20are%20cat%20daddies/works"},{"name":"Platonic Relationships","url":"http://archiveofourown.org/tags/Platonic%20Relationships/works"},{"name":"Platonic Kissing","url":"http://archiveofourown.org/tags/Platonic%20Kissing/works"},{"name":"Fluff","url":"http://archiveofourown.org/tags/Fluff/works"}]}}