{"query":{"npages":100,"url":"https://archiveofourown.org/works/search?utf8=%E2%9C%93&work_search%5Bquery%5D=&work_search%5Btitle%5D=&work_search%5Bcreator%5D=&work_search%5Brevised_at%5D=&work_search%5Bcomplete%5D=0&work_search%5Bsingle_chapter%5D=0&work_search%5Bword_count%5D=%3E300&work_search%5Blanguage_id%5D=1&work_search%5Bfandom_names%5D=&work_search%5Brating_ids%5D=&work_search%5Bcharacter_names%5D=&work_search%5Brelationship_names%5D=&work_search%5Bfreeform_names%5D=&work_search%5Bhits%5D=&work_search%5Bkudos_count%5D=&work_search%5Bcomments_count%5D=&work_search%5Bbookmarks_count%5D=&work_search%5Bsort_column%5D=&work_search%5Bsort_direction%5D=&commit=Search"},"curr_url":"http://www.archiveofourown.com/works/search?commit=Search&page=101&utf8=%E2%9C%93&work_search%5Bbookmarks_count%5D=&work_search%5Bcharacter_names%5D=&work_search%5Bcomments_count%5D=&work_search%5Bcomplete%5D=0&work_search%5Bcreator%5D=&work_search%5Bfandom_names%5D=&work_search%5Bfreeform_names%5D=&work_search%5Bhits%5D=&work_search%5Bkudos_count%5D=&work_search%5Blanguage_id%5D=1&work_search%5Bpage%5D=100&work_search%5Bquery%5D=&work_search%5Brating_ids%5D=&work_search%5Brelationship_names%5D=&work_search%5Brevised_at%5D=&work_search%5Bshow_restricted%5D=false&work_search%5Bsingle_chapter%5D=0&work_search%5Bsort_column%5D=&work_search%5Bsort_direction%5D=&work_search%5Btitle%5D=&work_search%5Bword_count%5D=%3E300","curr_idx":100}